Marital_status,Application_mode,Application_order,Course,Daytime/evening_attendance,Previous_qualification,Previous_qualification_grade,Admission_grade,Nacionality,Mother's_qualification,Father's_qualification,Mother's_occupation,Father's_occupation,Displaced,Educational_special_needs,Debtor,Tuition_fees_up_to_date,Gender,Scholarship_holder,Age_at_enrollment,International,Curricular_units_1st_sem_credited,Curricular_units_1st_sem_enrolled,Curricular_units_1st_sem_evaluations,Curricular_units_1st_sem_approved,Curricular_units_1st_sem_without_evaluations,GDP,Inflation_rate,Unemployment_rate,at_risk
1,17,5,171,1,1,122.0,127.3,1,19,12,5,9,1,0,0,1,1,0,20,0,0,0,0,0,0,1.74,1.4,10.8,1
1,15,1,9254,1,1,160.0,142.5,1,1,3,3,3,1,0,0,0,1,0,19,0,0,6,6,6,0,0.79,-0.3,13.9,0
1,1,5,9070,1,1,122.0,124.8,1,37,37,9,9,1,0,0,0,1,0,19,0,0,6,0,0,0,1.74,1.4,10.8,1
1,17,2,9773,1,1,122.0,119.6,1,38,37,5,3,1,0,0,1,0,0,20,0,0,6,8,6,0,-3.12,-0.8,9.4,0
2,39,1,8014,0,1,100.0,141.5,1,37,38,9,9,0,0,0,1,0,0,45,0,0,6,9,5,0,0.79,-0.3,13.9,0
2,39,1,9991,0,19,133.1,114.8,1,37,37,9,7,0,0,1,1,1,0,50,0,0,5,10,5,0,-0.92,0.3,16.2,0
1,1,1,9500,1,1,142.0,128.4,1,19,38,7,10,1,0,0,1,0,1,18,0,0,7,9,7,0,-4.06,2.8,15.5,0
1,18,4,9254,1,1,119.0,113.1,1,37,37,9,9,1,0,0,0,1,0,22,0,0,5,5,0,0,-4.06,2.8,15.5,1
1,1,3,9238,1,1,137.0,129.3,62,1,1,9,9,0,0,0,1,0,1,21,1,0,6,8,6,0,-0.92,0.3,16.2,0
1,1,1,9238,1,1,138.0,123.0,1,1,19,4,7,1,0,1,0,0,0,18,0,0,6,9,5,0,3.51,1.4,8.9,1
1,1,1,9670,1,1,139.0,130.6,1,38,19,5,7,1,0,0,1,0,0,18,0,0,6,6,6,0,0.79,-0.3,13.9,0
1,1,1,9500,1,1,136.0,119.3,1,19,38,9,9,1,0,0,1,0,1,18,0,0,8,8,7,0,-1.7,3.7,12.7,0
1,1,2,9853,1,1,133.0,130.2,1,19,37,4,9,1,0,0,1,0,0,19,0,0,6,6,0,0,-1.7,3.7,12.7,1
1,53,1,9254,1,42,110.0,111.8,1,1,1,4,7,1,0,0,1,0,1,21,0,0,6,7,6,0,3.51,1.4,8.9,0
1,1,1,9085,1,1,149.0,137.1,1,38,37,5,5,1,0,0,1,0,1,18,0,0,5,7,4,0,1.74,1.4,10.8,0
1,1,1,9773,1,1,127.0,120.7,1,19,37,9,3,1,0,0,1,0,0,20,0,0,6,6,5,0,-4.06,2.8,15.5,1
1,18,1,9238,1,1,137.0,137.4,1,19,38,5,8,1,0,0,1,0,0,18,0,0,6,10,1,0,1.74,1.4,10.8,0
1,17,2,9500,1,1,135.0,127.3,1,19,1,5,4,1,0,0,1,0,0,18,0,0,7,8,7,0,-4.06,2.8,15.5,0
1,1,1,9130,1,1,137.0,136.3,1,3,19,3,5,1,0,0,1,0,0,20,0,0,5,8,4,1,1.74,1.4,10.8,0
1,1,1,9853,1,1,140.0,124.6,1,19,19,7,7,1,0,0,1,0,0,18,0,0,7,7,6,0,-0.92,0.3,16.2,0
1,1,3,171,1,1,122.0,120.3,1,1,1,9,8,0,0,0,1,0,1,21,0,0,0,0,0,0,2.02,0.6,11.1,0
1,18,4,9556,1,1,127.0,121.8,1,1,38,4,7,1,0,0,1,0,0,20,0,0,7,14,7,0,-1.7,3.7,12.7,0
1,1,4,9500,1,1,142.0,125.5,1,19,19,1,1,1,0,0,1,0,0,18,0,0,8,12,7,0,-1.7,3.7,12.7,0
1,1,4,9670,1,1,125.0,114.9,1,1,38,4,7,1,0,0,1,0,1,19,0,0,6,8,6,0,2.02,0.6,11.1,0
1,1,1,9500,1,1,126.0,123.9,1,19,19,3,7,0,0,0,1,0,0,19,0,0,7,8,6,0,2.02,0.6,11.1,0
1,1,1,9238,1,1,151.0,157.0,1,19,38,9,9,1,0,1,1,0,1,18,0,0,6,8,5,0,0.32,2.6,7.6,0
1,17,2,9238,1,1,115.0,116.4,1,19,38,7,8,1,0,0,1,0,0,21,0,0,6,9,6,0,-0.92,0.3,16.2,0
1,1,1,9085,1,1,138.0,131.0,1,19,19,3,3,1,0,0,1,0,0,18,0,0,5,9,5,2,-3.12,-0.8,9.4,0
1,1,1,9147,1,1,135.0,122.1,1,19,1,9,9,1,0,0,1,0,0,20,0,0,5,6,5,0,-0.92,0.3,16.2,0
1,17,2,9500,1,1,127.0,118.8,1,3,3,1,10,1,0,0,1,1,0,19,0,0,7,9,6,0,-0.92,0.3,16.2,0
1,44,1,9003,1,39,150.0,150.0,1,4,5,4,2,0,0,0,1,1,0,21,0,0,6,15,5,0,-0.92,0.3,16.2,0
1,51,1,9070,1,1,125.0,130.0,1,42,3,125,124,1,0,0,1,1,0,20,0,2,6,7,6,0,3.51,1.4,8.9,0
1,1,1,9147,1,1,143.0,138.8,1,1,1,4,6,0,0,0,0,1,0,18,0,0,5,9,3,0,3.51,1.4,8.9,0
1,18,1,8014,0,1,138.0,134.5,1,19,1,9,5,1,0,0,1,0,0,19,0,0,6,6,6,0,1.79,0.5,12.4,0
1,1,1,9991,0,1,130.0,131.4,1,2,37,3,9,0,0,0,1,1,0,34,0,0,5,6,5,0,0.79,-0.3,13.9,0
1,39,1,33,1,1,130.0,102.5,1,38,37,9,6,0,0,1,0,1,0,37,0,0,7,7,0,0,3.51,1.4,8.9,1
1,39,1,9119,1,10,133.1,128.8,1,34,37,0,0,1,0,0,1,1,0,43,0,0,5,0,0,0,0.32,2.6,7.6,1
1,43,1,9147,1,1,140.0,122.9,1,37,37,6,6,0,0,0,1,0,0,55,0,0,5,10,1,0,-0.92,0.3,16.2,1
4,39,1,9991,0,1,120.0,113.9,1,19,19,9,3,1,0,0,1,0,0,39,0,0,5,8,5,0,0.32,2.6,7.6,0
1,44,1,9130,1,39,120.0,120.0,6,4,4,3,6,0,0,1,0,0,0,20,1,2,6,13,3,0,1.79,0.5,12.4,1
1,1,5,9773,1,1,126.0,121.1,1,3,3,2,2,0,0,1,1,0,0,18,0,0,6,6,4,0,-1.7,3.7,12.7,1
1,1,2,9147,1,1,133.0,120.4,1,3,19,2,7,1,0,0,1,0,0,22,0,0,5,5,5,0,3.51,1.4,8.9,0
1,1,6,9500,1,1,103.0,100.6,1,1,3,2,2,1,1,0,1,0,0,22,0,0,7,9,5,0,2.02,0.6,11.1,0
1,17,1,9773,1,1,120.0,121.4,1,1,38,5,5,0,0,0,0,0,0,20,0,0,6,7,4,0,1.79,0.5,12.4,1
1,39,1,9991,0,1,133.1,109.7,1,37,37,9,9,0,0,0,1,0,0,29,0,0,5,0,0,0,-0.92,0.3,16.2,1
1,17,1,9991,0,1,154.0,134.1,1,38,38,4,5,0,0,0,1,0,0,24,0,0,5,9,2,0,0.32,2.6,7.6,0
1,17,2,9238,1,1,130.0,127.6,1,19,19,9,9,1,0,0,1,0,0,18,0,0,6,6,6,0,2.02,0.6,11.1,0
1,17,6,9500,1,1,132.0,132.4,1,37,19,7,7,1,0,0,1,0,1,22,0,0,7,8,6,0,2.02,0.6,11.1,0
1,44,1,8014,0,39,130.0,133.4,1,1,19,9,9,0,0,0,1,0,1,21,0,3,6,6,6,0,1.79,0.5,12.4,0
1,1,1,9238,1,1,139.0,126.1,1,37,38,9,9,0,0,0,1,0,1,19,0,0,6,7,5,0,-1.7,3.7,12.7,0
1,39,1,9254,1,1,130.0,113.5,1,19,38,9,7,0,0,0,1,0,1,24,0,0,6,6,6,0,1.79,0.5,12.4,0
1,1,1,9500,1,1,139.0,121.3,1,37,38,6,6,1,0,0,1,0,1,19,0,0,8,10,6,0,-3.12,-0.8,9.4,0
1,1,1,9773,1,1,127.0,121.8,1,1,19,7,7,1,0,0,1,0,1,20,0,0,6,11,4,0,-3.12,-0.8,9.4,0
1,1,3,9130,1,1,167.0,159.3,1,37,37,90,90,0,0,0,1,0,0,19,0,0,5,7,5,0,0.32,2.6,7.6,0
1,39,1,9991,0,1,130.0,120.0,1,38,38,9,9,0,0,0,1,0,0,27,0,0,5,12,5,0,-3.12,-0.8,9.4,1
1,1,1,9500,1,1,130.0,129.1,1,1,19,5,5,1,0,0,1,0,0,18,0,0,7,9,7,0,-4.06,2.8,15.5,0
2,7,1,9254,1,3,130.0,130.0,1,1,3,4,3,0,0,0,1,0,0,39,0,0,6,10,0,0,1.79,0.5,12.4,1
1,39,1,9130,1,40,129.0,155.3,1,3,3,2,2,1,0,0,1,0,0,27,0,0,6,9,5,0,1.79,0.5,12.4,1
1,17,1,9500,1,1,141.0,139.8,1,38,38,7,10,1,0,0,1,0,0,18,0,0,8,8,8,0,-3.12,-0.8,9.4,0
1,1,3,171,1,1,125.0,115.2,1,38,37,4,9,1,0,0,1,0,0,18,0,0,0,0,0,0,0.32,2.6,7.6,0
1,1,2,9500,1,1,125.0,114.9,1,19,19,9,9,0,0,0,1,0,0,18,0,0,7,8,6,0,-0.92,0.3,16.2,0
1,44,1,9238,1,39,130.0,131.9,1,19,1,9,9,0,0,0,1,0,1,21,0,3,6,7,6,0,0.79,-0.3,13.9,0
1,17,3,171,1,1,133.0,126.0,1,1,37,4,7,1,0,0,1,1,1,19,0,0,0,0,0,0,1.74,1.4,10.8,0
1,17,1,9070,1,1,127.0,130.2,1,1,1,3,4,1,0,0,1,1,0,19,0,0,6,6,5,0,1.74,1.4,10.8,0
1,43,1,9070,1,1,116.0,120.9,1,1,1,3,3,0,0,0,1,1,0,24,0,0,6,6,0,0,-1.7,3.7,12.7,0
4,42,1,9500,1,19,133.1,126.0,1,1,1,5,5,1,0,0,1,1,0,29,0,2,7,10,5,0,0.79,-0.3,13.9,1
1,1,3,171,1,1,139.0,128.2,1,19,19,5,3,1,0,0,1,1,1,19,0,0,0,0,0,0,1.74,1.4,10.8,0
1,44,1,9003,1,39,130.0,130.0,1,19,37,9,9,1,0,0,1,1,0,23,0,0,6,8,6,0,3.51,1.4,8.9,0
1,1,3,9147,1,1,125.0,120.1,1,1,38,7,7,0,0,1,1,1,0,19,0,0,5,8,5,0,-0.92,0.3,16.2,1
1,39,1,9254,1,1,160.0,100.0,1,19,37,7,10,0,0,0,1,1,0,26,0,0,6,7,6,0,-1.7,3.7,12.7,0
1,17,1,9147,1,1,148.0,134.0,1,38,37,5,5,0,0,0,1,1,0,18,0,0,5,9,0,0,0.32,2.6,7.6,0
1,17,1,9500,1,1,150.0,130.8,1,37,19,8,4,0,0,0,1,1,0,24,0,0,7,8,7,0,0.79,-0.3,13.9,0
1,1,1,171,1,1,141.0,135.8,1,19,19,5,10,1,0,0,1,1,0,19,0,0,0,0,0,0,-4.06,2.8,15.5,1
1,17,4,9254,1,1,118.0,111.7,1,38,37,5,7,1,0,0,1,1,0,18,0,0,6,12,3,0,1.79,0.5,12.4,1
1,1,2,9773,1,1,142.0,132.9,1,38,38,9,9,1,0,0,1,1,0,18,0,0,6,8,6,0,1.74,1.4,10.8,0
1,17,3,9147,1,1,120.0,115.5,1,19,19,4,7,1,0,1,1,1,0,18,0,0,5,8,3,0,1.74,1.4,10.8,1
1,18,4,9254,1,1,106.0,106.0,1,19,37,7,7,1,0,0,1,1,1,21,0,0,6,8,4,0,-3.12,-0.8,9.4,1
1,17,4,9773,1,1,121.0,120.3,1,1,19,9,8,1,0,1,1,1,1,19,0,0,6,6,6,0,3.51,1.4,8.9,0
1,17,4,9500,1,1,150.0,130.8,1,38,37,9,9,0,0,0,1,1,1,22,0,0,7,7,7,0,-0.92,0.3,16.2,0
2,39,1,8014,0,1,120.0,117.0,1,37,37,9,6,0,0,0,1,1,0,33,0,0,6,8,6,0,1.74,1.4,10.8,0
1,1,6,9853,1,1,114.0,110.2,1,19,19,9,9,1,0,0,1,1,0,20,0,0,6,8,5,0,1.74,1.4,10.8,1
1,39,1,9991,0,2,140.0,155.7,1,3,3,2,2,1,0,0,1,1,0,35,0,0,1,1,0,1,1.74,1.4,10.8,1
1,39,1,9003,1,4,160.0,180.4,1,3,3,4,2,0,0,1,1,1,0,24,0,6,12,17,6,0,1.79,0.5,12.4,1
1,17,1,9254,1,1,120.0,125.5,1,19,19,4,4,0,0,0,1,1,0,18,0,0,5,6,5,0,-1.7,3.7,12.7,0
2,39,1,8014,0,1,130.0,110.0,1,37,37,9,6,1,0,0,1,0,0,33,0,0,6,7,6,0,-3.12,-0.8,9.4,0
1,42,1,9500,1,1,160.0,161.0,1,37,38,9,7,1,0,0,1,0,1,22,0,0,8,8,7,0,1.74,1.4,10.8,0
1,39,1,9670,1,1,120.0,100.0,1,1,19,4,5,0,0,0,1,0,1,25,0,0,5,7,4,0,-3.12,-0.8,9.4,0
1,17,1,9070,1,1,124.0,117.6,1,19,38,4,0,1,0,0,1,1,0,20,0,0,6,9,6,1,0.32,2.6,7.6,0
1,1,6,9147,1,1,143.0,128.7,1,38,37,9,9,1,0,0,1,1,0,23,0,0,5,6,4,0,2.02,0.6,11.1,0
1,43,2,9119,1,1,115.0,112.2,1,38,19,9,6,1,0,1,1,1,0,18,0,0,5,9,2,0,-4.06,2.8,15.5,0
1,39,1,9500,1,1,133.1,100.8,1,1,1,4,10,0,0,0,1,1,0,24,0,0,7,18,0,0,0.79,-0.3,13.9,1
1,17,2,9773,1,1,133.1,105.0,41,19,1,9,9,1,0,0,0,0,0,21,1,0,6,6,6,0,3.51,1.4,8.9,0
1,15,1,9130,1,1,133.1,100.0,41,1,1,4,4,0,0,0,1,0,0,26,1,0,6,7,2,1,3.51,1.4,8.9,1
2,39,1,9853,1,10,133.1,115.5,1,37,34,0,0,0,0,0,1,0,0,39,0,0,6,12,3,0,0.32,2.6,7.6,1
2,39,1,8014,0,1,133.1,114.0,1,37,19,9,9,0,0,0,1,0,0,44,0,2,8,11,8,0,-1.7,3.7,12.7,0
1,15,1,9119,1,1,130.0,137.0,26,38,3,9,2,1,0,0,1,1,0,19,1,0,5,9,5,0,0.79,-0.3,13.9,0
1,1,5,9773,1,1,135.0,124.9,1,37,1,5,5,1,0,0,1,0,0,18,0,0,6,6,6,0,3.51,1.4,8.9,0
1,1,5,9500,1,1,132.0,120.3,1,37,37,7,7,1,0,0,1,0,1,18,0,0,7,7,7,0,1.79,0.5,12.4,0
1,1,1,9085,1,1,135.0,134.3,1,1,2,9,1,1,0,0,1,0,0,19,0,0,5,7,5,2,-1.7,3.7,12.7,0
1,1,4,9500,1,1,115.0,111.5,1,3,3,2,2,1,0,1,0,0,0,19,0,0,7,10,4,0,0.79,-0.3,13.9,1
1,53,1,9085,1,42,130.0,128.8,1,38,38,9,9,0,0,0,1,0,0,21,0,7,10,12,8,0,3.51,1.4,8.9,1
1,1,4,171,1,1,133.1,110.0,1,1,1,9,10,1,0,0,1,0,0,20,0,0,0,0,0,0,-0.92,0.3,16.2,0
2,39,1,8014,0,1,130.0,113.5,1,37,37,6,5,1,0,0,1,0,0,36,0,0,6,0,0,0,-3.12,-0.8,9.4,1
4,39,1,9003,1,12,133.1,160.0,1,37,37,9,6,0,0,0,1,0,0,43,0,13,18,19,18,0,-4.06,2.8,15.5,0
1,18,1,9853,1,1,123.0,117.4,1,19,19,9,7,1,0,0,1,0,0,19,0,0,6,0,0,0,2.02,0.6,11.1,1
1,51,1,9070,1,1,130.0,122.2,1,3,1,2,8,0,0,1,1,0,0,20,0,4,10,12,10,0,2.02,0.6,11.1,0
1,1,2,9238,1,1,122.0,118.2,1,37,38,4,7,1,0,0,1,0,0,19,0,0,6,0,0,0,-0.92,0.3,16.2,1
1,1,1,9085,1,1,113.0,106.7,1,1,1,4,4,1,0,0,1,0,0,20,0,0,6,15,4,0,-4.06,2.8,15.5,1
1,1,5,9500,1,1,111.0,108.2,1,3,4,4,3,1,0,0,1,0,0,20,0,2,7,9,6,0,1.79,0.5,12.4,1
1,17,2,9853,1,1,133.1,107.0,1,19,1,9,3,1,0,0,1,0,0,20,0,0,7,12,6,0,-0.92,0.3,16.2,0
1,1,1,9238,1,1,142.0,136.1,1,37,37,6,7,1,0,0,1,0,0,18,0,0,6,8,6,0,0.79,-0.3,13.9,0
1,17,2,9147,1,1,123.0,115.3,1,1,38,4,7,1,0,0,1,0,1,18,0,0,5,9,3,0,3.51,1.4,8.9,0
1,1,1,9085,1,1,131.0,139.8,1,19,19,9,9,1,0,0,1,0,0,19,0,0,5,6,5,0,1.74,1.4,10.8,0
1,1,3,9773,1,1,158.0,157.0,1,1,38,4,7,1,0,0,1,0,0,18,0,0,6,6,6,0,1.74,1.4,10.8,0
1,17,2,9500,1,1,122.0,131.0,1,37,37,9,9,1,0,0,1,0,0,18,0,0,7,7,6,1,0.32,2.6,7.6,1
1,43,1,9500,1,1,130.0,100.0,1,38,38,9,5,0,0,0,1,0,0,20,0,0,7,11,6,0,0.79,-0.3,13.9,0
1,17,1,9238,1,1,154.0,140.4,1,19,37,9,7,1,0,0,1,0,1,20,0,0,6,13,2,0,0.32,2.6,7.6,0
1,17,1,9147,1,1,120.0,113.4,1,19,19,3,3,0,0,0,1,0,0,20,0,0,5,11,3,0,1.79,0.5,12.4,0
1,1,2,9085,1,1,140.0,137.0,1,37,38,9,7,0,0,0,1,0,0,18,0,0,5,12,5,2,-3.12,-0.8,9.4,0
1,1,1,9147,1,1,127.0,121.8,1,2,19,4,5,0,0,0,1,0,0,18,0,0,5,5,5,0,2.02,0.6,11.1,0
1,17,1,9254,1,1,133.1,131.0,1,1,1,4,5,1,0,0,1,0,0,21,0,0,6,12,3,0,-3.12,-0.8,9.4,1
1,1,2,9147,1,1,120.0,118.6,1,19,19,9,7,1,0,0,1,0,0,19,0,0,5,8,5,0,-0.92,0.3,16.2,0
1,1,1,171,1,1,137.0,122.3,1,3,19,2,9,0,0,0,1,0,0,19,0,0,0,0,0,0,1.74,1.4,10.8,1
1,1,1,9670,1,1,131.0,127.9,1,38,38,9,9,0,0,0,1,0,1,19,0,0,5,5,5,0,-3.12,-0.8,9.4,0
1,1,1,9085,1,1,130.0,121.3,1,19,38,4,7,1,0,0,1,0,0,19,0,0,6,15,6,0,-4.06,2.8,15.5,0
1,17,6,9556,1,1,122.0,117.1,1,1,1,4,5,1,0,0,1,0,0,19,0,0,7,12,5,0,0.79,-0.3,13.9,1
1,44,1,9085,1,39,160.0,160.0,1,37,37,9,9,1,0,0,1,0,0,20,0,1,6,7,6,0,1.79,0.5,12.4,0
1,1,1,9853,1,1,146.0,145.3,1,19,38,9,3,1,0,0,1,0,1,18,0,0,6,8,5,0,-3.12,-0.8,9.4,0
1,17,3,9238,1,1,131.0,122.6,1,1,39,5,3,1,0,0,1,0,0,18,0,0,6,7,6,0,1.79,0.5,12.4,0
1,17,6,9500,1,1,132.0,128.0,1,1,37,8,9,1,0,0,1,0,0,19,0,0,7,7,7,0,1.79,0.5,12.4,0
1,1,3,9500,1,1,138.0,124.9,1,19,19,5,8,1,0,0,1,0,1,18,0,0,7,9,7,0,0.79,-0.3,13.9,1
1,17,2,9070,1,1,130.0,123.7,1,37,37,9,9,1,0,0,1,0,0,18,0,0,6,6,6,0,0.32,2.6,7.6,0
1,1,4,9147,1,1,126.0,120.1,1,1,19,4,8,1,0,0,1,0,0,19,0,0,5,7,5,0,3.51,1.4,8.9,0
1,17,6,9500,1,1,148.0,131.7,1,1,19,3,3,1,0,0,1,0,0,19,0,0,7,8,5,0,0.79,-0.3,13.9,1
1,43,1,9238,1,1,130.0,133.2,1,38,37,9,7,0,0,0,1,0,0,20,0,5,9,15,9,0,0.32,2.6,7.6,0
1,1,1,9670,1,1,117.0,109.3,1,1,38,3,9,0,0,1,0,0,1,19,0,0,6,7,5,0,1.79,0.5,12.4,1
1,17,1,9670,1,1,120.0,113.0,1,19,19,5,5,1,0,0,1,0,0,20,0,0,5,7,4,0,0.32,2.6,7.6,0
1,1,1,9773,1,1,153.0,157.9,1,1,1,141,175,0,0,1,1,0,1,18,0,0,6,6,6,0,3.51,1.4,8.9,0
1,1,2,9500,1,1,117.0,112.1,1,19,1,4,7,0,0,0,1,0,1,20,0,0,7,9,5,0,2.02,0.6,11.1,0
1,18,1,9500,1,1,178.0,174.7,1,19,1,4,8,0,0,0,1,0,0,18,0,0,7,8,7,0,0.79,-0.3,13.9,0
1,1,5,9500,1,1,129.0,128.8,1,37,37,9,9,1,0,0,1,0,0,19,0,0,7,7,6,0,0.32,2.6,7.6,0
1,1,6,9773,1,1,116.0,110.1,1,19,1,4,4,1,0,0,1,0,1,19,0,0,6,8,6,0,1.79,0.5,12.4,0
1,51,1,9147,1,1,99.0,99.7,1,3,1,3,3,1,0,1,0,0,0,22,0,0,5,8,0,0,3.51,1.4,8.9,0
1,1,3,9238,1,1,135.0,121.0,1,1,12,9,10,1,0,0,1,0,1,19,0,0,6,7,6,0,1.79,0.5,12.4,0
1,1,3,9500,1,1,141.0,131.7,1,19,19,9,7,1,0,0,1,0,1,19,0,0,7,10,7,0,-4.06,2.8,15.5,0
1,17,5,9853,1,1,132.0,119.1,1,37,38,5,6,1,0,0,1,0,1,19,0,0,6,10,5,0,-3.12,-0.8,9.4,0
1,1,4,9254,1,1,132.0,124.7,1,12,19,9,9,1,0,0,1,0,0,19,0,0,5,10,0,0,0.32,2.6,7.6,1
1,17,1,9254,1,1,113.0,117.2,1,1,37,9,10,1,0,0,1,0,0,20,0,0,6,8,5,0,0.32,2.6,7.6,1
1,1,1,9147,1,1,134.0,128.8,1,3,19,2,10,0,0,0,1,0,0,18,0,0,5,10,5,0,0.79,-0.3,13.9,0
1,1,1,9500,1,1,136.0,131.5,1,1,19,9,9,0,0,0,1,0,1,20,0,0,7,8,6,0,2.02,0.6,11.1,0
1,1,1,171,1,1,136.0,121.7,1,3,37,2,8,1,0,0,1,0,0,18,0,0,0,0,0,0,-3.12,-0.8,9.4,0
1,1,1,9085,1,1,129.0,123.4,1,1,38,4,7,0,0,0,1,0,0,19,0,0,5,6,5,0,0.32,2.6,7.6,0
1,17,1,9853,1,1,138.0,124.7,1,38,38,7,6,1,0,0,1,0,0,18,0,0,6,11,3,0,-3.12,-0.8,9.4,0
1,1,1,9853,1,1,137.0,132.8,1,37,37,9,9,1,0,0,1,0,0,18,0,0,6,7,6,0,0.32,2.6,7.6,0
1,43,1,9853,1,1,115.0,108.7,1,3,37,2,5,1,0,0,1,0,0,21,0,0,6,10,3,0,-3.12,-0.8,9.4,1
1,1,1,9853,1,1,129.0,138.1,1,38,37,6,6,0,0,0,1,0,0,19,0,0,6,8,6,0,0.32,2.6,7.6,1
1,1,1,9147,1,1,131.0,126.5,1,38,38,9,9,0,0,0,1,0,1,18,0,0,5,5,5,0,1.79,0.5,12.4,0
1,17,2,9238,1,1,133.0,127.4,1,1,37,7,9,1,0,0,1,0,1,18,0,0,6,8,6,0,-1.7,3.7,12.7,0
1,1,3,9238,1,1,125.0,123.6,1,19,1,9,10,1,0,0,1,0,0,20,0,0,6,10,4,0,-3.12,-0.8,9.4,0
1,39,1,8014,0,1,120.0,122.0,1,1,19,6,8,0,0,0,1,0,1,24,0,0,6,11,5,0,2.02,0.6,11.1,0
1,1,1,9670,1,1,128.0,118.2,1,19,1,4,1,0,0,0,1,0,0,19,0,0,6,6,6,0,1.74,1.4,10.8,1
1,1,1,9500,1,1,127.0,123.9,1,19,37,9,7,1,0,0,1,0,1,18,0,0,7,9,7,0,-4.06,2.8,15.5,0
1,1,2,9500,1,1,134.0,125.8,1,19,19,9,9,1,0,0,1,0,0,18,0,0,7,8,7,0,-4.06,2.8,15.5,0
1,17,5,9853,1,1,132.0,123.3,1,12,12,4,4,1,0,0,1,0,0,21,0,0,6,13,4,0,1.74,1.4,10.8,1
1,17,2,9670,1,1,124.0,124.4,1,1,19,5,4,0,0,0,1,0,0,19,0,0,5,5,5,0,0.32,2.6,7.6,0
1,17,1,9773,1,1,133.1,126.0,1,19,37,7,7,0,0,0,1,0,1,19,0,0,6,6,6,0,-4.06,2.8,15.5,0
3,39,1,9003,1,1,170.0,170.0,1,1,37,6,6,0,0,1,1,0,0,47,0,0,1,1,0,0,3.51,1.4,8.9,0
1,17,3,9238,1,1,125.0,121.5,1,19,19,7,8,0,0,0,1,0,0,19,0,0,6,10,5,0,0.79,-0.3,13.9,0
1,39,1,9500,1,3,130.0,130.0,1,2,2,1,1,0,0,0,1,0,0,29,0,1,8,8,7,0,-1.7,3.7,12.7,0
1,43,1,9238,1,1,125.0,117.0,1,19,19,4,8,1,0,0,1,0,0,21,0,0,6,13,3,0,-0.92,0.3,16.2,1
1,39,1,9085,1,1,130.0,130.0,1,37,19,9,7,1,0,0,1,0,0,28,0,0,5,13,4,1,-1.7,3.7,12.7,0
1,17,2,9556,1,1,133.1,108.0,1,37,37,3,10,0,0,0,1,0,0,20,0,0,7,8,7,0,-4.06,2.8,15.5,0
1,17,1,9500,1,1,131.0,132.3,1,2,38,4,5,1,0,0,1,0,0,19,0,0,7,7,6,0,0.32,2.6,7.6,0
1,42,1,8014,0,1,150.0,148.0,1,19,2,4,6,0,0,0,1,0,0,26,0,0,6,10,3,0,-3.12,-0.8,9.4,0
1,17,2,9254,1,1,125.0,122.6,1,37,37,9,8,1,0,1,0,0,0,20,0,0,6,8,4,0,2.02,0.6,11.1,1
1,1,1,9670,1,1,131.0,123.0,1,37,37,9,9,1,0,0,1,0,1,18,0,0,5,6,3,0,0.32,2.6,7.6,0
1,39,1,9853,1,1,130.0,102.5,1,37,19,9,5,0,0,0,1,0,0,27,0,0,6,9,5,0,0.32,2.6,7.6,0
1,1,2,9500,1,1,123.0,113.3,1,34,34,90,90,1,0,0,1,0,0,20,0,0,7,8,4,0,0.32,2.6,7.6,1
1,1,5,9853,1,1,141.0,133.0,1,37,19,9,5,1,0,0,1,0,0,18,0,0,6,8,5,0,-3.12,-0.8,9.4,1
1,7,1,9500,1,3,140.0,140.0,1,1,1,9,5,0,0,0,1,0,0,33,0,2,7,8,6,0,-0.92,0.3,16.2,1
1,43,1,9853,1,1,140.0,128.3,1,3,1,3,3,1,0,0,1,0,0,35,0,19,21,21,21,0,1.79,0.5,12.4,0
1,44,1,9991,0,39,140.0,140.0,1,37,19,9,8,0,0,0,1,0,1,26,0,2,6,7,6,0,-3.12,-0.8,9.4,0
1,39,1,9773,1,19,133.1,104.0,1,19,19,3,4,0,0,1,0,0,0,27,0,0,6,6,5,0,2.02,0.6,11.1,1
1,18,3,9070,1,1,131.0,122.3,1,1,37,5,5,1,0,0,0,0,0,19,0,0,6,6,6,0,-4.06,2.8,15.5,1
1,17,2,9254,1,1,143.0,135.0,1,1,19,4,6,0,0,0,1,0,0,20,0,0,6,0,0,0,2.02,0.6,11.1,1
1,18,2,9147,1,1,132.0,119.1,1,3,3,5,7,1,0,1,0,0,0,20,0,0,5,9,3,0,1.74,1.4,10.8,1
1,43,1,9238,1,1,143.0,126.6,1,1,37,5,9,0,0,1,0,0,0,21,0,5,10,18,8,0,-3.12,-0.8,9.4,0
1,17,3,9500,1,1,141.0,129.0,1,38,1,9,4,1,0,0,1,0,1,18,0,0,7,7,6,0,0.32,2.6,7.6,0
1,39,1,9085,1,1,133.1,162.3,1,1,19,9,9,1,0,0,1,0,0,24,0,0,6,10,2,0,3.51,1.4,8.9,1
1,17,4,9070,1,1,148.0,163.4,1,1,3,4,1,1,0,0,1,0,0,20,0,0,6,7,6,0,-0.92,0.3,16.2,0
1,1,1,9254,1,1,125.0,121.5,1,19,38,9,8,0,0,0,1,0,1,21,0,0,6,7,6,0,0.79,-0.3,13.9,0
1,1,1,8014,0,1,120.0,122.8,1,1,37,7,3,0,0,0,1,0,0,23,0,0,6,13,2,0,-3.12,-0.8,9.4,0
1,39,1,9147,1,1,140.0,118.0,1,12,3,4,3,1,0,0,1,0,0,24,0,0,5,5,0,0,0.32,2.6,7.6,1
1,51,1,9853,1,1,139.0,134.0,1,1,1,4,10,0,0,0,1,0,0,21,0,0,6,0,0,0,1.79,0.5,12.4,1
1,1,4,9500,1,1,142.0,129.8,1,38,38,9,8,1,0,0,1,0,0,18,0,0,8,8,7,0,-1.7,3.7,12.7,0
1,39,1,9991,0,40,130.0,152.0,1,19,1,3,4,1,0,0,1,0,0,27,0,0,5,0,0,0,3.51,1.4,8.9,1
1,18,6,9500,1,1,126.0,122.8,1,37,37,5,5,1,0,0,1,0,0,18,0,0,8,8,8,0,-3.12,-0.8,9.4,0
1,7,1,9119,1,3,150.0,150.0,1,3,2,2,2,0,0,0,1,0,0,35,0,0,5,0,0,0,0.79,-0.3,13.9,1
1,1,1,9853,1,1,130.0,131.8,1,19,19,3,8,0,0,0,1,0,0,18,0,0,7,9,7,0,2.02,0.6,11.1,0
1,39,1,9500,1,1,120.0,105.9,1,1,3,175,121,0,0,0,1,0,0,35,0,0,3,4,3,0,2.02,0.6,11.1,0
1,1,1,9085,1,1,138.0,132.1,1,1,1,4,7,1,0,0,1,0,0,19,0,0,5,9,4,0,1.74,1.4,10.8,0
1,1,4,9238,1,1,127.0,127.4,1,19,19,4,0,1,0,0,1,0,0,20,0,0,6,8,6,0,0.32,2.6,7.6,0
1,1,4,9500,1,1,140.0,129.5,1,19,19,7,7,1,0,0,1,0,0,18,0,0,8,8,7,0,1.74,1.4,10.8,0
1,44,1,9238,1,39,130.0,126.7,1,38,38,5,10,0,0,1,1,0,0,21,0,3,6,6,6,0,0.79,-0.3,13.9,0
1,17,2,9238,1,1,128.0,116.5,1,19,37,9,8,0,0,0,1,0,1,18,0,0,6,11,5,0,-0.92,0.3,16.2,0
1,1,1,9238,1,1,132.0,119.1,1,34,34,0,0,1,0,0,1,0,0,18,0,0,6,9,4,0,0.32,2.6,7.6,0
1,1,2,9500,1,1,149.0,126.5,1,19,38,9,9,1,0,0,1,0,0,18,0,0,8,8,7,0,-1.7,3.7,12.7,0
1,1,4,9773,1,1,155.0,149.8,1,3,19,1,4,1,0,0,1,0,1,18,0,0,6,6,6,0,-0.92,0.3,16.2,0
1,1,1,9085,1,1,120.0,115.1,1,19,1,8,7,1,0,0,1,0,0,19,0,0,6,8,6,0,0.79,-0.3,13.9,0
1,39,1,9254,1,19,133.1,124.5,1,3,19,2,3,0,0,0,1,0,1,36,0,0,6,7,6,0,-0.92,0.3,16.2,1
1,1,2,9500,1,1,131.0,128.3,1,38,1,7,4,1,0,0,1,0,1,18,0,0,8,8,7,0,-1.7,3.7,12.7,0
1,1,1,9500,1,1,149.0,136.0,1,37,37,9,9,0,0,0,1,0,1,18,0,0,7,7,6,0,0.32,2.6,7.6,0
1,43,1,9130,1,1,140.0,140.0,1,1,3,9,2,1,0,0,1,0,1,20,0,0,6,8,6,0,0.79,-0.3,13.9,0
1,39,1,9991,0,1,133.1,126.3,1,37,37,9,9,0,0,0,1,0,1,26,0,0,5,7,0,0,-0.92,0.3,16.2,1
1,43,1,9773,1,1,122.0,126.9,1,1,1,4,5,0,0,0,1,0,0,21,0,0,6,8,6,0,0.32,2.6,7.6,0
1,39,1,9556,1,40,130.0,145.0,1,1,1,4,5,0,0,0,1,0,0,25,0,0,7,10,6,0,-4.06,2.8,15.5,0
1,18,1,9147,1,1,121.0,115.8,1,19,3,5,5,1,0,0,1,0,1,19,0,0,5,7,5,0,1.79,0.5,12.4,0
1,39,1,8014,0,1,120.0,100.0,1,19,37,8,7,1,0,0,1,0,0,24,0,0,6,11,1,0,-3.12,-0.8,9.4,1
1,39,1,8014,0,1,133.1,102.5,1,1,19,5,4,0,0,0,1,0,1,27,0,0,6,16,1,0,3.51,1.4,8.9,1
1,17,1,9085,1,1,121.0,131.5,1,19,37,1,3,0,0,0,1,0,0,21,0,0,5,10,0,1,0.32,2.6,7.6,1
1,1,1,9147,1,1,133.0,147.0,1,38,38,7,7,0,0,0,1,0,1,18,0,0,5,7,4,0,-3.12,-0.8,9.4,0
2,1,4,9853,1,1,134.0,122.5,1,37,37,5,7,0,1,0,1,0,1,19,0,0,6,6,6,0,1.74,1.4,10.8,0
1,1,3,9254,1,1,115.0,117.5,1,1,1,3,3,1,0,0,1,0,0,18,0,0,6,9,4,0,-3.12,-0.8,9.4,1
1,51,1,9500,1,1,127.0,150.0,1,19,1,5,9,0,0,0,1,0,1,19,0,0,7,9,5,0,2.02,0.6,11.1,0
1,18,1,9500,1,1,135.0,127.5,1,1,38,4,5,1,0,0,1,0,1,19,0,0,7,8,6,0,-0.92,0.3,16.2,0
2,7,1,9991,0,43,140.0,140.0,1,40,5,3,3,0,0,0,1,0,0,33,0,2,6,7,6,0,2.02,0.6,11.1,0
2,7,1,9147,1,3,130.0,130.0,1,1,4,3,10,0,0,0,1,0,0,45,0,0,5,6,5,0,1.79,0.5,12.4,0
1,1,1,9238,1,1,135.0,133.3,1,1,1,9,9,0,0,0,1,0,1,20,0,0,6,6,6,0,2.02,0.6,11.1,0
1,39,2,9670,1,1,140.0,97.0,1,34,34,0,0,1,0,0,1,0,0,28,0,0,5,5,0,0,0.32,2.6,7.6,1
1,43,1,9500,1,1,120.0,112.0,1,1,1,5,8,1,0,0,1,0,1,19,0,0,8,15,7,0,-1.7,3.7,12.7,0
1,1,2,9254,1,1,140.0,123.6,1,1,37,4,5,1,0,0,1,0,0,18,0,0,6,10,6,0,-1.7,3.7,12.7,0
1,39,1,9254,1,3,133.1,130.5,1,19,19,4,6,0,0,0,1,0,0,38,0,0,6,0,0,0,-4.06,2.8,15.5,1
1,1,2,9670,1,1,135.0,133.3,1,1,3,4,3,0,0,0,1,0,0,19,0,0,5,5,5,0,-3.12,-0.8,9.4,0
1,1,1,9254,1,1,123.0,132.1,1,1,37,9,9,0,0,0,1,0,1,21,0,0,6,9,5,0,-4.06,2.8,15.5,0
1,1,1,9147,1,1,133.1,100.0,1,37,1,9,10,0,0,0,1,0,0,21,0,0,5,12,3,0,-0.92,0.3,16.2,1
1,1,1,9238,1,1,154.0,140.4,1,38,37,9,9,0,0,0,1,0,1,22,0,0,6,6,5,0,1.74,1.4,10.8,0
1,1,1,9853,1,1,148.0,141.7,1,19,19,5,7,0,0,0,1,0,1,18,0,0,6,8,5,0,-3.12,-0.8,9.4,0
1,17,2,9238,1,1,133.0,119.7,1,37,37,3,9,0,1,0,1,0,1,18,0,0,6,9,6,0,-4.06,2.8,15.5,0
1,1,1,9130,1,1,126.0,122.5,1,19,1,9,9,1,0,0,0,0,0,25,0,0,5,14,4,2,-3.12,-0.8,9.4,1
1,39,1,9085,1,19,133.1,140.0,1,19,19,9,7,0,0,1,0,0,0,24,0,2,6,11,3,0,-0.92,0.3,16.2,1
1,1,3,9500,1,1,125.0,119.4,1,3,1,4,4,1,0,0,1,0,0,19,0,0,7,10,6,0,1.79,0.5,12.4,0
1,16,1,171,1,1,145.0,155.0,1,3,3,3,3,1,0,0,1,0,0,24,0,11,17,19,11,0,1.79,0.5,12.4,0
1,1,2,9147,1,1,118.0,119.1,1,37,19,5,5,1,0,0,1,0,1,20,0,0,5,5,5,0,1.79,0.5,12.4,0
1,39,1,9147,1,1,120.0,122.7,1,37,1,9,1,0,0,0,0,0,0,25,0,0,5,5,0,0,1.74,1.4,10.8,1
1,1,1,9147,1,1,127.0,117.9,1,38,19,9,10,0,0,0,1,0,1,20,0,5,10,13,9,0,3.51,1.4,8.9,0
1,7,1,9500,1,3,130.0,130.0,1,19,38,5,3,0,0,0,1,0,0,23,0,0,8,8,8,0,-3.12,-0.8,9.4,0
1,17,3,9500,1,1,129.0,120.0,1,19,37,7,6,1,0,0,1,0,1,19,0,0,8,8,7,0,1.74,1.4,10.8,0
1,44,1,9003,1,39,130.0,130.0,1,37,37,9,10,0,0,1,0,0,0,29,0,0,6,13,3,0,0.79,-0.3,13.9,1
1,1,3,9254,1,1,121.0,116.8,1,19,37,4,7,1,0,0,1,0,0,21,0,0,6,8,6,0,2.02,0.6,11.1,0
1,1,1,9670,1,1,136.0,123.4,1,19,1,9,8,1,0,0,1,0,1,18,0,0,6,10,6,0,2.02,0.6,11.1,0
1,1,3,9070,1,1,125.0,125.4,1,19,38,9,9,1,0,0,1,0,0,19,0,0,6,7,5,0,-3.12,-0.8,9.4,0
1,1,3,9773,1,1,131.0,127.2,1,38,37,7,7,1,0,0,1,0,1,18,0,0,6,6,6,0,3.51,1.4,8.9,1
1,1,1,9085,1,1,122.0,103.4,1,9,19,90,6,0,0,0,1,0,0,19,0,0,5,6,5,0,0.32,2.6,7.6,0
1,1,1,9773,1,1,127.0,123.2,1,37,37,9,8,1,0,0,1,0,0,18,0,0,6,12,1,0,-3.12,-0.8,9.4,0
1,17,1,9147,1,1,136.0,124.1,1,1,1,4,4,0,0,0,1,0,0,18,0,0,5,8,5,0,3.51,1.4,8.9,0
2,39,1,9556,1,19,133.1,99.5,1,38,37,7,7,1,0,1,0,0,1,37,0,0,7,13,1,0,3.51,1.4,8.9,1
1,17,1,9991,0,40,127.0,124.9,1,37,37,6,6,0,0,0,1,0,0,29,0,0,5,10,5,0,-0.92,0.3,16.2,0
1,17,3,9070,1,1,116.0,110.8,1,37,37,9,9,0,0,0,1,0,0,18,0,0,6,6,6,0,0.32,2.6,7.6,0
1,1,1,9238,1,1,121.0,118.9,1,1,1,9,8,1,0,0,1,0,1,19,0,0,6,8,5,0,1.79,0.5,12.4,0
1,43,1,9238,1,1,124.0,118.8,1,1,1,3,1,1,0,1,0,0,0,22,0,6,10,16,6,0,-0.92,0.3,16.2,1
1,1,1,9254,1,1,131.0,137.0,1,37,38,9,7,0,0,0,1,0,1,20,0,0,6,8,6,0,-4.06,2.8,15.5,0
1,39,1,8014,0,1,100.0,100.0,1,37,37,99,99,0,0,0,1,0,0,34,0,0,6,0,0,0,-1.7,3.7,12.7,1
1,43,1,9119,1,1,130.0,120.0,1,37,38,9,9,0,0,1,0,0,0,30,0,8,12,17,8,0,0.32,2.6,7.6,1
1,1,1,9238,1,1,135.0,122.8,1,1,1,4,4,0,0,0,1,0,0,18,0,0,6,7,6,0,1.74,1.4,10.8,0
1,1,1,9238,1,1,130.0,121.6,1,38,19,9,5,0,0,0,1,0,0,18,0,0,6,6,6,0,1.79,0.5,12.4,0
1,1,2,9773,1,1,146.0,149.2,1,3,1,1,3,1,0,0,1,0,0,18,0,0,6,11,4,0,-3.12,-0.8,9.4,0
1,17,4,9500,1,1,146.0,140.0,1,4,1,2,3,1,0,0,1,0,0,18,0,0,8,8,7,0,-1.7,3.7,12.7,0
1,1,2,9773,1,1,154.0,133.4,1,38,38,9,9,1,0,0,1,0,1,19,0,0,6,7,5,0,-1.7,3.7,12.7,0
1,1,1,9070,1,1,137.0,126.2,1,37,37,9,9,1,0,0,1,0,1,19,0,0,6,6,6,0,1.74,1.4,10.8,0
1,1,5,9500,1,1,151.0,127.8,1,1,1,9,9,0,0,0,1,0,1,18,0,0,8,8,7,0,-1.7,3.7,12.7,0
1,44,1,9003,1,39,150.0,150.0,1,37,38,4,8,0,0,0,1,0,1,21,0,0,6,9,6,0,0.79,-0.3,13.9,0
1,1,2,9147,1,1,121.0,113.7,1,1,19,9,9,1,0,0,0,0,0,20,0,0,5,10,2,0,0.32,2.6,7.6,1
1,17,1,9147,1,1,122.0,117.8,1,12,19,4,8,1,0,0,1,0,0,20,0,0,5,10,5,0,0.79,-0.3,13.9,0
1,1,1,9500,1,1,143.0,136.7,1,5,1,2,5,0,0,0,1,0,0,19,0,2,7,8,7,0,2.02,0.6,11.1,0
1,1,1,9238,1,1,152.0,144.7,1,1,38,4,5,0,0,0,1,0,0,20,0,0,6,8,6,0,-0.92,0.3,16.2,0
1,17,3,9500,1,1,145.0,139.8,1,12,1,4,10,1,0,0,1,0,0,18,0,0,7,7,7,0,0.79,-0.3,13.9,0
1,42,1,9853,1,1,120.0,113.7,1,37,38,3,3,0,0,0,1,0,0,20,0,0,6,8,5,0,-1.7,3.7,12.7,1
2,7,1,9130,1,3,140.0,140.0,1,5,4,2,0,0,0,1,0,0,0,29,0,7,9,16,7,4,0.32,2.6,7.6,1
1,1,1,9500,1,1,143.0,142.3,1,19,19,5,6,0,0,0,1,0,1,18,0,0,7,7,7,0,1.79,0.5,12.4,0
1,1,1,9500,1,1,129.0,119.6,1,19,19,5,5,1,0,0,1,0,1,20,0,0,7,8,7,0,-4.06,2.8,15.5,0
1,16,2,9147,1,1,139.0,123.7,1,38,37,9,9,1,0,0,1,0,1,22,0,0,5,8,4,0,-0.92,0.3,16.2,0
4,1,1,8014,0,1,133.1,143.0,1,39,19,4,10,1,0,0,1,0,1,47,0,0,6,9,5,0,-0.92,0.3,16.2,0
2,51,1,9991,0,1,127.0,100.1,1,37,37,8,4,0,0,0,1,0,0,31,0,1,5,5,5,0,3.51,1.4,8.9,0
1,1,1,9070,1,1,126.0,119.4,1,19,37,7,5,0,0,0,1,0,1,21,0,0,6,7,5,0,-0.92,0.3,16.2,0
1,1,1,8014,0,1,128.0,122.1,1,38,38,0,0,0,0,0,1,0,0,21,0,0,6,8,5,0,0.32,2.6,7.6,0
2,39,1,9773,1,12,100.0,100.0,1,1,1,4,4,0,0,0,1,0,0,24,0,0,6,6,6,0,0.32,2.6,7.6,0
1,17,1,9070,1,1,123.0,113.9,1,4,37,2,9,0,0,0,1,0,0,18,0,0,6,8,6,0,-4.06,2.8,15.5,0
1,39,1,8014,0,15,170.0,101.0,1,34,1,90,2,0,0,0,1,0,0,32,0,0,6,9,4,0,0.32,2.6,7.6,0
1,18,2,8014,0,1,117.0,111.8,1,3,1,3,4,1,0,0,1,0,1,19,0,0,6,8,6,0,1.74,1.4,10.8,0
1,39,1,9500,1,1,140.0,140.0,1,3,3,1,1,1,0,0,1,0,0,24,0,0,8,8,8,0,-3.12,-0.8,9.4,0
1,17,4,9085,1,1,123.0,124.4,1,19,19,4,10,1,0,0,1,0,0,19,0,0,6,14,6,0,-4.06,2.8,15.5,0
1,44,1,9003,1,39,150.0,150.0,1,19,37,6,6,0,0,1,1,0,1,19,0,0,6,9,6,0,0.79,-0.3,13.9,0
1,44,1,9003,1,39,140.0,140.0,1,37,37,9,4,0,0,0,1,0,0,24,0,0,6,10,6,0,1.79,0.5,12.4,0
1,17,4,9238,1,1,123.0,116.0,1,19,19,191,144,1,0,0,1,0,1,18,0,0,6,9,6,0,3.51,1.4,8.9,0
1,1,1,9070,1,1,130.0,135.6,1,38,37,3,6,1,0,0,1,0,1,19,0,0,6,9,5,0,3.51,1.4,8.9,1
2,1,1,9500,1,1,137.0,121.0,1,3,38,2,4,0,0,0,1,0,1,19,0,0,8,8,7,0,1.74,1.4,10.8,0
1,17,2,9773,1,1,126.0,118.7,1,19,38,9,8,1,0,0,1,0,1,18,0,0,6,6,6,0,1.79,0.5,12.4,0
1,1,1,9238,1,1,125.0,125.7,1,1,1,3,3,1,0,0,1,0,0,18,0,0,6,10,6,0,1.79,0.5,12.4,0
1,17,4,9556,1,1,112.0,107.1,1,1,1,4,10,1,0,0,1,0,0,20,0,0,7,7,7,0,1.79,0.5,12.4,0
1,1,1,9500,1,1,141.0,125.5,1,19,38,5,7,0,0,0,1,0,0,18,0,0,8,10,8,2,-3.12,-0.8,9.4,0
1,17,4,9670,1,1,135.0,127.0,1,38,38,9,7,1,0,0,1,0,0,18,0,0,6,10,6,0,2.02,0.6,11.1,0
1,1,2,9085,1,1,117.0,113.5,1,38,37,9,9,1,0,0,1,0,1,21,0,0,5,7,4,0,1.74,1.4,10.8,0
1,1,1,9500,1,1,160.0,154.4,1,19,19,4,9,0,0,0,1,0,1,18,0,0,7,9,7,0,-4.06,2.8,15.5,0
1,51,1,9670,1,1,136.0,122.0,1,19,19,5,5,0,0,1,0,0,0,18,0,0,5,6,2,0,-3.12,-0.8,9.4,1
1,17,2,9238,1,1,143.0,128.0,1,1,11,4,3,1,0,0,1,0,0,19,0,0,6,11,0,0,-3.12,-0.8,9.4,1
1,1,1,9670,1,1,119.0,115.5,1,1,19,4,10,1,0,0,1,0,0,19,0,0,6,8,4,0,1.74,1.4,10.8,0
1,17,4,9670,1,1,120.0,117.2,1,1,19,5,5,1,0,0,1,0,0,18,0,0,6,8,6,0,2.02,0.6,11.1,0
1,39,1,9130,1,3,150.0,150.0,1,3,1,90,90,1,0,0,1,0,0,34,0,1,5,6,1,0,-1.7,3.7,12.7,1
1,1,3,9085,1,1,142.0,155.3,1,11,11,90,90,0,0,0,1,0,0,19,0,0,5,5,5,0,0.32,2.6,7.6,0
1,44,1,9130,1,39,120.0,120.0,1,37,37,7,8,1,0,1,0,0,0,19,0,2,6,7,5,0,1.79,0.5,12.4,1
1,51,1,9238,1,1,160.0,116.1,1,3,19,2,1,0,0,1,1,0,0,26,0,0,6,6,6,0,2.02,0.6,11.1,0
1,17,1,9853,1,1,133.1,118.9,1,34,34,0,0,1,0,0,1,0,0,21,0,0,6,12,3,0,0.32,2.6,7.6,1
1,17,2,9147,1,1,142.0,127.3,1,19,19,4,8,0,0,0,1,0,1,18,0,0,5,5,5,0,2.02,0.6,11.1,0
1,17,4,9853,1,1,121.0,113.7,1,38,38,5,7,1,0,0,1,0,1,20,0,0,6,8,5,0,-3.12,-0.8,9.4,0
1,51,1,9147,1,1,135.0,118.5,1,1,1,4,4,0,0,0,1,0,0,25,0,0,5,12,2,0,2.02,0.6,11.1,1
1,1,1,9147,1,1,153.0,146.7,1,1,38,4,3,0,0,0,1,0,0,18,0,0,5,5,5,0,2.02,0.6,11.1,0
1,1,1,9500,1,1,140.0,124.3,1,19,19,3,6,1,0,0,1,0,1,18,0,0,7,7,7,0,-0.92,0.3,16.2,0
1,1,1,9500,1,1,152.0,137.8,1,41,19,3,5,0,0,0,1,0,0,19,0,0,7,7,7,0,2.02,0.6,11.1,0
1,1,1,9238,1,1,120.0,130.2,1,19,38,5,9,0,0,0,1,0,1,18,0,0,6,8,6,0,1.79,0.5,12.4,0
1,17,1,9500,1,1,160.0,147.8,1,38,38,7,7,0,0,0,1,0,0,20,0,0,7,11,6,0,-4.06,2.8,15.5,0
1,7,1,9085,1,40,150.0,150.0,1,19,19,9,5,0,0,1,0,0,0,26,0,0,3,3,0,0,3.51,1.4,8.9,1
1,42,1,9500,1,1,100.0,100.0,1,37,37,7,9,1,0,0,1,0,1,19,0,0,8,8,7,0,1.74,1.4,10.8,0
1,1,1,9500,1,1,150.0,155.6,1,1,1,5,1,0,0,0,1,0,0,19,0,0,7,7,7,0,-0.92,0.3,16.2,0
1,43,4,9147,1,1,124.0,117.4,1,37,37,9,9,0,0,0,1,0,0,19,0,3,10,15,5,0,0.32,2.6,7.6,0
1,5,3,9085,1,1,141.0,128.8,1,1,19,7,5,1,0,0,1,0,0,19,0,0,5,9,3,1,0.32,2.6,7.6,0
1,1,1,9254,1,1,121.0,117.5,1,19,19,5,8,1,0,0,1,0,0,18,0,0,6,7,6,0,-0.92,0.3,16.2,0
1,43,1,9500,1,6,134.0,120.4,1,1,37,9,9,1,0,0,1,0,0,19,0,0,7,7,6,0,0.32,2.6,7.6,0
1,1,1,9238,1,1,134.0,130.9,1,1,1,9,6,0,0,1,1,0,0,18,0,0,6,10,6,0,0.79,-0.3,13.9,0
1,1,1,9853,1,1,132.0,125.0,1,2,19,4,4,1,0,0,1,0,0,18,0,0,6,9,5,0,-3.12,-0.8,9.4,0
1,1,1,9085,1,1,135.0,136.8,1,19,38,9,5,1,0,0,1,0,0,18,0,0,5,11,5,3,-3.12,-0.8,9.4,0
1,1,1,9853,1,1,123.0,121.6,1,1,38,9,6,1,0,0,1,0,0,18,0,0,7,12,5,0,2.02,0.6,11.1,0
1,44,1,9119,1,39,151.0,151.0,1,19,37,4,7,0,0,1,1,0,0,26,0,0,5,6,0,0,-0.92,0.3,16.2,1
1,1,1,9238,1,1,107.0,103.5,1,38,38,7,7,1,0,0,1,0,0,20,0,0,6,7,6,0,1.79,0.5,12.4,0
1,1,1,8014,0,1,126.0,119.4,1,37,38,9,10,0,0,0,1,0,0,19,0,0,6,6,6,0,-1.7,3.7,12.7,0
1,1,1,9238,1,1,133.0,134.4,1,34,37,4,9,1,0,0,1,0,1,18,0,0,6,6,6,0,-3.12,-0.8,9.4,0
1,44,1,9238,1,39,140.0,143.0,1,38,37,7,7,0,0,0,1,0,0,19,0,3,6,6,6,0,0.79,-0.3,13.9,0
1,7,1,9853,1,40,110.0,110.0,1,41,3,2,1,0,0,1,1,0,0,40,0,0,7,8,7,0,1.79,0.5,12.4,0
1,1,4,9500,1,1,141.0,132.5,1,38,38,7,7,1,0,0,1,0,1,18,0,0,8,8,8,0,-3.12,-0.8,9.4,0
1,17,1,9238,1,1,122.0,114.7,1,3,1,9,10,0,0,0,1,0,0,19,0,0,6,9,5,0,0.79,-0.3,13.9,0
1,17,1,9130,1,1,156.0,166.9,1,2,9,3,5,0,0,0,1,0,0,18,0,0,5,9,4,0,0.32,2.6,7.6,0
1,1,1,9085,1,1,129.0,125.9,1,1,2,3,1,1,0,0,1,0,0,19,0,0,5,13,4,2,-3.12,-0.8,9.4,0
1,1,1,171,1,1,188.0,178.3,1,3,3,2,2,1,0,0,1,0,0,18,0,0,0,0,0,0,-4.06,2.8,15.5,1
2,39,1,8014,0,1,120.0,117.0,1,37,37,9,9,1,0,0,1,0,0,33,0,0,6,7,6,0,1.79,0.5,12.4,0
1,39,1,9003,1,3,130.0,150.0,1,3,3,1,2,0,0,0,1,0,0,35,0,0,6,10,6,0,-0.92,0.3,16.2,0
1,42,1,9147,1,1,130.0,130.0,1,37,38,9,1,1,0,0,1,0,0,26,0,3,5,5,4,0,-3.12,-0.8,9.4,0
1,1,1,9773,1,1,140.0,135.1,1,19,19,7,5,1,0,0,1,0,0,18,0,0,6,7,6,0,-3.12,-0.8,9.4,0
1,43,1,9238,1,1,110.0,110.0,1,37,37,9,9,0,0,0,1,0,0,36,0,10,16,24,13,1,-4.06,2.8,15.5,0
4,39,1,9991,0,1,133.1,136.2,1,37,37,6,6,0,0,0,1,0,0,39,0,0,5,6,5,0,1.74,1.4,10.8,0
2,39,1,9238,1,1,120.0,116.0,1,37,37,9,9,0,0,0,1,0,0,44,0,0,6,8,6,0,-1.7,3.7,12.7,0
1,1,2,8014,0,1,96.0,100.0,1,3,1,3,9,0,0,0,1,0,0,20,0,0,6,10,5,0,-3.12,-0.8,9.4,0
1,1,1,9254,1,1,117.0,116.3,1,19,19,9,9,1,0,0,1,0,0,24,0,0,6,9,4,0,-1.7,3.7,12.7,1
1,43,1,9773,1,1,123.0,134.0,1,19,19,9,8,0,0,0,1,0,1,20,0,0,6,6,6,0,1.79,0.5,12.4,0
1,1,4,171,1,1,127.0,124.2,1,1,1,9,5,1,0,0,0,0,0,19,0,0,0,0,0,0,-3.12,-0.8,9.4,1
2,1,1,9500,1,1,151.0,134.5,1,37,38,9,7,0,0,1,1,0,1,18,0,0,7,7,6,0,0.32,2.6,7.6,0
1,1,1,9254,1,1,127.0,120.7,1,19,19,4,6,0,0,1,0,0,0,22,0,0,6,10,5,0,1.74,1.4,10.8,1
1,17,1,9085,1,1,133.0,127.1,1,19,1,4,5,1,0,0,1,0,0,18,0,0,6,7,6,0,2.02,0.6,11.1,0
1,39,1,9500,1,19,133.1,133.0,1,38,37,9,9,0,0,0,1,0,0,24,0,0,7,9,6,0,0.79,-0.3,13.9,0
1,39,1,9991,0,1,133.1,128.2,1,37,37,90,8,0,0,0,1,0,0,33,0,0,5,0,0,0,-1.7,3.7,12.7,1
1,39,1,9003,1,1,133.1,130.0,1,37,37,3,8,0,0,1,1,0,1,30,0,0,6,6,0,0,2.02,0.6,11.1,0
1,39,1,9085,1,43,160.0,172.0,1,3,39,2,3,0,0,0,1,0,0,26,0,0,6,0,0,0,3.51,1.4,8.9,1
1,17,4,9853,1,1,140.0,128.5,1,19,38,4,1,1,0,0,1,0,0,18,0,0,6,7,6,0,1.74,1.4,10.8,0
1,1,1,9773,1,1,146.0,128.5,1,37,38,9,7,0,0,1,1,0,0,19,0,0,6,13,3,0,1.74,1.4,10.8,1
1,17,4,9147,1,1,112.0,112.0,1,19,38,9,10,1,0,0,1,0,0,20,0,0,5,10,3,0,-0.92,0.3,16.2,0
1,53,1,9085,1,42,140.0,142.5,1,19,37,9,8,1,0,0,1,0,1,22,0,7,11,18,8,0,3.51,1.4,8.9,0
1,1,4,9500,1,1,136.0,133.0,1,1,1,9,1,1,0,0,1,0,0,19,0,0,7,8,5,0,0.32,2.6,7.6,0
1,1,1,9085,1,1,133.1,106.0,1,37,38,7,5,1,0,0,1,0,1,21,0,0,6,13,6,0,-4.06,2.8,15.5,0
1,1,4,9500,1,1,136.0,125.5,1,19,38,4,8,1,0,0,1,0,1,21,0,0,7,7,6,0,0.32,2.6,7.6,0
1,17,1,9085,1,1,134.0,131.2,1,19,37,2,7,0,0,0,1,0,0,19,0,0,5,8,1,0,0.32,2.6,7.6,0
1,1,1,9853,1,1,122.0,112.9,1,38,37,191,195,1,0,0,1,0,1,19,0,0,7,8,7,0,3.51,1.4,8.9,0
1,1,6,9500,1,1,138.0,124.8,1,19,19,9,5,1,0,0,1,0,0,18,0,0,8,8,7,0,-1.7,3.7,12.7,1
2,43,1,8014,0,1,160.0,140.9,1,37,39,9,4,0,0,0,1,0,0,50,0,7,11,11,11,0,-0.92,0.3,16.2,0
4,39,1,9991,0,1,130.0,148.0,1,38,19,9,7,0,0,0,1,0,1,31,0,0,5,11,4,0,0.79,-0.3,13.9,0
1,17,1,9773,1,1,161.0,148.4,1,1,19,4,7,0,0,0,1,0,1,19,0,0,6,6,6,0,-4.06,2.8,15.5,0
4,39,1,9991,0,1,140.0,129.7,1,1,37,141,192,0,0,0,1,0,0,35,0,0,5,8,5,0,0.79,-0.3,13.9,0
2,39,1,9085,1,19,133.1,128.2,1,38,38,4,7,0,0,0,1,0,0,31,0,0,6,0,0,0,-1.7,3.7,12.7,1
2,51,1,8014,0,19,133.1,104.0,1,37,37,9,9,0,0,1,1,0,0,42,0,5,11,14,10,0,2.02,0.6,11.1,0
1,18,4,9147,1,1,130.0,119.9,1,37,37,9,9,1,0,0,0,0,0,34,0,0,5,5,0,0,-3.12,-0.8,9.4,1
1,1,1,9500,1,1,152.0,141.0,1,1,1,4,4,1,0,0,1,0,1,18,0,0,7,7,7,0,1.79,0.5,12.4,0
1,17,1,9853,1,1,125.0,116.6,1,3,3,3,3,1,0,0,0,0,1,18,0,0,7,7,7,0,3.51,1.4,8.9,0
1,44,1,9085,1,39,140.0,140.0,1,37,38,5,6,1,0,0,1,0,0,21,0,2,6,16,5,0,-0.92,0.3,16.2,0
4,39,1,9500,1,19,133.1,140.0,1,38,19,5,7,0,0,0,1,0,1,26,0,0,7,13,5,0,-0.92,0.3,16.2,1
1,43,1,9500,1,1,170.0,100.0,1,19,37,8,8,0,0,0,1,0,0,20,0,0,7,8,6,0,0.79,-0.3,13.9,0
1,1,1,9238,1,1,135.0,121.0,1,38,38,5,7,0,0,0,1,0,0,19,0,0,6,13,3,0,0.32,2.6,7.6,0
1,1,1,9853,1,1,125.0,117.0,1,19,19,5,5,0,0,0,1,0,1,19,0,0,6,7,6,0,-4.06,2.8,15.5,0
1,53,1,9147,1,42,140.0,140.2,1,3,4,2,1,0,0,0,1,0,0,20,0,6,11,19,9,0,3.51,1.4,8.9,0
1,1,1,9238,1,1,124.0,129.3,1,34,34,0,0,0,0,0,1,0,0,19,0,0,6,8,6,0,0.32,2.6,7.6,0
1,1,1,9853,1,1,140.0,145.3,1,37,37,9,9,0,0,0,1,0,0,18,0,0,6,6,6,0,0.32,2.6,7.6,0
1,39,1,9991,0,3,130.0,146.2,1,37,37,9,9,0,0,0,1,0,0,28,0,10,14,16,11,0,1.74,1.4,10.8,0
1,17,1,9853,1,1,134.0,122.5,1,1,19,4,5,1,0,0,1,0,0,22,0,0,6,10,5,0,-4.06,2.8,15.5,0
1,44,1,8014,0,39,160.0,156.1,1,37,37,7,7,0,0,0,1,0,1,21,0,3,6,6,6,0,0.79,-0.3,13.9,0
1,44,1,9085,1,39,140.0,140.0,1,4,38,4,5,1,0,0,1,0,0,21,0,0,6,11,4,0,1.79,0.5,12.4,0
1,39,1,9500,1,1,150.0,140.0,1,1,19,5,3,0,1,0,1,0,0,26,0,0,7,11,5,0,-0.92,0.3,16.2,0
1,1,6,9773,1,1,141.0,128.4,1,30,37,7,7,1,0,1,0,0,0,18,0,0,6,8,5,0,0.32,2.6,7.6,1
1,17,2,9085,1,1,120.0,115.0,1,1,1,9,10,0,0,0,0,0,0,20,0,0,5,8,2,0,0.32,2.6,7.6,1
1,17,2,9085,1,1,166.0,158.7,1,1,19,4,3,0,0,0,1,0,0,18,0,0,6,7,6,0,2.02,0.6,11.1,0
1,1,4,9500,1,1,147.0,124.5,1,1,1,4,9,1,0,0,1,0,1,19,0,0,8,11,7,0,1.74,1.4,10.8,0
1,51,1,9238,1,1,121.0,111.9,1,3,19,3,10,1,0,0,1,0,0,20,0,5,11,12,11,0,1.79,0.5,12.4,0
1,44,1,9085,1,39,150.0,150.0,1,38,37,4,6,1,0,0,1,0,1,22,0,3,6,11,6,0,0.79,-0.3,13.9,0
1,17,1,9670,1,1,124.0,114.2,1,37,19,5,8,1,0,1,1,0,0,18,0,0,6,6,5,0,1.74,1.4,10.8,1
1,17,1,9147,1,1,96.0,96.0,1,38,37,6,4,1,0,0,1,0,0,19,0,0,5,10,3,0,-0.92,0.3,16.2,1
1,17,4,9070,1,1,125.0,128.9,1,1,3,3,3,0,0,0,1,0,1,18,0,0,6,9,5,0,3.51,1.4,8.9,0
1,17,1,9254,1,1,136.0,121.7,1,37,37,7,7,1,0,0,1,0,0,20,0,0,6,13,3,0,1.74,1.4,10.8,0
1,1,1,9773,1,1,120.0,114.8,1,38,37,9,9,1,1,0,1,0,0,19,0,0,6,11,4,0,0.32,2.6,7.6,0
1,1,1,9254,1,1,128.0,127.0,1,19,38,9,9,0,0,0,1,0,0,19,0,0,6,6,6,0,1.79,0.5,12.4,0
1,17,1,9500,1,1,142.0,131.3,1,37,37,5,5,1,0,0,1,0,0,19,0,0,8,8,7,0,1.74,1.4,10.8,0
1,1,1,171,1,1,135.0,137.1,1,1,19,3,9,1,0,0,1,0,0,18,0,0,0,0,0,0,-1.7,3.7,12.7,0
1,7,1,9070,1,40,120.0,120.0,1,1,19,3,9,1,0,0,1,0,0,21,0,9,13,14,13,1,0.79,-0.3,13.9,0
1,39,1,9991,0,40,140.0,139.0,1,1,19,9,9,0,0,0,1,0,0,27,0,0,5,5,5,0,3.51,1.4,8.9,0
1,17,1,9238,1,1,135.0,129.1,1,1,19,4,4,0,0,0,1,0,0,19,0,0,6,6,6,0,-4.06,2.8,15.5,0
4,39,1,9085,1,1,133.1,128.2,1,34,34,0,0,0,0,0,1,0,0,25,0,0,5,5,0,0,0.32,2.6,7.6,1
1,1,2,9500,1,1,137.0,120.8,1,19,19,7,7,1,0,0,1,0,1,18,0,0,8,8,7,0,1.74,1.4,10.8,0
1,39,1,9500,1,3,122.0,135.8,1,19,1,4,8,0,0,0,1,0,0,24,0,0,8,8,7,0,1.74,1.4,10.8,0
1,1,3,9500,1,1,128.0,118.9,1,1,1,4,10,1,0,0,1,0,0,20,0,0,7,8,7,0,0.79,-0.3,13.9,0
1,7,1,9991,0,40,140.0,140.0,1,37,37,6,6,0,0,0,1,0,0,26,0,3,5,5,5,0,1.79,0.5,12.4,0
1,1,1,9238,1,1,132.0,127.1,1,1,38,9,7,1,0,0,1,0,1,20,0,0,6,9,6,0,3.51,1.4,8.9,0
1,1,1,9085,1,1,131.0,137.0,1,37,37,90,90,0,0,0,1,0,0,18,0,0,5,5,5,0,0.32,2.6,7.6,0
1,1,1,9085,1,1,126.0,127.4,1,1,1,9,9,1,0,0,1,0,0,19,0,0,6,13,6,0,-4.06,2.8,15.5,0
1,1,1,9853,1,1,133.1,97.0,1,19,19,9,9,1,0,0,1,0,0,23,0,0,6,9,5,0,-1.7,3.7,12.7,1
1,1,4,9500,1,1,136.0,126.3,1,37,37,9,9,1,0,0,1,0,1,18,0,0,7,7,6,0,0.32,2.6,7.6,0
1,1,4,9500,1,1,140.0,127.5,1,1,19,4,5,0,0,0,1,0,0,18,0,0,7,0,0,0,-1.7,3.7,12.7,1
1,1,1,9500,1,1,135.0,126.6,1,2,1,2,8,0,0,0,1,0,1,19,0,0,7,7,7,0,2.02,0.6,11.1,0
1,42,1,9991,0,1,160.0,120.0,1,1,2,4,3,0,0,0,1,0,0,30,0,4,7,9,7,0,0.32,2.6,7.6,0
1,44,1,9085,1,39,140.0,140.0,1,1,2,4,6,1,0,0,1,0,0,29,0,0,6,0,0,0,-4.06,2.8,15.5,1
1,1,6,9500,1,1,140.0,131.5,1,3,1,3,3,1,0,0,1,0,0,19,0,0,8,8,8,0,-3.12,-0.8,9.4,0
1,17,6,9556,1,1,115.0,112.2,1,19,2,5,3,1,0,0,1,0,0,20,0,0,7,7,7,0,1.79,0.5,12.4,0
1,1,1,9500,1,1,144.0,150.5,1,37,37,9,3,0,0,0,1,0,0,20,0,0,7,7,6,0,0.32,2.6,7.6,0
1,1,4,9670,1,1,128.0,121.0,1,38,38,3,7,1,0,0,1,0,0,19,0,0,6,8,6,0,2.02,0.6,11.1,0
1,17,1,9147,1,1,116.0,112.2,1,38,2,9,2,1,0,0,1,0,0,20,0,0,5,8,3,0,1.74,1.4,10.8,0
3,1,2,9085,1,1,135.0,129.4,1,19,1,4,4,1,0,0,1,0,0,21,0,0,5,8,0,4,1.74,1.4,10.8,1
1,17,1,9670,1,1,121.0,114.4,1,19,38,4,10,0,0,0,1,0,0,19,0,0,6,10,5,0,2.02,0.6,11.1,0
1,1,3,9500,1,1,134.0,120.3,1,37,38,9,9,1,0,0,1,0,1,18,0,0,8,8,7,0,1.74,1.4,10.8,0
1,39,1,8014,0,1,120.0,120.0,1,37,37,7,8,0,0,0,1,0,1,27,0,0,6,8,6,0,-4.06,2.8,15.5,0
1,17,2,9147,1,1,125.0,114.5,1,38,38,6,8,1,0,0,1,0,1,19,0,0,5,6,5,0,1.79,0.5,12.4,0
1,1,1,9500,1,1,141.0,127.8,1,1,1,90,3,0,0,0,1,0,1,19,0,0,7,7,0,2,0.32,2.6,7.6,1
1,1,1,9773,1,1,140.0,124.6,1,1,19,4,8,1,0,0,1,0,0,19,0,0,6,7,5,0,-4.06,2.8,15.5,0
1,1,6,9500,1,1,144.0,130.3,1,19,19,5,5,1,0,0,1,0,1,18,0,0,8,8,7,0,-1.7,3.7,12.7,0
1,17,1,9254,1,1,122.0,118.2,1,19,19,5,5,0,0,0,1,0,1,20,0,0,6,10,4,0,1.79,0.5,12.4,0
1,1,1,9670,1,1,130.0,118.8,1,19,37,4,5,0,0,0,1,0,1,18,0,0,6,6,6,0,-1.7,3.7,12.7,0
1,1,5,9670,1,1,133.1,133.0,1,9,1,2,4,1,0,0,1,0,0,19,0,0,6,0,0,0,0.32,2.6,7.6,1
2,39,1,9500,1,19,133.1,129.0,1,37,37,9,9,1,0,0,1,0,0,36,0,0,7,7,6,0,0.32,2.6,7.6,0
1,43,1,9556,1,1,147.0,100.0,1,3,4,3,2,0,0,0,1,0,0,18,0,0,2,2,0,0,1.74,1.4,10.8,0
1,43,1,9130,1,1,127.0,120.7,1,19,38,4,5,1,0,1,1,0,0,18,0,0,5,11,1,0,-1.7,3.7,12.7,0
1,17,6,9500,1,1,136.0,132.5,1,19,38,9,3,1,0,0,1,0,0,19,0,0,8,9,7,0,-1.7,3.7,12.7,0
1,1,5,9500,1,1,127.0,120.3,1,19,19,7,8,1,0,0,1,0,1,18,0,0,8,8,7,0,1.74,1.4,10.8,0
1,17,1,9670,1,1,123.0,114.6,1,19,19,1,1,0,0,0,1,0,0,18,0,0,5,5,4,0,-3.12,-0.8,9.4,0
1,1,1,9238,1,1,128.0,116.5,1,37,19,9,3,1,0,0,1,0,1,19,0,0,6,6,6,0,1.79,0.5,12.4,0
1,1,1,9500,1,1,128.0,127.8,1,3,1,2,1,0,0,0,1,0,1,19,0,0,7,8,7,0,0.79,-0.3,13.9,0
1,1,2,9500,1,1,140.0,129.9,1,1,19,7,7,1,0,0,1,0,0,18,0,0,7,8,7,0,-4.06,2.8,15.5,1
1,1,2,9773,1,1,121.0,118.9,1,1,19,9,7,1,0,0,1,0,0,20,0,0,6,6,6,0,2.02,0.6,11.1,0
1,1,3,9254,1,1,122.0,114.3,1,19,38,3,10,1,0,0,1,0,1,20,0,0,6,8,5,0,1.79,0.5,12.4,0
1,18,1,9500,1,1,126.0,114.8,1,38,37,5,5,1,0,0,1,0,0,20,0,0,8,8,7,0,1.74,1.4,10.8,0
1,1,4,9500,1,1,135.0,123.0,1,37,37,9,8,1,0,0,1,0,1,18,0,0,8,8,7,0,1.74,1.4,10.8,0
1,1,2,9500,1,1,131.0,122.1,1,19,19,7,5,1,0,0,1,0,0,18,0,0,7,8,7,0,-4.06,2.8,15.5,0
1,17,4,9085,1,1,140.0,123.7,1,19,37,4,7,0,0,0,1,0,0,19,0,0,5,11,5,2,-3.12,-0.8,9.4,0
1,1,3,9147,1,1,131.0,132.4,1,19,38,9,7,1,0,0,1,0,0,19,0,0,5,5,5,0,-3.12,-0.8,9.4,0
2,39,1,8014,0,1,130.0,114.8,1,34,34,99,99,0,0,0,1,0,0,44,0,0,6,9,6,0,0.32,2.6,7.6,0
1,7,1,9003,1,3,130.0,130.0,1,38,37,5,6,0,0,0,1,0,0,32,0,0,6,7,0,0,1.79,0.5,12.4,1
1,43,1,9853,1,1,140.0,122.3,1,37,19,9,8,0,0,0,1,0,0,22,0,0,6,9,5,0,-1.7,3.7,12.7,1
2,39,1,9003,1,1,130.0,152.4,1,1,19,4,9,1,0,0,1,0,0,36,0,4,12,14,12,0,3.51,1.4,8.9,0
1,17,1,9773,1,1,125.0,120.1,1,37,37,5,7,0,0,0,1,0,1,18,0,0,6,7,6,0,-0.92,0.3,16.2,0
1,1,1,9130,1,1,160.0,155.1,1,3,3,3,2,1,0,0,1,0,0,20,0,0,5,5,5,0,-1.7,3.7,12.7,0
1,51,1,9070,1,1,130.0,124.5,1,19,19,5,7,0,0,0,1,0,1,20,0,5,11,11,11,0,2.02,0.6,11.1,0
1,17,1,9238,1,1,144.0,126.9,1,3,1,2,3,0,0,0,1,0,0,19,0,0,6,8,5,0,-4.06,2.8,15.5,0
1,39,1,9147,1,19,133.1,153.2,1,3,1,3,5,1,0,1,1,0,0,24,0,0,5,8,5,0,1.79,0.5,12.4,0
1,17,1,9238,1,1,148.0,129.8,1,1,1,4,9,0,0,0,1,0,0,20,0,0,6,11,5,0,-4.06,2.8,15.5,0
1,43,1,8014,0,1,133.1,135.0,1,3,3,2,3,0,0,0,1,0,0,27,0,7,10,10,9,0,1.74,1.4,10.8,1
1,1,1,9853,1,1,133.0,131.3,1,1,38,5,10,1,0,0,1,0,0,20,0,0,6,9,5,0,-4.06,2.8,15.5,0
1,43,6,9238,1,1,129.0,125.2,1,34,34,0,0,0,0,0,1,0,1,23,0,15,16,18,16,0,-3.12,-0.8,9.4,0
1,1,5,9500,1,1,144.0,141.3,1,19,38,4,8,1,0,0,1,0,1,18,0,0,8,9,8,1,-3.12,-0.8,9.4,0
1,17,1,9238,1,1,120.0,117.1,1,37,37,4,9,1,0,0,1,0,1,18,0,0,6,10,5,1,-1.7,3.7,12.7,0
1,17,3,9500,1,1,144.0,126.5,1,1,37,9,9,1,0,0,1,0,1,20,0,0,8,8,7,0,1.74,1.4,10.8,0
1,1,1,9254,1,1,132.0,120.1,1,19,38,9,7,0,0,0,1,0,1,20,0,0,6,6,6,0,0.79,-0.3,13.9,0
1,1,1,9670,1,1,142.0,128.4,1,38,19,7,10,0,0,0,1,0,0,23,0,0,6,11,6,0,2.02,0.6,11.1,1
1,1,2,9500,1,1,136.0,140.0,1,19,19,9,9,1,0,0,1,0,0,20,0,0,7,7,6,0,0.32,2.6,7.6,0
1,39,1,9254,1,9,133.1,110.0,1,34,34,0,0,1,0,0,0,0,0,28,0,0,5,10,0,0,0.32,2.6,7.6,1
1,1,1,9670,1,1,122.0,116.8,1,1,19,3,5,1,0,0,1,0,0,21,0,0,5,8,4,0,0.32,2.6,7.6,0
1,1,2,9556,1,1,133.1,104.5,1,19,19,9,9,1,0,0,1,0,0,21,0,0,2,2,2,0,1.79,0.5,12.4,1
1,7,1,9500,1,3,140.0,140.0,1,34,34,0,0,0,0,0,1,0,0,28,0,0,7,0,0,0,0.32,2.6,7.6,1
1,1,1,9500,1,1,117.0,113.2,1,3,1,3,3,0,1,0,1,0,0,18,0,0,7,10,6,0,-0.92,0.3,16.2,0
1,17,1,9238,1,1,128.0,118.6,1,38,19,191,175,1,0,0,1,0,1,21,0,0,6,8,5,0,3.51,1.4,8.9,0
1,1,1,9500,1,1,136.0,123.8,1,1,1,4,4,0,0,0,1,0,0,19,0,0,7,10,6,0,0.79,-0.3,13.9,0
1,18,6,9500,1,1,141.0,126.7,1,1,19,1,1,1,0,0,1,0,1,18,0,0,8,8,7,0,-1.7,3.7,12.7,0
1,1,3,9500,1,1,130.0,133.8,1,3,1,2,5,0,0,0,1,0,0,19,0,0,7,0,0,0,0.32,2.6,7.6,1
1,44,1,9085,1,39,140.0,140.0,1,38,38,9,7,0,0,0,1,0,0,20,0,2,6,9,6,0,0.79,-0.3,13.9,0
1,1,3,9500,1,1,102.0,100.6,1,1,19,9,5,1,0,0,1,0,1,20,0,0,7,9,6,0,1.79,0.5,12.4,0
1,17,1,9853,1,1,126.0,132.7,1,1,37,7,9,0,0,0,1,0,1,18,0,0,6,7,6,0,1.74,1.4,10.8,0
1,43,2,9670,1,1,125.0,106.6,1,38,19,4,3,1,0,0,1,0,0,20,0,4,6,7,6,0,1.74,1.4,10.8,1
1,39,1,9670,1,1,120.0,140.4,1,1,19,5,4,0,0,0,1,0,0,31,0,2,6,13,5,0,0.79,-0.3,13.9,1
1,17,3,9500,1,1,132.0,128.3,1,37,37,9,7,1,0,0,1,0,1,19,0,0,7,8,7,0,-4.06,2.8,15.5,0
1,1,3,9500,1,1,128.0,118.6,1,38,38,5,5,1,0,0,1,0,1,19,0,0,7,9,6,0,0.79,-0.3,13.9,0
1,1,1,9070,1,1,115.0,123.4,1,19,1,3,8,0,0,0,1,0,0,23,0,1,6,8,6,1,0.79,-0.3,13.9,0
1,1,1,9670,1,1,125.0,124.0,1,37,37,5,5,0,0,0,1,0,0,19,0,0,6,7,6,0,1.79,0.5,12.4,0
1,1,6,9500,1,1,137.0,121.3,1,1,3,3,2,1,0,0,1,0,0,20,0,0,7,7,6,0,0.32,2.6,7.6,0
1,1,1,9085,1,1,101.0,101.0,1,37,37,9,4,1,0,1,1,0,0,22,0,0,6,9,5,0,1.79,0.5,12.4,0
1,1,1,9853,1,1,126.0,116.9,1,3,1,2,5,1,1,0,1,0,0,18,0,0,7,10,6,0,0.79,-0.3,13.9,0
1,7,3,9130,1,3,130.0,130.0,1,19,37,90,5,0,0,1,0,0,0,27,0,1,5,6,2,0,-1.7,3.7,12.7,1
1,39,1,9556,1,19,100.0,120.0,1,37,38,9,9,0,0,0,1,0,0,29,0,0,7,9,1,0,-1.7,3.7,12.7,1
1,17,1,9254,1,1,122.0,130.4,1,1,19,4,3,1,0,0,1,0,0,18,0,0,6,10,5,0,2.02,0.6,11.1,0
1,17,1,9070,1,1,126.0,118.7,1,19,38,9,7,0,0,0,1,0,0,18,0,0,6,7,5,0,-0.92,0.3,16.2,0
1,17,1,9500,1,1,128.0,131.5,1,38,38,7,7,0,0,0,1,0,0,18,0,0,8,8,8,0,-3.12,-0.8,9.4,0
1,17,3,9085,1,1,134.0,120.4,1,37,38,9,9,1,0,0,1,0,0,20,0,0,5,13,3,2,-3.12,-0.8,9.4,0
1,17,2,9254,1,1,128.0,129.1,1,38,38,9,9,1,0,0,1,0,0,18,0,0,6,6,6,0,2.02,0.6,11.1,0
1,1,1,9070,1,1,125.0,132.0,1,1,1,4,4,0,0,0,0,0,0,18,0,1,6,10,5,1,0.79,-0.3,13.9,0
1,7,2,9085,1,3,130.0,130.0,1,3,3,1,1,0,0,0,0,0,0,28,0,0,5,9,1,1,1.74,1.4,10.8,1
1,1,2,9500,1,1,135.0,132.8,1,37,1,7,7,1,0,0,1,0,1,18,0,0,8,12,7,0,-1.7,3.7,12.7,0
1,39,1,9500,1,19,133.1,143.7,1,37,38,151,161,0,0,0,1,0,0,27,0,0,7,12,4,0,1.79,0.5,12.4,0
1,39,1,33,1,1,140.0,152.8,1,3,1,2,4,0,0,0,1,0,0,26,0,0,7,9,7,0,-0.92,0.3,16.2,0
1,1,2,9773,1,1,138.0,133.5,1,19,1,9,3,1,0,0,1,0,0,18,0,0,6,6,6,0,-1.7,3.7,12.7,0
1,1,1,9130,1,1,150.0,146.2,1,5,5,2,2,0,0,0,1,0,0,18,0,0,5,12,4,2,-3.12,-0.8,9.4,1
1,1,2,9147,1,1,125.0,115.2,1,1,19,4,6,0,1,0,1,0,0,21,0,0,5,6,0,0,-4.06,2.8,15.5,1
1,1,2,9070,1,1,121.0,120.7,1,4,1,2,3,1,0,0,1,0,0,18,0,0,6,8,4,0,-3.12,-0.8,9.4,0
2,39,1,8014,0,1,120.0,101.8,1,34,34,99,99,0,0,0,0,0,0,32,0,0,5,5,0,0,1.74,1.4,10.8,1
1,39,2,9670,1,1,140.0,100.0,1,34,34,0,0,0,0,0,1,0,0,28,0,0,5,6,4,0,0.32,2.6,7.6,0
1,39,1,9991,0,1,100.0,121.9,1,37,19,9,2,0,0,0,0,0,0,40,0,0,4,4,0,0,-1.7,3.7,12.7,1
2,18,2,8014,0,1,140.0,120.4,1,37,37,9,10,0,0,1,0,0,0,39,0,0,5,5,0,0,-3.12,-0.8,9.4,1
2,18,2,9238,1,1,140.0,120.4,1,37,37,9,10,0,0,1,0,0,0,39,0,0,6,0,0,0,-3.12,-0.8,9.4,1
2,39,1,9003,1,1,120.0,148.8,1,37,19,9,4,0,0,0,1,0,0,50,0,0,6,7,6,0,3.51,1.4,8.9,0
1,17,2,9853,1,1,138.0,123.0,1,1,1,9,4,1,0,0,1,0,0,23,0,0,6,10,5,0,1.74,1.4,10.8,1
4,39,1,8014,0,19,133.1,100.0,1,34,34,0,0,0,0,0,1,0,0,48,0,0,6,11,1,0,-3.12,-0.8,9.4,1
1,17,2,9853,1,1,118.0,112.1,1,37,37,9,9,1,0,0,1,0,0,23,0,0,6,11,4,0,0.32,2.6,7.6,1
1,1,6,9500,1,1,135.0,126.8,1,37,1,5,5,1,0,0,1,0,1,18,0,0,8,8,7,0,1.74,1.4,10.8,0
1,17,1,9130,1,1,130.0,115.9,1,3,19,2,9,0,0,0,1,0,0,18,0,0,5,14,2,2,-3.12,-0.8,9.4,0
1,15,1,9238,1,1,150.0,132.5,26,3,37,2,8,1,0,0,0,0,0,20,1,0,6,9,5,0,0.79,-0.3,13.9,0
1,18,3,9085,1,1,149.0,132.2,103,1,1,9,9,1,0,0,1,0,1,18,1,0,5,9,4,0,1.74,1.4,10.8,0
1,1,1,9556,1,1,180.0,183.5,103,5,3,1,1,1,0,0,1,0,0,18,1,0,7,8,4,0,-0.92,0.3,16.2,1
1,43,1,9119,1,1,133.1,136.0,1,1,1,9,3,0,0,0,1,1,0,31,0,0,5,12,1,0,-0.92,0.3,16.2,1
1,39,1,9119,1,19,133.1,100.9,1,19,19,5,3,1,0,0,1,1,0,24,0,0,5,9,1,0,1.74,1.4,10.8,0
1,39,1,171,1,1,145.0,114.5,1,3,1,2,10,1,0,0,1,1,0,24,0,0,0,0,0,0,-3.12,-0.8,9.4,0
1,39,1,9147,1,1,110.0,110.3,1,37,37,9,9,0,0,1,0,1,0,26,0,0,5,5,0,0,1.74,1.4,10.8,1
1,1,1,9130,1,1,154.0,137.2,1,3,3,2,2,1,0,1,1,1,0,18,0,0,6,11,5,0,-0.92,0.3,16.2,1
1,17,1,9147,1,1,126.0,116.9,1,37,37,4,7,0,0,0,1,1,1,19,0,0,5,12,3,0,-1.7,3.7,12.7,0
1,17,1,9670,1,1,133.0,121.8,1,19,37,9,8,1,0,0,1,1,0,22,0,0,6,0,0,0,0.79,-0.3,13.9,1
1,1,2,9500,1,1,145.0,127.3,1,4,2,2,3,1,0,0,1,1,0,18,0,0,8,8,7,0,1.74,1.4,10.8,0
1,44,1,9070,1,39,120.0,120.0,1,1,19,4,7,0,0,1,0,1,0,20,0,0,6,11,0,6,-0.92,0.3,16.2,1
1,44,1,171,1,39,150.0,150.0,1,4,4,2,2,0,0,0,1,1,0,25,0,0,0,0,0,0,-4.06,2.8,15.5,0
1,43,1,9991,0,1,150.0,100.0,1,3,3,4,4,1,0,0,1,1,0,24,0,0,5,10,4,0,0.79,-0.3,13.9,0
1,39,1,9119,1,1,150.0,150.0,1,3,3,4,4,1,0,0,1,1,0,27,0,0,5,10,1,0,3.51,1.4,8.9,1
1,17,1,9254,1,1,127.0,116.9,1,3,19,4,4,0,0,0,1,1,0,21,0,0,6,7,5,0,-4.06,2.8,15.5,0
1,44,1,9003,1,39,140.0,140.0,1,19,38,3,9,1,0,0,1,1,0,21,0,0,6,7,6,0,1.79,0.5,12.4,0
1,18,3,9773,1,1,128.0,122.1,1,19,1,9,9,1,0,0,1,1,0,19,0,0,6,9,4,0,1.74,1.4,10.8,1
1,39,1,9500,1,1,127.0,160.0,1,19,19,5,5,0,0,0,1,1,0,28,0,0,7,7,7,0,-0.92,0.3,16.2,0
1,1,1,9147,1,1,117.0,118.4,1,19,19,5,7,0,0,0,1,1,0,20,0,0,5,8,5,0,0.32,2.6,7.6,0
1,44,1,9003,1,39,150.0,150.0,1,1,19,4,10,0,0,0,1,1,1,21,0,0,6,8,6,0,-4.06,2.8,15.5,0
1,1,1,9500,1,1,154.0,144.9,1,1,1,5,3,0,0,0,1,1,1,18,0,0,7,7,7,0,-0.92,0.3,16.2,0
1,17,2,9119,1,1,127.0,121.1,1,19,1,9,10,1,0,0,1,1,1,18,0,0,5,6,5,0,3.51,1.4,8.9,0
1,1,2,9147,1,1,133.0,121.8,1,19,1,5,10,0,0,0,1,1,0,20,0,0,5,9,4,0,-4.06,2.8,15.5,0
1,39,1,9119,1,40,120.0,146.8,1,1,1,5,10,0,0,0,1,1,0,25,0,2,5,6,5,0,-0.92,0.3,16.2,0
1,1,1,9670,1,1,133.1,138.0,1,38,19,5,6,0,0,1,1,1,0,22,0,0,6,8,6,0,2.02,0.6,11.1,0
1,1,1,9500,1,1,149.0,138.0,1,37,37,9,9,0,0,0,1,1,0,18,0,0,8,11,6,1,-3.12,-0.8,9.4,0
1,17,2,9147,1,1,125.0,116.3,1,19,38,9,7,1,0,0,1,1,0,19,0,0,5,8,5,0,0.79,-0.3,13.9,0
1,1,5,9119,1,1,126.0,122.5,1,12,19,4,5,1,0,0,1,1,0,19,0,0,5,12,3,0,1.79,0.5,12.4,1
1,39,1,9773,1,19,133.1,115.0,1,19,1,7,9,1,0,1,0,1,0,25,0,0,6,10,4,0,-1.7,3.7,12.7,1
1,43,1,9070,1,1,115.0,115.0,1,12,12,1,10,0,0,1,1,1,0,21,0,5,11,12,9,0,-4.06,2.8,15.5,1
1,17,3,9119,1,1,117.0,119.8,1,1,2,3,2,1,0,0,1,1,0,19,0,0,5,10,2,0,2.02,0.6,11.1,1
1,17,2,9147,1,1,133.1,95.0,1,1,1,4,4,0,0,0,1,1,0,20,0,0,5,14,0,0,2.02,0.6,11.1,1
1,44,1,9003,1,39,150.0,150.0,1,3,2,2,2,0,0,0,1,1,0,25,0,9,14,16,14,0,-4.06,2.8,15.5,1
1,17,1,9147,1,1,130.0,117.8,1,19,1,7,4,1,0,0,1,1,0,20,0,0,5,8,3,0,1.74,1.4,10.8,0
1,1,1,171,1,1,161.0,144.2,1,37,37,9,9,1,0,0,1,1,0,18,0,0,0,0,0,0,0.32,2.6,7.6,0
1,44,1,9254,1,39,130.0,130.0,1,39,39,194,193,1,0,1,1,1,0,23,0,0,6,12,3,0,3.51,1.4,8.9,0
1,42,1,9500,1,1,111.0,128.2,1,1,3,9,10,1,0,0,1,1,0,23,0,0,8,8,8,0,-3.12,-0.8,9.4,0
1,53,1,9003,1,42,140.0,135.3,1,3,38,141,151,0,0,0,1,1,0,21,0,7,12,18,11,0,3.51,1.4,8.9,0
1,1,1,9130,1,1,132.0,143.9,1,1,1,3,3,1,0,0,1,1,0,20,0,0,5,14,2,3,-3.12,-0.8,9.4,0
1,39,1,9991,0,1,139.0,140.7,1,1,1,4,10,0,0,0,1,1,0,25,0,0,5,13,1,0,1.79,0.5,12.4,1
1,1,1,9130,1,1,132.0,130.4,1,19,38,9,9,1,0,0,1,1,0,18,0,0,6,6,6,0,3.51,1.4,8.9,0
1,1,6,9070,1,6,119.0,123.2,1,1,1,9,9,1,0,0,1,1,0,22,0,0,6,6,6,0,1.74,1.4,10.8,0
1,39,1,9670,1,1,133.1,118.0,1,19,19,3,9,0,0,0,1,1,0,27,0,0,6,7,6,0,3.51,1.4,8.9,0
1,39,1,9003,1,19,133.1,120.0,1,4,1,2,4,0,0,0,1,1,0,25,0,0,3,4,0,0,-0.92,0.3,16.2,1
1,17,4,9119,1,1,129.0,118.9,1,34,36,0,5,1,0,0,1,1,0,18,0,0,5,9,3,0,0.32,2.6,7.6,1
1,17,1,9085,1,1,128.0,117.2,1,38,19,8,8,0,0,0,1,1,0,20,0,0,5,7,5,1,-1.7,3.7,12.7,0
1,39,1,9003,1,1,120.0,120.0,1,3,4,2,2,0,0,0,1,1,0,27,0,0,6,10,5,0,-0.92,0.3,16.2,0
1,1,1,8014,0,1,130.0,118.1,1,1,1,9,9,0,0,0,1,1,0,20,0,0,6,7,6,0,0.32,2.6,7.6,0
1,1,1,9147,1,1,130.0,124.8,1,38,37,9,9,1,0,0,1,1,0,22,0,0,5,9,0,0,0.32,2.6,7.6,1
1,17,6,9119,1,1,111.0,106.5,1,19,3,5,10,1,0,0,1,1,0,19,0,0,5,10,3,0,1.79,0.5,12.4,1
1,1,6,9147,1,1,121.0,116.8,1,3,19,4,5,0,0,0,1,1,0,20,0,0,5,14,3,0,0.79,-0.3,13.9,0
1,43,4,171,1,1,117.0,109.3,1,19,12,9,10,0,0,0,1,1,0,19,0,0,0,0,0,0,-3.12,-0.8,9.4,0
2,39,1,9085,1,9,133.1,120.0,1,1,1,4,4,1,0,0,0,1,0,29,0,0,5,12,0,4,-3.12,-0.8,9.4,1
1,1,2,9500,1,1,149.0,137.5,1,3,1,9,9,0,0,0,1,1,0,19,0,0,8,8,7,0,-1.7,3.7,12.7,0
1,39,2,9991,0,1,172.0,150.0,1,19,37,9,8,1,0,0,1,0,1,28,0,0,5,7,5,0,-3.12,-0.8,9.4,0
2,1,1,9238,1,1,134.0,120.4,1,37,37,5,5,0,0,0,1,0,0,20,0,0,6,7,6,0,0.32,2.6,7.6,0
1,1,4,9070,1,1,136.0,136.7,1,37,37,9,8,1,0,0,1,0,0,20,0,0,6,6,4,0,1.74,1.4,10.8,0
1,39,1,8014,0,1,133.1,118.5,1,34,5,0,1,1,0,0,1,0,0,31,0,0,6,12,0,0,0.32,2.6,7.6,1
1,17,5,9500,1,1,141.0,133.0,1,12,1,5,5,1,0,0,1,0,0,18,0,0,7,8,7,0,0.79,-0.3,13.9,0
1,17,1,9670,1,1,141.0,128.8,1,1,19,8,7,1,0,0,1,0,0,19,0,0,6,6,6,0,3.51,1.4,8.9,0
1,1,1,9147,1,1,148.0,133.0,1,37,38,9,8,1,0,0,1,0,0,18,0,0,5,10,4,0,0.79,-0.3,13.9,0
1,17,1,9254,1,1,102.0,102.0,1,37,37,7,7,0,0,0,1,0,0,19,0,0,6,8,5,0,1.74,1.4,10.8,0
1,1,1,9147,1,1,143.0,133.9,1,1,19,3,3,0,0,0,1,0,1,18,0,0,5,5,5,0,-1.7,3.7,12.7,0
1,17,1,9085,1,1,120.0,127.0,1,38,19,90,90,0,0,0,1,0,0,19,0,0,5,7,3,0,0.32,2.6,7.6,0
1,17,1,9773,1,1,121.0,120.4,1,38,38,9,8,1,0,0,1,0,1,18,0,0,6,6,6,0,-4.06,2.8,15.5,0
1,1,3,9254,1,1,122.0,124.5,1,37,37,9,3,1,0,0,1,0,0,19,0,0,6,12,6,0,0.32,2.6,7.6,0
1,1,4,9556,1,1,122.0,123.9,1,37,1,5,4,0,0,0,1,0,0,19,0,0,7,9,7,0,0.79,-0.3,13.9,0
1,1,2,9670,1,1,123.0,117.8,1,19,1,9,3,1,0,0,1,0,0,18,0,0,6,6,6,0,1.74,1.4,10.8,0
1,1,1,9500,1,1,133.0,126.7,1,3,19,2,8,0,0,0,1,0,0,19,0,0,7,12,4,0,-0.92,0.3,16.2,0
1,44,1,9670,1,39,110.0,110.0,1,37,1,9,4,0,0,0,1,0,1,20,0,2,6,9,6,0,2.02,0.6,11.1,0
1,17,1,9670,1,1,155.0,134.7,1,1,19,4,8,1,0,0,1,0,0,20,0,0,6,8,5,0,-1.7,3.7,12.7,0
1,17,1,9003,1,1,119.0,113.2,1,37,37,4,6,0,0,1,1,0,0,20,0,0,6,8,6,0,2.02,0.6,11.1,0
1,39,1,9991,0,3,120.0,141.0,1,37,37,9,9,0,0,0,1,0,0,29,0,10,15,15,11,0,1.74,1.4,10.8,1
1,17,1,9853,1,1,133.1,111.5,1,38,12,7,0,0,0,0,0,0,1,20,0,0,6,10,4,0,0.32,2.6,7.6,1
4,39,1,9853,1,1,143.0,140.0,1,37,1,9,10,0,0,1,0,0,0,31,0,0,7,8,6,0,3.51,1.4,8.9,1
1,17,1,9670,1,1,149.0,134.3,1,19,37,7,4,0,1,0,1,0,0,20,0,0,6,7,6,0,1.74,1.4,10.8,0
1,17,1,9003,1,1,133.0,125.3,1,38,37,9,9,1,0,0,1,0,0,21,0,12,18,22,18,1,-4.06,2.8,15.5,0
1,7,1,9130,1,3,140.0,140.0,1,19,38,9,9,1,0,0,1,0,0,23,0,0,6,0,0,0,1.79,0.5,12.4,1
1,17,5,9070,1,1,122.0,119.6,1,19,38,5,7,0,0,1,0,0,0,21,0,0,6,6,4,0,1.74,1.4,10.8,1
1,7,1,9500,1,40,170.0,170.0,1,1,1,9,4,0,0,0,1,0,0,24,0,4,7,7,7,0,-0.92,0.3,16.2,0
1,39,1,8014,0,1,120.0,150.5,1,1,1,4,4,0,0,0,1,0,0,27,0,0,6,6,6,0,-4.06,2.8,15.5,0
1,1,1,9500,1,1,143.0,128.0,1,1,37,3,8,0,0,0,1,0,1,18,0,0,7,9,7,0,0.79,-0.3,13.9,0
1,1,3,171,1,1,115.0,108.7,1,9,1,6,6,1,0,0,0,0,0,21,0,0,0,0,0,0,-3.12,-0.8,9.4,1
1,17,1,9130,1,1,123.0,121.6,1,19,3,3,2,1,0,1,1,0,1,19,0,0,5,7,0,0,0.32,2.6,7.6,1
1,1,6,9500,1,1,131.0,125.3,1,38,19,7,7,1,0,0,1,0,1,19,0,0,8,8,7,0,1.74,1.4,10.8,0
1,17,1,9085,1,1,127.0,117.6,1,19,38,194,193,0,0,0,1,0,0,18,0,0,6,0,0,0,1.79,0.5,12.4,1
1,43,3,9500,1,1,126.0,124.3,1,38,37,6,5,1,0,0,1,0,1,18,0,0,7,8,5,0,0.32,2.6,7.6,0
1,1,2,9853,1,1,112.0,106.1,1,37,37,191,182,1,0,1,1,0,1,20,0,0,7,7,7,0,3.51,1.4,8.9,0
2,1,1,8014,0,1,150.0,139.9,1,1,37,4,7,1,0,0,1,0,0,24,0,0,6,9,5,0,-3.12,-0.8,9.4,0
1,1,1,9070,1,1,116.0,110.8,1,1,1,1,1,1,0,0,1,0,0,20,0,0,6,6,6,0,1.79,0.5,12.4,0
1,17,3,9147,1,1,118.0,118.0,1,1,19,5,7,0,0,0,1,0,0,20,0,0,5,11,4,0,1.79,0.5,12.4,0
1,1,1,9500,1,1,130.0,117.8,1,19,37,9,9,1,0,0,1,0,1,19,0,0,8,8,7,0,-1.7,3.7,12.7,0
1,1,6,9500,1,1,144.0,127.5,1,1,37,9,9,1,0,0,1,0,1,18,0,0,8,8,7,0,-1.7,3.7,12.7,0
1,17,2,9238,1,3,105.0,129.7,1,37,37,7,8,1,0,0,1,0,1,20,0,0,6,6,6,0,-3.12,-0.8,9.4,0
1,17,1,9500,1,1,143.0,130.6,1,37,37,9,8,1,0,0,1,0,0,20,0,0,7,8,7,0,-0.92,0.3,16.2,0
1,17,2,9500,1,1,137.0,126.3,1,19,37,4,7,1,0,0,1,0,1,19,0,0,7,9,6,0,2.02,0.6,11.1,0
1,44,1,9085,1,39,140.0,140.0,1,3,1,2,3,1,0,0,1,0,0,19,0,0,6,10,5,0,1.79,0.5,12.4,0
1,1,1,9773,1,1,133.1,105.0,1,3,19,4,5,1,0,0,1,0,0,20,0,0,6,6,6,0,-1.7,3.7,12.7,0
1,17,2,9147,1,1,116.0,114.6,1,1,38,4,3,1,0,0,1,0,0,19,0,0,5,15,2,0,0.79,-0.3,13.9,1
1,17,5,9853,1,1,117.0,114.6,1,38,38,9,7,1,0,0,1,0,0,19,0,0,6,11,4,0,-3.12,-0.8,9.4,1
1,17,1,9500,1,1,137.0,131.0,1,38,37,7,5,1,0,0,1,0,1,18,0,0,8,8,8,0,-3.12,-0.8,9.4,0
1,17,4,9070,1,1,116.0,109.0,1,38,37,9,9,0,0,0,1,0,1,23,0,0,6,6,6,0,2.02,0.6,11.1,1
1,1,1,9853,1,1,133.1,132.0,1,19,19,9,8,1,0,0,1,0,0,21,0,0,6,8,5,0,-1.7,3.7,12.7,1
1,44,1,8014,0,39,130.0,130.0,1,37,38,6,6,1,0,0,1,0,0,23,0,5,9,10,9,0,2.02,0.6,11.1,0
1,1,3,9500,1,1,106.0,109.5,1,19,37,9,7,1,0,0,1,0,0,19,0,0,7,8,7,0,0.79,-0.3,13.9,0
1,17,2,9773,1,1,125.0,115.9,1,1,38,5,6,1,0,0,1,0,0,18,0,0,6,6,6,0,1.79,0.5,12.4,0
1,1,1,9773,1,1,134.0,131.6,1,19,37,9,9,1,1,0,1,0,0,19,0,0,6,10,5,0,1.74,1.4,10.8,0
1,39,1,9500,1,1,133.1,120.0,1,19,37,9,9,0,0,0,1,0,1,25,0,0,8,8,7,0,-1.7,3.7,12.7,0
1,1,2,9853,1,1,117.0,109.7,1,1,38,4,9,1,0,0,1,0,0,19,0,0,6,9,5,0,-3.12,-0.8,9.4,0
1,1,1,9500,1,1,136.0,136.4,1,1,19,5,7,0,0,0,1,0,1,19,0,0,7,8,7,0,0.79,-0.3,13.9,0
1,39,1,9556,1,1,120.0,120.0,1,38,38,191,193,0,0,1,1,0,1,24,0,0,7,13,7,0,-1.7,3.7,12.7,0
1,1,1,9670,1,1,135.0,132.6,1,37,37,9,7,1,0,0,1,0,1,18,0,0,6,7,6,0,3.51,1.4,8.9,0
1,17,5,9238,1,1,122.0,112.9,1,37,37,7,5,1,0,0,1,0,1,19,0,0,6,8,6,0,-0.92,0.3,16.2,0
1,1,5,9500,1,1,147.0,134.3,1,37,37,9,9,0,0,0,1,0,1,18,0,0,8,12,7,0,-1.7,3.7,12.7,0
1,39,1,9991,0,1,120.0,123.2,1,38,1,9,4,0,0,0,1,0,0,27,0,0,5,9,3,0,1.74,1.4,10.8,0
1,17,3,9238,1,1,121.0,117.2,1,1,1,4,5,0,0,0,1,0,0,19,0,0,6,11,5,0,-4.06,2.8,15.5,0
1,18,1,9773,1,1,135.0,129.8,1,1,1,3,3,0,0,0,1,0,1,18,0,0,6,6,6,0,-1.7,3.7,12.7,1
2,39,1,9670,1,1,130.0,158.0,1,37,37,9,0,0,0,1,0,0,0,34,0,0,6,7,4,0,-1.7,3.7,12.7,1
1,1,6,9147,1,1,128.0,116.5,1,37,37,9,9,0,0,0,1,0,0,18,0,0,5,9,3,0,0.32,2.6,7.6,0
1,1,1,9147,1,1,129.0,121.0,1,37,38,4,9,1,0,0,1,0,0,18,0,0,5,8,2,0,0.32,2.6,7.6,0
1,1,3,9500,1,1,143.0,133.8,1,37,38,7,7,1,0,0,1,0,0,18,0,0,8,8,8,0,-3.12,-0.8,9.4,0
1,1,2,9773,1,1,108.0,115.0,1,38,38,7,7,1,0,1,0,0,0,20,0,0,6,0,0,0,3.51,1.4,8.9,1
1,1,1,9147,1,1,130.0,131.8,1,19,37,9,9,1,0,0,1,0,1,19,0,0,5,8,2,0,0.32,2.6,7.6,0
1,1,1,9238,1,1,135.0,121.0,1,37,1,3,5,0,0,0,1,0,0,21,0,0,6,11,5,0,0.32,2.6,7.6,0
2,39,1,9991,0,3,140.0,152.4,1,19,19,9,7,0,0,0,1,0,0,26,0,0,5,5,5,0,1.74,1.4,10.8,0
1,43,2,9556,1,1,120.0,110.2,1,1,19,4,3,0,0,0,1,0,0,27,0,0,7,9,7,0,1.74,1.4,10.8,0
1,1,1,9670,1,1,117.0,113.5,1,1,38,5,1,1,0,0,1,0,0,20,0,0,5,6,4,0,-3.12,-0.8,9.4,0
1,17,1,9238,1,1,151.0,144.4,1,19,1,5,0,1,0,0,1,0,0,18,0,0,6,8,6,0,-0.92,0.3,16.2,0
1,53,1,9085,1,42,140.0,143.3,1,1,1,5,5,1,0,0,0,0,0,23,0,7,12,19,9,0,3.51,1.4,8.9,0
1,39,1,9500,1,19,133.1,100.0,1,1,5,4,3,0,0,0,1,0,0,24,0,0,8,11,7,0,-1.7,3.7,12.7,0
1,44,1,9238,1,39,130.0,126.3,1,38,38,6,9,1,0,0,1,0,1,19,0,3,6,7,5,0,0.79,-0.3,13.9,0
1,1,1,9773,1,1,125.0,115.9,1,19,38,3,5,0,0,0,1,0,0,19,0,0,6,13,4,0,1.74,1.4,10.8,0
1,1,4,9238,1,1,125.0,114.9,1,19,38,9,6,1,0,1,1,0,1,19,0,0,6,9,5,0,3.51,1.4,8.9,0
1,1,1,9238,1,1,135.0,121.0,1,37,19,5,10,0,0,1,1,0,0,18,0,0,6,10,5,0,0.32,2.6,7.6,0
1,51,1,8014,0,1,121.0,112.3,1,1,38,5,7,0,0,0,1,0,0,22,0,14,16,16,13,0,-0.92,0.3,16.2,0
1,43,1,9070,1,1,141.0,127.0,1,1,19,5,10,0,0,0,1,0,0,20,0,0,6,6,5,0,-1.7,3.7,12.7,0
1,39,1,9003,1,1,130.0,120.0,1,19,19,9,9,0,0,0,1,0,0,25,0,0,6,6,0,0,2.02,0.6,11.1,1
1,44,1,9003,1,39,180.0,180.0,1,1,3,4,2,0,0,0,1,0,0,21,0,0,6,6,6,0,-4.06,2.8,15.5,0
1,1,1,9500,1,1,117.0,117.4,1,19,19,194,193,1,0,0,1,0,0,19,0,0,7,12,5,0,2.02,0.6,11.1,0
1,17,4,9773,1,1,127.0,115.8,1,1,19,4,1,1,0,0,1,0,0,18,0,0,6,7,6,0,0.79,-0.3,13.9,0
1,1,3,9670,1,1,126.0,136.5,1,37,37,0,0,1,0,0,1,0,0,18,0,0,5,7,3,0,0.32,2.6,7.6,0
1,17,3,9500,1,1,143.0,129.0,1,3,3,9,7,1,0,0,1,1,0,19,0,0,7,8,7,0,0.79,-0.3,13.9,0
1,1,1,9085,1,1,144.0,137.6,13,3,3,6,6,1,0,0,1,0,1,19,1,0,5,6,5,0,1.74,1.4,10.8,0
1,17,2,9773,1,1,126.0,129.5,1,37,38,5,5,1,0,1,0,0,0,18,0,0,6,9,5,0,1.74,1.4,10.8,1
1,51,1,9238,1,39,140.0,129.1,1,38,38,5,7,1,0,0,1,0,1,20,0,6,11,11,11,0,1.79,0.5,12.4,0
1,17,5,9500,1,1,148.0,130.2,1,1,19,4,8,1,0,0,1,0,0,19,0,0,7,0,0,0,1.79,0.5,12.4,1
1,42,1,9500,1,1,100.0,134.3,1,19,37,5,7,1,0,0,1,0,0,28,0,12,17,21,17,0,-0.92,0.3,16.2,0
1,1,1,9238,1,1,151.0,138.4,1,37,1,9,9,1,0,0,1,0,1,20,0,0,6,8,6,0,-1.7,3.7,12.7,0
1,42,1,8014,0,1,120.0,120.0,1,37,38,90,7,1,0,0,1,0,0,30,0,9,11,19,9,1,0.32,2.6,7.6,1
1,1,4,9500,1,1,135.0,123.5,1,1,19,9,7,1,0,0,1,0,1,19,0,0,7,8,7,0,1.79,0.5,12.4,0
1,1,2,9070,1,1,121.0,116.1,1,19,19,3,3,1,0,0,1,0,0,22,0,0,6,7,6,0,-1.7,3.7,12.7,0
1,1,1,9254,1,1,116.0,110.8,1,38,38,5,8,1,0,0,1,0,0,18,0,0,6,8,6,0,2.02,0.6,11.1,0
1,17,1,9853,1,1,147.0,142.8,1,37,37,9,9,1,0,0,1,0,0,23,0,0,6,11,2,0,0.32,2.6,7.6,1
1,17,4,9070,1,1,160.0,155.5,1,1,19,5,7,1,0,0,1,0,0,18,0,0,6,6,6,0,2.02,0.6,11.1,0
1,1,1,9853,1,1,133.0,126.7,1,37,19,7,7,1,0,0,1,0,0,18,0,0,6,9,5,0,-4.06,2.8,15.5,0
2,39,1,9773,1,19,100.0,163.5,1,37,37,0,0,0,0,1,0,1,0,50,0,0,6,7,1,0,1.74,1.4,10.8,1
1,1,1,171,1,1,151.0,161.9,41,3,3,2,5,1,0,0,1,0,1,19,1,0,0,0,0,0,0.79,-0.3,13.9,0
1,17,2,9254,1,1,124.0,123.3,41,19,38,9,9,1,0,0,1,0,0,22,1,0,6,7,6,0,0.79,-0.3,13.9,0
1,44,1,9238,1,39,140.0,137.5,41,1,1,4,6,0,0,1,1,0,1,23,1,3,6,7,6,0,1.79,0.5,12.4,0
1,18,4,9085,1,1,170.0,166.6,1,1,1,4,5,0,0,1,0,0,1,20,0,2,5,8,5,1,-1.7,3.7,12.7,1
4,39,1,9238,1,19,133.1,103.5,1,37,37,9,10,0,0,0,0,0,0,44,0,0,6,0,0,0,0.79,-0.3,13.9,1
4,39,1,9003,1,19,133.1,110.0,1,37,37,9,9,0,0,0,1,1,0,49,0,6,12,17,7,0,-4.06,2.8,15.5,0
2,43,1,9991,0,1,100.0,128.2,1,37,37,9,9,0,0,0,1,1,0,46,0,6,10,13,9,0,0.32,2.6,7.6,0
1,39,1,9085,1,39,120.0,137.7,1,37,37,1,9,1,0,0,0,1,0,41,0,3,3,3,3,0,1.79,0.5,12.4,1
1,17,3,9500,1,1,133.0,128.8,1,38,19,9,8,1,0,0,1,1,0,18,0,0,7,8,7,0,0.79,-0.3,13.9,0
3,39,1,9991,0,1,120.0,170.0,1,37,1,9,2,0,0,0,1,1,0,43,0,0,5,5,5,0,-3.12,-0.8,9.4,0
4,39,2,9147,1,19,133.1,116.4,1,37,37,9,7,0,0,1,0,1,0,70,0,0,5,5,0,0,1.74,1.4,10.8,1
4,39,1,9130,1,19,133.1,100.9,1,37,38,9,4,0,0,0,1,1,0,48,0,0,6,0,0,0,-4.06,2.8,15.5,1
2,43,1,9003,1,1,133.1,136.0,1,37,37,9,7,0,0,0,1,1,0,41,0,18,19,19,19,0,-4.06,2.8,15.5,0
1,1,1,9254,1,1,140.0,130.0,1,19,19,9,3,0,0,0,1,1,0,21,0,0,6,8,6,0,-1.7,3.7,12.7,0
1,39,1,33,1,1,100.0,100.0,41,38,37,9,8,0,0,1,0,1,0,35,1,0,7,18,3,0,-0.92,0.3,16.2,1
2,39,1,9130,1,19,133.1,157.0,1,2,1,2,9,1,0,0,1,1,0,44,0,1,5,13,4,3,1.74,1.4,10.8,0
1,1,1,9147,1,1,143.0,152.1,1,3,1,5,5,1,0,1,1,1,0,18,0,0,5,15,4,0,0.79,-0.3,13.9,1
2,1,1,8014,0,1,165.0,162.9,1,37,37,0,0,1,0,0,1,1,0,45,0,0,6,7,6,0,0.32,2.6,7.6,0
1,1,1,9254,1,1,154.0,137.2,1,3,1,2,1,0,0,0,1,1,0,20,0,0,6,12,3,0,-4.06,2.8,15.5,0
1,44,1,9003,1,39,140.0,140.0,1,1,38,9,1,1,0,0,1,1,0,22,0,0,6,12,5,0,1.79,0.5,12.4,0
1,43,1,9119,1,1,140.0,146.5,1,37,38,5,7,0,0,0,1,1,0,39,0,0,5,10,3,0,0.79,-0.3,13.9,1
1,44,1,9085,1,39,130.0,130.0,1,2,2,6,6,0,0,0,0,1,0,20,0,2,6,10,5,0,1.79,0.5,12.4,0
2,39,1,9147,1,19,133.1,128.0,1,37,19,9,3,0,0,0,1,1,0,49,0,0,5,9,3,0,3.51,1.4,8.9,1
1,7,1,9556,1,4,190.0,190.0,1,5,5,2,2,1,0,0,1,1,0,43,0,4,4,4,4,0,2.02,0.6,11.1,1
2,39,1,9991,0,1,120.0,133.2,1,37,37,9,9,1,0,0,1,1,0,32,0,0,5,5,0,0,0.32,2.6,7.6,1
1,39,1,9238,1,12,100.0,124.3,1,37,37,9,9,0,0,0,1,1,0,47,0,3,9,9,9,0,1.74,1.4,10.8,0
5,39,1,9991,0,1,120.0,138.1,1,37,37,9,9,0,0,0,1,1,1,37,0,0,5,8,5,0,-0.92,0.3,16.2,1
2,39,1,8014,0,1,133.1,144.3,1,19,1,4,8,0,0,0,1,1,0,41,0,6,10,10,10,0,1.74,1.4,10.8,0
2,39,1,9003,1,1,150.0,140.0,1,37,37,9,6,0,0,0,1,1,0,60,0,17,18,18,18,0,-4.06,2.8,15.5,0
2,39,1,9254,1,1,120.0,148.3,1,1,19,9,9,0,0,0,1,1,0,47,0,6,11,11,11,0,1.74,1.4,10.8,0
1,39,1,8014,0,1,133.1,96.0,1,37,11,9,7,0,0,1,0,1,0,50,0,0,6,6,0,0,1.79,0.5,12.4,1
2,39,1,9991,0,19,133.1,121.7,1,38,38,90,90,1,0,0,1,1,0,45,0,0,5,5,0,0,0.32,2.6,7.6,1
1,39,1,9119,1,1,100.0,160.0,1,37,37,9,8,0,0,1,0,1,0,45,0,0,5,5,0,0,-4.06,2.8,15.5,1
2,39,1,9085,1,1,133.1,110.3,1,37,37,90,90,0,0,0,1,1,0,33,0,0,5,7,4,0,0.32,2.6,7.6,0
1,1,1,9500,1,1,143.0,129.0,1,3,3,2,2,0,0,0,1,1,0,18,0,0,8,8,7,0,1.74,1.4,10.8,0
2,39,1,9085,1,1,120.0,150.0,1,37,37,6,6,0,0,0,1,1,0,43,0,0,5,8,5,2,-3.12,-0.8,9.4,0
1,43,1,8014,0,1,161.0,100.0,1,19,37,4,10,0,0,0,1,1,0,44,0,9,13,18,13,0,-1.7,3.7,12.7,0
1,39,1,9130,1,9,133.1,107.5,1,34,36,0,90,0,0,0,1,1,0,29,0,0,5,5,0,0,0.32,2.6,7.6,1
4,39,1,9670,1,1,140.0,170.0,1,2,1,3,9,0,0,1,0,1,0,53,0,0,6,11,3,0,-1.7,3.7,12.7,1
2,42,1,9991,0,6,123.0,123.0,1,37,37,9,9,0,0,0,1,1,0,37,0,0,5,10,5,0,-3.12,-0.8,9.4,0
1,43,1,9670,1,1,142.0,138.5,1,38,1,8,10,1,0,0,1,1,0,18,0,0,6,16,5,0,0.79,-0.3,13.9,0
1,43,1,33,1,19,133.1,140.0,1,38,38,4,4,0,0,1,1,1,0,35,0,3,10,18,6,0,-0.92,0.3,16.2,1
1,1,1,9254,1,1,115.0,113.6,1,19,1,3,7,0,0,0,1,1,0,23,0,0,6,10,6,0,2.02,0.6,11.1,0
1,1,1,171,1,1,156.0,170.0,1,19,38,9,5,1,0,0,1,1,0,22,0,0,0,0,0,0,0.32,2.6,7.6,0
1,39,1,8014,0,1,140.0,115.5,1,37,37,90,5,0,0,0,0,1,0,33,0,0,6,6,1,0,1.74,1.4,10.8,1
1,7,3,9130,1,3,130.0,130.0,1,37,26,90,10,0,0,0,0,1,0,41,0,0,5,9,0,4,1.74,1.4,10.8,1
4,7,1,9500,1,3,140.0,140.0,1,37,38,9,7,0,0,0,1,1,0,51,0,4,7,7,7,0,0.79,-0.3,13.9,0
1,51,1,9670,1,1,140.0,126.6,1,12,5,3,3,0,0,0,1,1,0,19,0,2,6,7,6,0,2.02,0.6,11.1,0
1,39,1,9991,0,1,133.1,143.2,1,37,37,9,9,0,0,0,1,1,0,35,0,0,5,5,0,0,2.02,0.6,11.1,1
1,1,2,171,1,1,131.0,131.4,41,19,1,4,7,1,0,0,1,1,0,20,1,0,0,0,0,0,0.32,2.6,7.6,0
1,43,1,9670,1,1,141.0,133.3,1,3,2,2,2,1,0,0,1,1,0,18,0,0,6,13,4,0,0.79,-0.3,13.9,0
1,1,1,9773,1,1,120.0,118.3,1,19,37,9,9,0,0,1,0,1,1,18,0,0,6,11,5,0,0.79,-0.3,13.9,1
1,44,1,9003,1,39,140.0,140.0,1,2,1,4,6,0,0,0,1,1,0,21,0,0,6,12,5,0,0.79,-0.3,13.9,0
1,1,1,9254,1,1,132.0,124.7,1,1,19,6,6,1,0,0,1,1,0,21,0,0,6,9,6,0,0.79,-0.3,13.9,0
2,39,2,9147,1,1,130.0,140.0,1,19,37,4,7,0,0,0,1,1,0,34,0,0,5,10,3,1,-3.12,-0.8,9.4,0
4,39,1,9130,1,1,140.0,150.0,1,37,37,6,7,1,0,0,1,1,0,34,0,0,6,9,0,0,-0.92,0.3,16.2,1
1,17,2,9670,1,1,110.0,115.6,1,3,3,4,10,1,0,0,1,1,0,21,0,0,6,10,6,0,2.02,0.6,11.1,0
1,43,1,9773,1,1,140.0,116.9,1,3,37,3,7,0,0,0,1,1,0,32,0,6,11,15,7,0,0.79,-0.3,13.9,0
1,17,2,9254,1,1,130.0,123.4,1,37,37,5,7,1,0,0,1,1,0,30,0,0,6,17,2,0,0.32,2.6,7.6,1
1,1,1,171,1,1,137.0,146.5,1,1,3,3,7,1,0,1,1,1,0,19,0,6,12,13,11,0,3.51,1.4,8.9,0
1,51,1,9773,1,1,158.0,117.1,1,1,19,8,8,1,0,0,1,1,0,20,0,1,7,7,6,0,3.51,1.4,8.9,1
1,1,1,9070,1,1,124.0,113.9,1,19,19,9,7,1,0,0,1,1,0,18,0,0,6,0,0,0,1.79,0.5,12.4,1
1,1,1,9254,1,1,136.0,128.7,1,3,3,2,2,0,0,0,1,1,0,19,0,0,6,7,6,0,3.51,1.4,8.9,0
1,17,3,9500,1,1,142.0,132.9,1,3,3,3,3,1,0,0,1,1,0,18,0,0,7,8,5,0,1.79,0.5,12.4,1
1,39,1,9991,0,1,150.0,123.0,1,1,19,4,8,0,0,0,1,1,0,27,0,0,5,8,4,0,-1.7,3.7,12.7,1
1,39,1,9773,1,12,120.0,129.8,1,1,1,9,9,1,0,0,1,1,0,52,0,0,6,7,5,0,-3.12,-0.8,9.4,0
2,43,1,9003,1,1,149.0,156.1,1,1,1,4,5,1,0,0,0,1,0,29,0,0,6,6,0,0,-4.06,2.8,15.5,1
1,51,1,9003,1,39,130.0,120.0,1,1,19,4,4,1,0,1,0,1,0,22,0,0,6,12,3,0,3.51,1.4,8.9,1
1,43,1,9085,1,1,110.0,117.2,25,38,38,9,6,1,0,0,1,1,0,28,1,13,18,45,18,12,-4.06,2.8,15.5,0
1,39,1,9670,1,6,133.1,107.0,1,1,1,90,3,1,0,0,1,1,0,30,0,0,5,5,0,0,0.32,2.6,7.6,1
1,1,2,9500,1,1,134.0,128.4,1,1,1,5,3,1,0,0,1,0,0,18,0,0,7,7,7,0,-0.92,0.3,16.2,0
1,1,2,9670,1,1,130.0,123.4,1,38,37,5,5,1,0,0,1,0,0,21,0,0,5,5,4,0,-3.12,-0.8,9.4,0
1,1,1,9070,1,1,141.0,126.7,1,37,37,9,9,1,0,1,1,0,1,20,0,0,6,9,6,0,-1.7,3.7,12.7,0
1,42,1,9500,1,1,123.0,123.0,1,37,37,3,3,1,0,0,1,0,1,21,0,0,8,8,8,0,-3.12,-0.8,9.4,0
2,39,1,9991,0,19,133.1,137.2,1,19,37,7,9,0,0,1,0,0,0,32,0,0,5,5,0,0,1.74,1.4,10.8,1
1,1,3,9070,1,1,122.0,125.9,1,37,37,9,9,1,0,0,1,1,1,20,0,0,6,6,6,0,1.79,0.5,12.4,0
1,1,4,171,1,1,132.0,138.0,1,1,19,4,5,1,0,1,0,1,0,19,0,0,0,0,0,0,-4.06,2.8,15.5,1
1,15,1,9670,1,1,133.1,128.2,41,1,1,9,5,0,0,1,0,1,0,18,1,0,6,6,4,0,3.51,1.4,8.9,1
1,43,1,9991,0,1,130.0,126.5,1,37,2,9,4,1,0,0,0,1,0,23,0,10,15,24,12,0,0.32,2.6,7.6,1
1,1,1,9254,1,1,111.0,112.4,1,1,1,3,3,1,0,0,1,1,0,20,0,0,6,10,6,0,1.79,0.5,12.4,0
2,43,2,9147,1,1,133.1,109.0,1,37,37,9,9,1,0,0,1,0,0,46,0,4,9,18,8,2,-3.12,-0.8,9.4,0
1,17,1,9003,1,1,125.0,100.0,1,3,3,2,2,0,0,0,1,1,0,27,0,16,18,19,18,0,-4.06,2.8,15.5,0
1,5,1,171,1,1,137.0,144.7,1,3,19,1,10,1,0,0,1,1,0,20,0,0,0,0,0,0,-0.92,0.3,16.2,0
2,43,3,8014,0,19,100.0,120.0,1,37,37,9,9,1,0,0,1,1,0,41,0,5,9,11,9,0,-3.12,-0.8,9.4,0
1,15,1,9147,1,1,133.1,100.0,21,1,3,192,3,0,0,1,1,1,0,40,1,0,5,10,1,0,2.02,0.6,11.1,0
2,44,1,8014,0,39,150.0,154.0,1,1,1,5,5,0,0,0,1,1,0,37,0,12,16,17,16,0,1.79,0.5,12.4,0
1,1,4,9147,1,1,120.0,111.3,1,38,38,5,10,0,0,0,1,1,0,20,0,0,5,8,5,0,1.79,0.5,12.4,0
1,44,1,9130,1,39,150.0,150.0,1,1,1,4,4,1,0,0,1,0,0,20,0,0,5,7,4,1,1.74,1.4,10.8,0
1,7,1,9991,0,40,133.1,100.0,1,1,37,4,1,0,0,0,1,0,0,26,0,8,9,11,9,0,1.79,0.5,12.4,0
2,39,1,8014,0,1,133.1,162.5,1,37,37,9,7,0,0,0,1,1,0,54,0,4,9,9,9,0,3.51,1.4,8.9,0
1,17,5,9670,1,1,132.0,134.1,1,19,19,5,5,1,0,0,1,1,0,21,0,0,6,6,6,0,1.74,1.4,10.8,0
1,1,1,9085,1,1,134.0,133.0,1,1,1,9,9,1,0,0,1,0,1,20,0,0,6,8,6,0,2.02,0.6,11.1,0
1,17,6,9773,1,1,126.0,119.0,1,1,19,5,5,1,0,0,1,0,0,18,0,0,6,0,0,0,1.79,0.5,12.4,1
1,1,3,9500,1,1,136.0,131.1,1,1,19,4,9,1,0,0,1,0,0,19,0,0,7,9,6,0,-4.06,2.8,15.5,0
1,1,2,9238,1,1,129.0,129.4,1,38,1,4,10,1,0,0,1,0,0,18,0,0,6,7,6,0,-3.12,-0.8,9.4,0
1,1,1,9085,1,1,126.0,123.9,1,3,1,2,8,1,0,0,1,0,0,19,0,0,6,13,4,0,1.79,0.5,12.4,0
1,44,1,9085,1,39,140.0,140.0,1,1,1,4,7,1,0,1,1,0,0,22,0,2,6,9,6,0,0.79,-0.3,13.9,1
1,43,1,9085,1,1,162.0,162.0,1,2,1,4,4,0,0,0,1,0,0,19,0,0,6,7,6,0,1.79,0.5,12.4,0
1,1,1,171,1,1,148.0,131.6,1,3,2,4,2,1,0,0,1,0,0,21,0,6,12,12,8,0,3.51,1.4,8.9,1
1,17,1,9853,1,1,119.0,110.6,1,3,3,132,132,0,0,0,1,0,0,20,0,0,7,9,6,0,2.02,0.6,11.1,0
1,17,3,9773,1,1,123.0,117.4,1,1,19,5,5,1,0,0,1,0,1,18,0,0,6,6,6,0,-0.92,0.3,16.2,0
1,17,1,9773,1,1,150.0,137.8,1,38,38,7,7,1,0,0,1,0,1,18,0,0,6,6,6,0,3.51,1.4,8.9,0
1,17,1,9670,1,1,113.0,106.7,1,1,1,5,4,1,0,1,1,0,0,20,0,0,6,10,2,0,-4.06,2.8,15.5,1
1,1,1,9500,1,1,152.0,156.9,1,19,37,3,8,0,0,0,1,0,1,18,0,0,7,10,7,0,-4.06,2.8,15.5,0
1,1,3,9500,1,1,154.0,129.0,1,3,3,1,3,1,0,0,1,0,0,18,0,0,8,9,6,2,-3.12,-0.8,9.4,0
1,1,2,9773,1,1,130.0,124.8,1,1,34,9,9,1,0,0,1,0,1,20,0,0,6,7,5,0,1.79,0.5,12.4,0
1,1,1,9238,1,1,121.0,115.1,1,1,1,1,1,1,0,0,1,0,0,19,0,0,6,10,6,0,2.02,0.6,11.1,0
1,1,1,9070,1,1,153.0,146.7,1,3,3,1,2,1,0,0,1,0,0,18,0,0,6,6,6,0,-1.7,3.7,12.7,0
1,1,1,9500,1,1,148.0,132.8,1,3,1,4,5,0,0,0,1,0,0,18,0,0,8,8,7,0,1.74,1.4,10.8,0
1,5,3,9085,1,1,143.0,159.1,1,37,37,0,90,0,0,1,1,0,1,18,0,0,5,5,5,0,0.32,2.6,7.6,1
1,17,3,171,1,1,147.0,137.6,1,19,1,5,4,1,0,0,1,0,1,20,0,0,0,0,0,0,-1.7,3.7,12.7,0
1,17,1,9773,1,1,138.0,124.0,1,1,19,9,9,0,0,0,1,0,1,19,0,0,6,6,6,0,2.02,0.6,11.1,0
1,39,1,9500,1,1,120.0,149.0,1,3,3,2,2,0,0,0,0,1,0,36,0,0,6,15,2,0,-4.06,2.8,15.5,1
1,17,1,9238,1,1,145.0,129.6,1,1,40,9,2,0,0,0,1,0,1,19,0,0,6,7,6,0,2.02,0.6,11.1,0
1,17,3,9238,1,1,118.0,110.0,1,3,1,2,5,1,0,0,1,0,0,18,0,0,6,6,6,0,3.51,1.4,8.9,0
1,1,3,9773,1,1,121.0,116.1,1,19,19,3,3,0,0,0,1,0,1,18,0,0,6,6,6,0,1.79,0.5,12.4,0
1,1,3,9773,1,1,135.0,133.3,1,38,38,5,8,1,0,0,1,0,1,18,0,0,6,6,6,0,3.51,1.4,8.9,0
1,44,1,9070,1,1,140.0,144.3,1,1,1,9,8,1,0,0,1,0,0,19,0,2,7,7,7,0,1.79,0.5,12.4,0
1,18,3,9500,1,1,145.0,133.6,1,1,1,4,8,1,0,0,1,0,0,18,0,0,7,8,7,0,2.02,0.6,11.1,0
1,1,1,9130,1,1,133.0,123.2,1,1,37,9,9,1,0,0,1,0,1,19,0,0,6,8,6,0,3.51,1.4,8.9,0
1,1,1,9853,1,1,127.0,137.2,1,3,1,3,7,1,0,0,1,0,0,18,0,0,6,7,6,0,1.74,1.4,10.8,0
1,53,1,9070,1,42,130.0,130.0,1,40,19,3,5,1,0,0,0,0,1,22,0,0,6,8,6,0,3.51,1.4,8.9,0
1,1,2,9238,1,1,117.0,110.0,1,19,1,9,8,1,0,1,0,0,0,18,0,0,6,0,0,0,2.02,0.6,11.1,1
1,17,4,9147,1,1,125.0,118.0,1,19,19,5,5,1,0,0,1,0,0,19,0,0,5,7,5,0,3.51,1.4,8.9,0
1,1,1,9773,1,1,141.0,128.4,1,38,38,9,9,1,0,0,1,0,0,18,0,0,6,6,6,0,2.02,0.6,11.1,0
1,1,3,9853,1,1,122.0,113.6,1,1,3,5,3,0,0,0,1,0,0,19,0,0,7,7,7,0,2.02,0.6,11.1,0
1,17,2,9147,1,1,118.0,113.5,1,19,1,9,3,1,0,1,1,0,0,20,0,0,5,10,2,0,2.02,0.6,11.1,0
1,17,3,9070,1,1,142.0,146.9,1,1,38,3,5,1,0,0,1,0,1,18,0,0,6,6,6,0,-0.92,0.3,16.2,0
1,1,1,9130,1,1,143.0,141.3,1,3,3,2,10,0,0,1,0,0,0,23,0,0,6,10,6,0,2.02,0.6,11.1,0
1,1,4,9773,1,1,143.0,129.7,1,1,3,4,7,1,0,0,1,0,0,20,0,0,4,4,0,0,3.51,1.4,8.9,1
1,1,5,9070,1,1,123.0,121.3,1,3,1,9,3,1,0,0,1,0,0,20,0,0,6,6,6,0,1.79,0.5,12.4,0
1,1,1,9238,1,1,115.0,109.1,1,1,1,9,4,1,0,1,0,0,1,22,0,0,6,0,0,0,1.79,0.5,12.4,1
1,17,2,9853,1,1,112.0,107.1,1,19,38,5,7,1,0,0,1,0,1,18,0,0,7,8,7,0,2.02,0.6,11.1,0
1,17,1,9500,1,1,135.0,129.2,1,19,38,9,9,0,0,0,1,0,1,18,0,0,7,7,7,0,2.02,0.6,11.1,0
1,1,1,9500,1,1,162.0,154.1,1,3,4,3,3,0,0,0,1,0,0,18,0,0,7,7,7,0,2.02,0.6,11.1,0
1,1,1,9853,1,1,143.0,147.2,1,19,3,4,4,0,0,0,1,0,0,18,0,0,7,7,7,0,2.02,0.6,11.1,0
1,51,1,9147,1,1,130.0,120.0,1,1,1,4,4,0,0,0,1,0,0,21,0,0,5,9,5,0,2.02,0.6,11.1,0
1,17,1,9070,1,1,136.0,130.8,1,1,37,4,5,0,0,0,1,0,0,20,0,0,6,6,6,0,1.74,1.4,10.8,0
1,16,1,9070,1,1,125.0,120.8,1,1,1,4,4,1,0,0,1,0,0,18,0,0,6,6,6,0,1.79,0.5,12.4,0
1,17,2,9500,1,1,132.0,125.4,1,19,37,3,5,1,0,0,0,0,1,20,0,0,7,7,7,0,2.02,0.6,11.1,0
1,1,1,8014,0,1,123.0,121.3,1,34,37,9,90,1,0,0,1,0,0,25,0,0,6,6,6,0,0.32,2.6,7.6,0
1,1,1,9147,1,1,142.0,127.0,1,19,19,9,9,1,0,0,1,0,1,18,0,0,5,10,5,0,0.79,-0.3,13.9,0
1,1,3,171,1,1,147.0,151.6,1,12,19,9,3,1,0,0,1,0,0,19,0,0,0,0,0,0,0.79,-0.3,13.9,0
1,1,1,9085,1,1,140.0,131.6,6,1,19,4,7,1,0,0,1,0,0,20,1,0,7,9,6,0,1.79,0.5,12.4,0
1,1,2,9238,1,1,133.1,106.0,1,19,19,9,9,1,0,0,1,0,1,20,0,0,6,7,6,0,1.79,0.5,12.4,0
1,18,4,9773,1,1,114.0,111.6,1,1,1,9,9,1,0,0,1,0,1,21,0,0,6,6,6,0,2.02,0.6,11.1,0
1,17,3,9670,1,1,125.0,117.3,1,1,3,4,3,1,0,0,1,0,0,18,0,0,6,8,6,0,3.51,1.4,8.9,0
1,17,1,9853,1,1,127.0,121.4,1,1,1,5,7,1,0,0,1,0,0,18,0,0,7,8,7,0,2.02,0.6,11.1,1
1,1,3,9070,1,1,132.0,126.1,1,1,3,9,7,1,0,0,1,0,1,18,0,0,6,6,6,0,2.02,0.6,11.1,0
1,1,4,9500,1,1,148.0,137.0,1,19,19,4,5,1,0,0,1,0,0,18,0,0,8,8,8,0,-3.12,-0.8,9.4,0
1,43,1,9670,1,1,139.0,120.8,1,3,19,3,5,0,0,0,1,0,0,19,0,0,6,0,0,0,-4.06,2.8,15.5,1
1,17,1,9254,1,1,136.0,128.7,1,39,3,3,3,1,0,0,1,0,0,20,0,0,6,8,6,0,0.79,-0.3,13.9,1
1,39,1,9238,1,9,133.1,118.0,1,34,34,0,0,0,0,0,1,0,0,47,0,0,6,12,0,0,0.32,2.6,7.6,1
1,43,1,9130,1,1,120.0,120.0,6,1,3,9,2,0,0,1,1,0,0,21,1,2,5,9,5,2,1.74,1.4,10.8,0
2,39,1,9130,1,1,130.0,160.0,1,37,37,9,6,0,0,0,1,1,0,31,0,1,6,11,2,1,-0.92,0.3,16.2,1
2,39,1,9119,1,1,110.0,150.0,1,37,37,90,5,1,0,0,1,1,0,46,0,0,5,6,0,0,0.32,2.6,7.6,1
1,1,3,9119,1,1,133.0,121.8,1,3,1,3,4,1,0,0,1,1,0,18,0,0,5,9,4,0,3.51,1.4,8.9,0
1,17,3,9119,1,1,138.0,125.4,1,3,3,3,4,1,1,0,1,1,0,19,0,0,5,10,3,0,3.51,1.4,8.9,1
1,51,1,9556,1,1,131.0,126.6,1,1,37,152,193,1,0,0,1,1,0,23,0,0,7,11,5,0,3.51,1.4,8.9,0
1,44,1,9130,1,39,150.0,150.0,1,3,1,2,8,0,0,0,0,1,0,22,0,0,5,5,0,0,-1.7,3.7,12.7,1
1,1,1,9147,1,1,125.0,114.5,1,38,1,3,10,1,0,0,1,1,0,19,0,0,5,5,5,0,-3.12,-0.8,9.4,0
1,1,1,9147,1,1,108.0,107.0,41,3,3,9,9,0,0,1,0,0,0,19,1,0,5,14,0,0,3.51,1.4,8.9,1
1,17,1,9147,1,1,116.0,115.7,1,3,1,3,4,0,0,0,0,1,0,22,0,0,5,10,4,0,3.51,1.4,8.9,0
1,39,1,9130,1,1,133.1,120.0,1,3,34,3,0,0,0,1,0,1,0,29,0,0,5,11,0,4,-3.12,-0.8,9.4,1
1,1,3,9500,1,1,147.0,134.8,1,37,38,9,5,1,0,0,1,0,0,18,0,0,7,7,6,0,0.32,2.6,7.6,0
1,1,1,9238,1,1,143.0,133.6,1,38,34,9,9,1,0,0,1,0,0,18,0,0,6,9,5,0,-3.12,-0.8,9.4,0
1,1,1,171,1,1,115.0,129.0,1,37,37,9,8,1,0,1,0,0,1,23,0,0,0,0,0,0,-3.12,-0.8,9.4,1
2,39,1,9991,0,1,160.0,128.4,1,1,1,194,131,0,0,0,1,0,0,34,0,0,5,12,5,0,1.79,0.5,12.4,0
1,17,1,9147,1,1,118.0,122.2,1,19,19,9,9,0,0,0,1,0,0,19,0,0,5,11,3,0,2.02,0.6,11.1,0
1,1,1,9085,1,1,122.0,113.3,1,1,1,2,5,1,0,0,1,0,0,18,0,0,5,9,4,0,1.74,1.4,10.8,0
1,17,6,9500,1,1,143.0,129.9,1,1,19,4,4,0,0,0,1,0,1,20,0,3,7,7,7,0,2.02,0.6,11.1,0
1,1,6,9500,1,1,133.0,126.2,1,3,3,1,1,1,0,0,1,0,0,19,0,0,7,9,7,0,-4.06,2.8,15.5,0
1,5,2,9853,1,1,122.0,112.6,1,19,19,4,5,1,0,0,1,0,0,22,0,0,6,10,5,0,-1.7,3.7,12.7,0
1,1,1,9238,1,1,164.0,149.0,1,19,19,9,9,1,0,0,1,0,1,23,0,0,6,7,6,0,1.74,1.4,10.8,0
2,39,1,9500,1,1,133.1,120.0,1,1,19,9,9,0,0,0,1,1,1,34,0,0,8,8,7,0,-1.7,3.7,12.7,0
1,17,4,9119,1,1,127.0,120.4,1,19,19,5,5,1,0,1,0,1,0,18,0,0,5,12,0,0,-3.12,-0.8,9.4,0
1,1,3,9773,1,1,140.0,128.1,1,1,39,4,1,1,1,0,1,1,0,21,0,0,6,6,5,0,-0.92,0.3,16.2,1
1,1,1,9238,1,1,127.0,141.7,1,1,19,4,3,1,0,0,1,1,0,22,0,0,6,6,6,0,1.74,1.4,10.8,1
1,39,1,9003,1,12,133.1,130.0,1,37,1,9,10,0,0,0,1,1,0,28,0,0,6,6,0,0,2.02,0.6,11.1,1
1,5,4,9119,1,1,115.0,113.3,1,19,37,4,6,1,0,0,1,1,0,23,0,0,5,7,0,0,0.32,2.6,7.6,1
1,1,1,9773,1,1,108.0,105.9,1,34,38,0,3,0,0,0,1,1,0,20,0,0,6,11,4,0,0.32,2.6,7.6,1
1,18,2,9119,1,1,136.0,122.7,1,1,2,5,4,1,0,0,1,1,0,18,0,0,5,7,5,0,0.79,-0.3,13.9,1
1,39,2,9147,1,12,133.1,120.0,1,19,38,9,9,1,0,1,0,1,0,28,0,0,5,5,0,0,-3.12,-0.8,9.4,1
1,44,1,9070,1,39,120.0,119.8,1,1,19,5,8,0,0,0,1,1,0,21,0,2,7,7,2,0,1.79,0.5,12.4,1
1,39,1,9670,1,1,133.1,122.9,1,38,19,9,8,0,0,1,0,1,0,25,0,0,6,7,3,0,0.79,-0.3,13.9,1
1,44,1,9085,1,39,160.0,160.0,1,1,1,5,4,1,1,0,0,1,0,19,0,2,6,6,6,0,1.79,0.5,12.4,1
1,1,4,9500,1,1,128.0,125.2,1,1,1,4,10,1,0,0,1,1,1,18,0,0,7,7,7,0,1.79,0.5,12.4,0
1,39,1,9119,1,3,130.0,143.4,1,1,38,90,90,0,0,0,1,1,0,29,0,0,3,3,0,3,1.74,1.4,10.8,1
1,39,1,9119,1,19,133.1,96.7,1,37,38,3,7,0,0,0,1,1,1,29,0,0,5,6,0,0,1.79,0.5,12.4,1
1,18,1,9254,1,1,137.0,126.9,1,19,19,4,5,0,0,0,1,1,0,20,0,0,6,7,6,0,-0.92,0.3,16.2,0
1,1,1,171,1,1,163.0,143.1,1,19,1,9,7,0,0,0,1,1,0,18,0,0,0,0,0,0,-3.12,-0.8,9.4,0
1,1,1,9254,1,1,125.0,114.5,1,1,1,191,193,0,0,0,1,1,0,20,0,0,6,8,6,0,3.51,1.4,8.9,0
2,39,1,9119,1,1,120.0,140.0,1,34,34,0,0,1,0,0,1,1,0,33,0,0,5,14,1,0,-3.12,-0.8,9.4,1
1,42,1,9991,0,1,150.0,113.7,1,19,19,5,5,0,0,0,1,1,0,30,0,11,15,15,13,0,-0.92,0.3,16.2,0
1,1,1,9556,1,1,135.0,131.5,1,1,1,1,1,0,0,0,1,1,1,21,0,0,7,14,5,0,-0.92,0.3,16.2,0
1,1,1,9003,1,1,148.0,143.5,1,1,19,194,194,0,0,1,1,1,0,18,0,0,6,6,5,0,3.51,1.4,8.9,0
1,1,1,9500,1,1,138.0,126.8,1,38,38,9,9,0,0,0,1,1,1,19,0,0,7,9,7,0,-4.06,2.8,15.5,0
1,17,1,9070,1,1,119.0,115.2,1,38,19,9,9,0,0,0,1,1,1,21,0,0,6,8,4,0,-4.06,2.8,15.5,1
1,39,2,9556,1,1,130.0,100.0,1,19,19,4,5,0,0,0,1,1,1,25,0,0,7,7,2,0,-4.06,2.8,15.5,1
1,1,2,9670,1,1,135.0,121.4,1,19,19,7,10,0,0,0,1,1,0,19,0,0,5,7,3,0,-3.12,-0.8,9.4,0
1,44,1,9070,1,39,120.0,120.0,1,19,1,9,3,1,0,0,1,1,0,23,0,2,7,8,5,0,-0.92,0.3,16.2,1
1,17,2,9070,1,1,126.0,129.9,1,38,38,9,8,1,0,0,1,1,1,19,0,0,6,6,6,0,1.79,0.5,12.4,0
1,1,1,171,1,1,149.0,151.1,1,3,2,2,5,1,0,0,1,1,0,19,0,0,0,0,0,0,-3.12,-0.8,9.4,0
1,39,1,9003,1,1,110.0,120.0,1,19,37,9,6,0,0,1,0,1,0,31,0,0,6,15,1,0,-0.92,0.3,16.2,1
1,39,1,9003,1,1,133.1,130.0,1,37,37,4,7,0,0,1,0,1,0,32,0,0,6,8,3,0,-0.92,0.3,16.2,1
1,16,2,9500,1,1,127.0,119.0,1,2,38,4,9,1,0,0,1,0,1,19,0,0,8,12,7,0,1.74,1.4,10.8,0
1,42,1,9773,1,6,120.0,122.0,1,34,34,0,0,1,0,0,1,0,0,34,0,8,10,11,10,0,0.32,2.6,7.6,0
1,16,6,9773,1,1,136.0,129.7,1,38,14,0,0,1,0,0,1,0,0,21,0,0,6,6,6,0,0.32,2.6,7.6,0
1,43,2,9238,1,1,110.0,112.5,1,37,37,9,7,1,0,0,1,0,1,53,0,4,7,16,6,0,-3.12,-0.8,9.4,0
1,1,1,9500,1,1,136.0,136.0,1,19,19,4,7,0,0,0,1,0,1,19,0,0,7,7,7,0,0.79,-0.3,13.9,0
1,1,3,9773,1,1,145.0,133.1,1,38,38,9,5,0,0,0,1,0,1,20,0,0,6,9,4,0,1.74,1.4,10.8,0
1,1,2,9773,1,1,159.0,151.3,1,1,19,9,9,1,0,0,1,0,0,18,0,0,6,6,6,0,1.74,1.4,10.8,0
1,39,1,171,1,1,147.0,133.3,1,37,38,175,193,0,0,0,0,0,0,32,0,0,0,0,0,0,-0.92,0.3,16.2,1
1,43,1,9500,1,1,150.0,130.8,1,37,37,9,9,1,0,0,1,0,1,21,0,0,8,8,7,0,-1.7,3.7,12.7,0
1,7,1,8014,0,3,140.0,140.0,1,37,12,9,4,0,0,0,0,0,0,26,0,0,5,9,0,0,-3.12,-0.8,9.4,1
1,42,1,9085,1,39,150.0,150.0,1,1,1,4,7,1,0,0,1,0,0,26,0,11,18,45,18,10,-4.06,2.8,15.5,0
2,44,1,9991,0,39,130.0,130.0,1,1,37,4,9,0,0,0,0,0,0,21,0,0,5,12,3,0,-4.06,2.8,15.5,1
1,17,1,9773,1,1,120.0,125.3,1,37,37,5,5,0,0,0,1,0,0,18,0,0,6,9,6,0,0.32,2.6,7.6,0
1,43,1,9070,1,39,130.0,124.0,1,19,37,5,9,1,0,0,1,0,1,21,0,4,12,12,12,0,-4.06,2.8,15.5,0
1,1,1,9254,1,1,112.0,113.8,1,38,19,9,5,1,0,0,1,0,0,21,0,0,6,10,6,0,0.32,2.6,7.6,0
1,17,1,9670,1,1,128.0,124.4,1,19,19,7,7,0,0,0,1,0,1,19,0,0,6,6,6,0,0.79,-0.3,13.9,0
1,17,1,9147,1,1,114.0,107.7,1,19,19,9,7,0,0,0,1,0,0,19,0,0,5,7,2,0,1.74,1.4,10.8,1
1,43,2,9238,1,1,118.0,110.0,1,38,38,5,5,0,0,0,1,0,1,19,0,0,6,8,6,0,1.74,1.4,10.8,0
1,7,1,9500,1,3,130.0,130.0,1,37,38,7,7,1,0,0,1,0,0,27,0,0,8,8,8,0,-3.12,-0.8,9.4,0
1,1,2,9500,1,1,145.0,138.8,1,37,1,9,4,1,0,0,1,0,1,18,0,0,7,7,6,0,0.32,2.6,7.6,0
1,1,2,9147,1,1,121.0,126.3,1,19,19,9,9,1,0,0,1,0,0,20,0,0,5,12,1,2,-1.7,3.7,12.7,1
1,1,3,9500,1,1,114.0,114.5,1,1,1,5,5,1,0,0,1,0,1,19,0,0,7,7,7,0,1.79,0.5,12.4,0
1,1,4,9670,1,1,127.0,116.5,1,1,1,7,7,1,0,0,1,0,0,20,0,0,6,7,0,0,-0.92,0.3,16.2,1
1,17,2,9238,1,1,145.0,128.6,1,19,38,7,6,1,0,0,1,0,1,19,0,0,6,12,5,0,-1.7,3.7,12.7,0
1,17,5,9238,1,1,130.0,130.0,1,19,1,5,5,1,0,0,1,0,0,20,0,0,6,8,4,0,-3.12,-0.8,9.4,0
1,1,1,171,1,1,150.0,134.6,1,38,19,7,10,0,0,0,1,0,0,20,0,0,0,0,0,0,-4.06,2.8,15.5,1
1,1,1,9853,1,1,145.0,146.8,1,37,37,9,5,0,0,0,1,0,0,18,0,0,6,6,6,0,0.32,2.6,7.6,0
1,1,1,9085,1,1,128.0,135.7,1,19,1,5,4,1,0,0,1,0,0,20,0,0,5,7,4,0,1.74,1.4,10.8,0
2,39,1,9991,0,1,140.0,120.0,1,37,37,9,9,0,0,0,0,0,0,38,0,0,5,6,5,0,-1.7,3.7,12.7,1
4,39,1,8014,0,1,130.0,138.0,1,37,37,9,7,0,0,0,1,0,0,42,0,0,6,8,5,0,3.51,1.4,8.9,0
1,39,1,9500,1,1,140.0,135.5,1,37,37,9,6,0,0,0,1,0,0,32,0,0,7,0,0,0,0.79,-0.3,13.9,1
1,15,1,9773,1,1,120.0,120.0,26,19,19,4,5,1,0,0,1,0,0,22,1,0,6,6,6,0,1.79,0.5,12.4,0
2,39,1,9991,0,1,147.0,111.7,1,34,34,90,90,1,0,0,1,0,0,28,0,0,5,10,0,0,0.32,2.6,7.6,1
2,39,1,8014,0,9,133.1,100.0,1,37,37,8,10,1,0,0,1,0,0,37,0,0,6,0,0,0,-3.12,-0.8,9.4,1
2,44,1,9003,1,39,160.0,160.0,1,37,38,9,4,0,0,0,1,0,0,43,0,0,6,8,6,0,-4.06,2.8,15.5,0
6,39,1,8014,0,1,133.1,114.8,1,37,1,9,7,0,0,0,1,0,1,41,0,0,6,10,5,0,0.79,-0.3,13.9,0
4,39,1,8014,0,19,140.0,131.0,1,37,37,9,3,0,0,0,1,0,1,29,0,0,6,11,4,0,1.74,1.4,10.8,0
1,39,1,8014,0,1,133.1,97.0,1,37,37,9,9,0,0,0,1,0,1,35,0,0,6,8,6,0,1.74,1.4,10.8,0
1,17,6,9238,1,1,131.0,131.7,1,1,3,4,2,1,0,0,1,0,0,18,0,0,6,8,4,0,-3.12,-0.8,9.4,1
1,39,1,9500,1,19,133.1,120.0,1,37,37,9,6,0,0,0,0,0,1,39,0,0,7,14,3,0,-0.92,0.3,16.2,1
4,39,1,9991,0,1,120.0,110.0,1,37,37,9,9,0,0,0,1,0,0,37,0,0,5,14,2,0,-1.7,3.7,12.7,0
1,39,1,9500,1,1,130.0,133.0,1,37,37,9,7,1,0,0,1,0,1,26,0,0,7,7,6,0,0.32,2.6,7.6,0
1,7,1,9085,1,3,140.0,140.0,1,19,20,4,90,1,0,0,1,0,0,32,0,0,5,8,1,2,1.74,1.4,10.8,1
2,39,1,8014,0,1,133.1,100.0,1,37,37,6,8,0,0,1,1,0,0,37,0,3,8,12,7,0,0.79,-0.3,13.9,0
1,39,1,9085,1,1,140.0,129.3,1,37,19,191,163,1,0,1,1,0,0,28,0,0,6,17,0,0,3.51,1.4,8.9,0
1,1,1,9238,1,1,133.1,137.0,1,19,37,0,0,1,0,0,1,0,0,19,0,0,6,10,0,4,0.32,2.6,7.6,1
1,1,5,9147,1,1,125.0,122.2,1,37,38,7,7,1,0,0,1,0,0,18,0,0,5,9,1,0,0.32,2.6,7.6,0
1,1,1,9853,1,1,115.0,108.0,1,19,38,9,9,0,0,0,1,0,1,19,0,0,7,10,6,0,1.79,0.5,12.4,0
2,7,1,9670,1,3,110.0,110.0,1,37,37,7,7,0,0,0,1,0,0,32,0,4,11,15,8,0,0.79,-0.3,13.9,0
2,39,1,9147,1,1,140.0,127.7,1,37,37,9,9,1,0,0,1,0,0,31,0,0,5,8,3,0,0.32,2.6,7.6,1
1,39,1,9500,1,1,100.0,121.3,1,3,1,2,5,1,0,0,1,0,0,34,0,0,8,11,7,0,1.74,1.4,10.8,0
1,1,3,171,1,1,145.0,140.1,1,1,1,3,3,1,0,0,1,0,0,20,0,6,12,12,12,0,3.51,1.4,8.9,0
1,39,1,9500,1,19,133.1,114.8,1,38,38,9,9,0,0,0,1,0,0,28,0,0,7,15,1,0,0.79,-0.3,13.9,1
1,44,1,9991,0,39,150.0,150.0,1,37,37,6,6,0,0,0,1,0,0,31,0,2,6,8,6,0,-3.12,-0.8,9.4,0
1,1,1,9773,1,1,145.0,131.7,1,19,38,4,10,1,0,0,1,0,0,18,0,0,6,7,6,0,0.32,2.6,7.6,0
4,39,1,8014,0,19,133.1,110.0,1,37,37,90,7,0,0,0,0,0,0,31,0,0,6,8,5,0,-3.12,-0.8,9.4,1
1,1,3,9773,1,1,110.0,105.5,1,19,19,5,5,1,0,0,1,0,0,19,0,0,6,6,6,0,1.79,0.5,12.4,0
1,1,1,9238,1,1,128.0,127.3,1,37,19,9,4,1,0,0,1,0,1,19,0,0,6,8,6,0,-0.92,0.3,16.2,0
2,39,1,9238,1,19,133.1,130.0,1,37,37,9,9,1,0,0,1,0,0,31,0,0,6,11,0,0,-3.12,-0.8,9.4,0
1,7,1,9085,1,3,130.0,130.0,1,1,19,9,10,0,0,0,1,0,0,34,0,0,6,0,0,0,-4.06,2.8,15.5,1
1,16,1,9556,1,1,137.0,122.7,1,37,37,9,7,1,0,0,1,0,1,18,0,0,7,7,7,0,1.79,0.5,12.4,0
1,17,2,9254,1,1,123.0,113.9,1,37,37,7,7,1,0,0,1,0,0,18,0,0,6,6,6,0,2.02,0.6,11.1,0
1,1,1,9147,1,1,156.0,151.1,1,3,19,3,3,0,0,1,1,1,0,19,0,0,5,7,5,0,-0.92,0.3,16.2,0
1,17,2,9773,1,1,133.1,125.8,1,3,5,0,2,1,0,0,0,1,1,22,0,0,4,8,0,0,0.32,2.6,7.6,1
2,43,1,9670,1,1,100.0,128.2,1,34,34,0,0,0,0,0,1,1,0,32,0,6,10,12,10,0,0.32,2.6,7.6,0
1,39,1,9147,1,1,140.0,135.1,1,37,3,9,2,0,0,0,1,1,0,61,0,0,5,0,0,0,-4.06,2.8,15.5,1
1,39,1,9991,0,1,130.0,120.2,1,37,37,9,9,1,0,0,1,1,0,30,0,0,5,7,5,0,0.32,2.6,7.6,0
2,39,1,9991,0,1,133.1,132.8,1,37,37,9,9,0,0,1,0,1,0,45,0,0,5,9,0,0,1.79,0.5,12.4,1
1,44,1,9003,1,39,140.0,140.0,1,1,19,4,8,0,0,0,1,1,0,20,0,0,6,7,6,0,1.79,0.5,12.4,0
1,18,5,9500,1,1,137.0,129.3,1,19,1,1,10,0,0,0,1,0,0,19,0,0,7,0,0,0,-3.12,-0.8,9.4,1
1,42,1,9119,1,1,120.0,108.2,1,3,1,2,9,1,0,0,1,1,0,26,0,4,10,14,4,0,0.32,2.6,7.6,1
1,17,4,9670,1,1,125.0,125.4,1,1,1,4,90,1,0,0,1,1,0,19,0,0,5,6,3,0,0.32,2.6,7.6,1
1,17,1,9773,1,1,130.0,140.2,1,19,37,9,9,0,0,0,1,1,1,19,0,0,6,6,6,0,-0.92,0.3,16.2,0
1,1,3,9773,1,1,115.0,116.1,1,38,1,9,4,1,0,0,1,1,0,19,0,0,6,6,6,0,1.79,0.5,12.4,0
1,1,1,9147,1,1,150.0,137.8,1,1,19,5,5,1,0,0,1,1,1,19,0,0,5,6,5,0,-0.92,0.3,16.2,0
1,1,3,9670,1,1,134.0,128.4,1,14,11,0,0,1,0,0,0,1,0,19,0,0,5,5,0,0,0.32,2.6,7.6,1
1,39,1,9670,1,1,120.0,106.0,1,34,34,0,0,1,0,0,0,1,0,28,0,0,5,7,3,0,0.32,2.6,7.6,1
1,43,1,9147,1,1,141.0,130.2,1,37,37,9,9,0,0,0,1,1,0,24,0,10,15,16,15,1,-3.12,-0.8,9.4,0
1,1,1,9130,1,1,133.0,126.0,1,3,1,2,4,0,0,0,1,1,0,18,0,0,5,7,3,0,0.32,2.6,7.6,0
1,1,2,9119,1,1,149.0,141.0,1,38,38,5,5,0,0,0,1,1,0,18,0,0,5,9,2,0,0.32,2.6,7.6,0
1,1,1,9773,1,1,121.0,113.0,1,1,3,3,7,1,0,0,1,1,1,18,0,0,6,7,6,0,1.79,0.5,12.4,0
1,44,1,9003,1,39,120.0,120.0,1,4,1,2,8,0,0,0,1,1,0,21,0,0,6,9,5,0,3.51,1.4,8.9,0
2,39,1,9991,0,1,148.0,130.9,1,19,37,9,5,0,0,0,0,1,0,28,0,0,5,5,0,0,1.79,0.5,12.4,1
1,39,1,9003,1,12,133.1,120.0,1,37,19,9,10,0,0,0,1,1,0,58,0,0,6,9,0,0,0.79,-0.3,13.9,1
2,39,1,9991,0,1,135.0,134.1,1,34,34,0,0,1,0,0,0,1,0,49,0,0,5,5,0,0,0.32,2.6,7.6,1
1,39,1,9119,1,1,150.0,120.0,1,1,38,3,5,0,0,0,1,1,0,24,0,0,5,6,3,0,-4.06,2.8,15.5,0
1,43,1,9670,1,1,130.0,114.8,1,34,34,0,0,0,0,0,1,1,0,25,0,0,5,5,4,0,0.32,2.6,7.6,0
4,42,1,9147,1,1,133.1,123.0,1,37,38,7,3,1,0,0,1,1,0,33,0,0,5,5,1,0,0.32,2.6,7.6,1
2,39,2,9119,1,19,133.1,118.0,1,37,37,7,7,0,0,0,0,1,0,33,0,0,5,11,0,0,-3.12,-0.8,9.4,1
2,43,1,9853,1,1,110.0,100.0,1,37,37,7,7,0,0,0,1,1,0,40,0,0,2,4,1,0,0.79,-0.3,13.9,0
2,39,1,9991,0,1,170.0,151.1,1,37,19,9,3,0,0,0,1,1,0,48,0,0,5,9,5,0,-0.92,0.3,16.2,0
1,17,3,9119,1,1,120.0,116.9,1,1,19,9,3,1,0,1,0,1,0,18,0,0,5,10,3,0,3.51,1.4,8.9,0
1,39,1,9500,1,19,133.1,106.0,1,38,38,9,8,1,0,0,1,1,0,24,0,0,7,7,6,1,0.32,2.6,7.6,0
2,1,1,9085,1,1,139.0,127.1,1,19,19,192,144,0,0,0,1,1,1,23,0,0,5,6,5,0,1.74,1.4,10.8,0
1,39,1,9991,0,19,133.1,155.5,1,19,37,7,5,1,0,1,0,1,0,39,0,0,5,6,5,0,1.74,1.4,10.8,1
1,18,1,9003,1,1,133.1,101.0,1,1,38,9,6,0,0,0,1,1,0,21,0,5,11,16,9,0,-4.06,2.8,15.5,0
1,42,1,9119,1,6,120.0,128.2,1,35,35,6,6,1,0,0,1,1,0,34,0,4,6,8,4,0,0.32,2.6,7.6,1
2,39,1,9991,0,1,100.0,113.0,1,19,19,4,4,0,0,0,1,1,1,41,0,0,5,9,4,0,3.51,1.4,8.9,0
1,1,1,9773,1,1,134.0,122.8,1,1,38,4,5,0,0,0,1,1,0,18,0,0,6,6,6,0,-1.7,3.7,12.7,0
2,39,1,9991,0,1,130.0,145.6,1,38,38,9,3,0,0,0,1,1,0,34,0,0,5,10,4,0,0.79,-0.3,13.9,0
1,1,1,9147,1,1,128.0,116.5,1,1,1,2,10,0,0,0,1,1,0,19,0,0,5,8,2,0,0.32,2.6,7.6,1
1,1,1,9500,1,1,154.0,142.0,1,19,19,3,3,0,0,0,1,1,0,19,0,0,8,8,7,0,-1.7,3.7,12.7,0
1,7,1,9003,1,4,150.0,150.0,1,1,1,4,6,0,0,0,1,1,0,28,0,0,6,14,6,0,-0.92,0.3,16.2,0
1,17,1,9070,1,1,134.0,133.3,1,1,1,5,0,1,0,0,1,1,0,18,0,0,6,7,5,1,0.32,2.6,7.6,1
1,1,1,9238,1,1,127.0,115.8,1,2,2,3,4,1,0,0,1,1,0,19,0,0,6,11,3,0,2.02,0.6,11.1,1
1,17,2,9085,1,1,133.1,100.0,1,19,38,9,1,1,0,1,0,1,0,19,0,0,6,10,5,0,1.79,0.5,12.4,1
1,17,1,9500,1,1,130.0,128.6,1,1,3,9,2,1,0,0,1,0,0,18,0,0,7,7,7,0,-0.92,0.3,16.2,0
1,1,1,9130,1,1,135.0,137.1,1,3,3,2,2,1,0,0,1,0,0,18,0,0,6,8,6,0,1.79,0.5,12.4,0
1,1,1,9773,1,1,143.0,149.0,1,1,3,3,3,1,0,0,1,0,0,18,0,0,6,8,6,0,2.02,0.6,11.1,1
1,44,2,9238,1,39,150.0,147.0,1,3,19,4,9,1,0,0,1,0,0,19,0,3,6,6,6,0,1.79,0.5,12.4,0
2,7,1,9238,1,3,150.0,150.0,1,37,37,191,192,0,0,0,1,0,0,31,0,1,6,12,5,0,-1.7,3.7,12.7,0
1,39,1,8014,0,1,130.0,103.5,1,37,37,9,8,0,0,0,1,0,1,33,0,0,6,6,6,0,-1.7,3.7,12.7,0
1,1,3,9500,1,1,113.0,107.8,1,3,1,134,135,1,0,0,1,0,1,20,0,0,7,10,5,0,1.79,0.5,12.4,0
1,44,1,9085,1,39,130.0,130.0,6,19,1,6,4,1,0,0,1,0,0,22,1,0,6,12,5,0,1.79,0.5,12.4,0
1,17,1,9254,1,1,115.0,109.4,1,1,19,3,3,1,0,0,1,0,0,19,0,0,6,8,6,0,2.02,0.6,11.1,0
1,1,3,9070,1,1,146.0,143.6,1,34,34,0,0,1,0,0,1,0,0,18,0,0,6,6,6,0,0.32,2.6,7.6,1
1,17,3,9070,1,1,132.0,124.3,1,38,1,5,5,0,1,0,1,0,0,18,0,0,6,0,0,0,-4.06,2.8,15.5,1
1,1,5,9670,1,1,116.0,119.5,1,19,38,9,9,1,0,0,0,0,0,18,0,0,6,0,0,0,3.51,1.4,8.9,1
1,1,1,171,1,1,163.0,175.6,1,3,4,2,5,1,0,0,1,0,0,18,0,0,0,0,0,0,2.02,0.6,11.1,0
1,17,2,9147,1,1,122.0,116.1,1,19,19,7,7,1,0,0,1,0,1,19,0,0,5,8,5,0,1.79,0.5,12.4,0
1,17,2,9238,1,1,136.0,126.6,1,1,3,3,4,1,0,0,1,0,0,18,0,0,6,6,6,0,2.02,0.6,11.1,1
1,17,1,9085,1,1,142.0,130.8,1,3,19,5,5,1,0,0,1,0,0,18,0,0,5,9,3,1,-1.7,3.7,12.7,0
1,17,6,9500,1,1,139.0,133.5,1,37,37,9,6,1,0,0,1,0,1,18,0,0,8,8,7,0,-1.7,3.7,12.7,0
1,53,1,9238,1,42,140.0,136.9,1,37,37,9,10,1,0,0,1,0,0,21,0,5,9,10,9,0,3.51,1.4,8.9,0
1,1,1,9500,1,1,165.0,142.3,1,19,37,5,5,0,0,0,1,0,1,18,0,0,8,8,7,0,-1.7,3.7,12.7,0
1,17,3,9670,1,1,122.0,114.3,1,1,38,3,3,1,0,0,1,0,0,18,0,0,6,8,6,0,2.02,0.6,11.1,0
1,1,2,9500,1,1,135.0,122.9,1,19,19,9,10,1,0,0,1,0,0,18,0,0,7,10,7,0,-4.06,2.8,15.5,0
1,17,1,9500,1,1,128.0,117.2,1,19,1,4,3,1,0,0,1,0,0,20,0,0,7,9,6,0,-0.92,0.3,16.2,0
1,17,1,9147,1,1,139.0,152.0,1,1,38,4,5,0,0,0,1,0,1,18,0,0,5,5,5,0,-1.7,3.7,12.7,0
1,1,2,9773,1,1,125.0,122.2,1,19,1,4,5,1,0,0,1,0,0,18,0,0,6,0,0,0,2.02,0.6,11.1,1
1,18,2,9147,1,1,102.0,101.7,1,37,38,191,143,1,0,0,1,0,1,20,0,0,5,6,5,0,3.51,1.4,8.9,0
1,17,1,9254,1,1,116.0,119.9,1,19,19,9,8,1,0,0,1,0,0,20,0,0,6,6,6,0,1.79,0.5,12.4,0
1,17,1,9147,1,1,138.0,123.7,1,37,1,9,9,1,0,1,1,0,1,19,0,0,5,5,4,0,2.02,0.6,11.1,1
1,51,1,9070,1,1,135.0,121.8,1,3,1,3,5,0,0,0,1,0,1,19,0,5,11,11,11,0,2.02,0.6,11.1,0
1,17,4,9670,1,1,110.0,106.1,1,19,37,9,99,1,1,1,0,0,1,18,0,0,6,6,1,0,-1.7,3.7,12.7,1
1,17,3,9773,1,1,132.0,124.3,1,1,1,4,9,1,0,1,1,0,1,19,0,0,6,6,6,0,-4.06,2.8,15.5,0
1,1,2,9500,1,1,126.0,124.3,1,1,38,4,7,1,0,0,1,0,1,20,0,0,8,8,8,0,-3.12,-0.8,9.4,0
1,44,1,9147,1,39,117.4,117.4,1,19,1,4,9,1,0,0,1,0,0,21,0,4,7,10,6,0,2.02,0.6,11.1,0
1,43,2,9500,1,1,120.0,112.7,1,41,3,2,2,0,0,0,1,0,0,21,0,0,8,12,6,0,1.74,1.4,10.8,0
1,17,1,9070,1,1,116.0,123.7,1,38,38,9,9,0,0,0,1,0,0,20,0,0,6,6,6,0,2.02,0.6,11.1,0
1,18,2,9853,1,1,111.0,105.8,1,38,38,191,171,1,0,0,1,0,0,19,0,0,7,7,7,0,3.51,1.4,8.9,0
1,17,3,9085,1,1,128.0,124.2,1,1,19,4,90,0,0,0,0,0,0,21,0,0,5,8,2,0,0.32,2.6,7.6,1
1,1,1,9085,1,1,123.0,122.3,1,30,19,4,90,0,0,0,1,0,0,18,0,0,5,6,5,0,0.32,2.6,7.6,0
1,1,5,9254,1,1,131.0,123.7,1,19,37,9,9,0,0,0,1,0,1,19,0,0,6,8,5,0,3.51,1.4,8.9,0
1,17,2,9500,1,1,135.0,129.8,1,19,19,9,4,1,0,0,1,0,0,18,0,0,7,8,7,0,0.79,-0.3,13.9,0
1,1,4,9500,1,1,136.0,123.8,1,1,1,9,9,1,0,0,1,0,1,19,0,0,8,8,7,0,-1.7,3.7,12.7,0
1,1,2,9147,1,1,132.0,126.4,1,1,19,4,3,1,0,0,1,0,1,18,0,0,5,13,3,0,0.79,-0.3,13.9,0
1,1,1,9853,1,1,120.0,115.1,1,19,37,5,7,0,0,0,1,0,1,18,0,0,6,11,4,0,-4.06,2.8,15.5,0
1,1,1,9773,1,1,144.0,138.4,1,37,37,8,8,0,0,0,1,0,0,18,0,0,6,7,6,0,0.79,-0.3,13.9,0
1,17,1,9085,1,1,129.0,118.2,1,1,37,9,9,1,0,0,1,0,1,18,0,0,5,7,4,0,1.74,1.4,10.8,0
1,17,1,9070,1,1,136.0,121.7,1,38,19,7,7,1,0,0,1,0,0,18,0,0,6,6,2,0,1.79,0.5,12.4,1
1,1,3,9070,1,1,125.0,118.0,1,1,38,9,7,0,0,0,1,0,1,18,0,0,6,6,6,0,2.02,0.6,11.1,0
1,17,1,9238,1,1,125.0,119.8,1,1,38,9,7,0,0,0,1,0,0,18,0,0,6,0,0,0,2.02,0.6,11.1,1
1,1,1,9238,1,1,154.0,164.9,1,1,3,4,2,0,0,0,1,0,0,18,0,0,6,6,6,0,1.74,1.4,10.8,0
1,42,1,9085,1,1,100.0,100.0,1,1,38,4,9,1,0,0,1,0,1,20,0,1,2,2,2,0,0.79,-0.3,13.9,0
1,1,1,9853,1,1,124.0,121.6,1,3,1,2,5,0,0,0,1,0,0,18,0,0,6,9,5,0,-4.06,2.8,15.5,0
1,17,4,9070,1,1,126.0,120.4,1,1,19,4,5,1,0,0,1,0,0,18,0,0,6,8,5,0,-0.92,0.3,16.2,0
1,18,6,9500,1,1,124.0,117.8,1,37,37,9,7,0,0,0,1,0,1,20,0,0,8,8,7,1,1.74,1.4,10.8,0
4,43,1,9670,1,1,150.0,110.0,1,37,37,9,6,0,0,0,1,0,0,40,0,4,8,8,8,0,-3.12,-0.8,9.4,0
1,1,6,9500,1,1,133.0,128.8,1,38,38,9,9,1,0,0,1,0,1,18,0,0,7,11,6,0,-4.06,2.8,15.5,0
1,1,5,9254,1,1,126.0,116.6,1,19,19,4,7,1,0,0,1,0,0,19,0,0,6,9,5,0,0.79,-0.3,13.9,0
1,7,1,9991,0,40,120.0,120.0,1,1,19,4,9,0,0,0,1,0,0,24,0,0,5,5,0,0,1.79,0.5,12.4,1
1,1,3,9773,1,1,175.0,157.5,1,3,38,2,10,1,0,0,1,0,0,19,0,0,6,8,6,0,1.74,1.4,10.8,1
1,1,6,9500,1,1,141.0,136.3,1,2,1,4,4,1,0,0,1,0,0,19,0,0,8,8,7,0,1.74,1.4,10.8,0
1,1,1,9500,1,1,133.0,121.5,1,1,19,9,6,1,0,0,1,0,1,20,0,0,7,8,6,0,2.02,0.6,11.1,0
1,1,1,9500,1,1,143.0,133.9,1,38,38,5,5,0,0,0,1,0,0,18,0,0,7,7,7,0,1.79,0.5,12.4,0
1,1,1,171,1,1,141.0,136.8,1,1,38,4,8,1,0,0,1,0,1,18,0,0,0,0,0,0,0.79,-0.3,13.9,0
1,17,2,9500,1,1,134.0,133.5,1,19,37,4,7,1,0,0,1,0,0,19,0,0,7,8,7,0,0.79,-0.3,13.9,0
1,17,3,9500,1,1,138.0,130.0,1,3,3,4,5,1,0,0,1,0,0,18,0,0,7,8,7,0,0.79,-0.3,13.9,1
1,44,1,9085,1,39,140.0,140.0,1,3,3,2,2,1,0,0,1,0,0,19,0,0,6,10,6,0,1.79,0.5,12.4,0
1,1,2,9500,1,1,142.0,132.7,1,37,37,9,7,1,0,0,1,0,1,19,0,0,7,8,7,0,0.79,-0.3,13.9,0
1,1,1,9500,1,1,118.0,117.8,1,19,19,5,7,0,0,0,1,0,1,19,0,0,7,7,7,0,1.79,0.5,12.4,0
1,1,2,9500,1,1,131.0,126.1,1,1,37,4,4,1,0,0,1,0,1,19,0,0,7,7,7,0,2.02,0.6,11.1,1
1,1,1,9500,1,1,130.0,120.0,1,1,38,1,7,0,0,0,1,0,0,19,0,0,7,7,6,0,0.32,2.6,7.6,0
1,39,1,9670,1,12,133.1,100.0,1,1,19,1,5,1,0,1,0,0,0,25,0,0,5,5,5,0,-3.12,-0.8,9.4,1
1,1,1,9500,1,1,130.0,116.8,1,19,19,4,10,0,0,0,1,0,0,20,0,0,8,8,7,0,-1.7,3.7,12.7,0
1,53,1,9238,1,42,130.0,128.3,1,1,19,5,5,0,0,1,0,0,0,23,0,5,9,12,7,0,3.51,1.4,8.9,1
1,1,1,9070,1,1,133.1,117.0,1,19,19,7,7,0,0,0,1,0,0,20,0,0,6,0,0,0,-4.06,2.8,15.5,1
1,39,1,8014,0,1,130.0,131.5,1,37,11,9,10,0,0,0,1,0,0,27,0,0,6,8,5,0,2.02,0.6,11.1,0
1,1,1,9500,1,1,149.0,134.8,1,19,1,4,4,0,0,0,1,0,0,18,0,0,8,8,8,0,-3.12,-0.8,9.4,0
1,1,1,9853,1,1,163.0,146.6,1,19,1,5,10,1,0,1,1,0,0,18,0,0,6,9,5,0,-3.12,-0.8,9.4,0
1,7,1,8014,0,40,130.0,130.0,1,19,1,5,10,1,0,1,0,0,0,23,0,7,12,12,11,0,0.79,-0.3,13.9,1
1,1,6,9500,1,1,145.0,127.5,1,38,37,5,6,1,0,0,1,0,1,19,0,0,7,7,6,0,0.32,2.6,7.6,0
1,1,1,9147,1,1,130.0,123.0,1,37,38,3,3,0,0,0,1,0,0,18,0,0,5,8,5,2,-4.06,2.8,15.5,0
1,43,1,9500,1,1,128.0,100.0,1,1,19,9,8,1,0,0,1,0,0,20,0,0,7,8,7,0,0.79,-0.3,13.9,0
1,1,2,9670,1,1,111.0,114.2,1,19,19,9,9,1,0,0,1,0,0,18,0,0,6,9,4,0,1.79,0.5,12.4,0
1,1,1,9500,1,1,140.0,123.5,1,1,1,4,4,1,0,0,1,0,1,19,0,0,8,8,8,0,-3.12,-0.8,9.4,0
1,44,1,9238,1,39,140.0,144.3,1,19,19,8,8,1,0,0,1,0,1,19,0,3,6,7,6,0,1.79,0.5,12.4,0
1,1,1,9853,1,1,145.0,142.2,1,38,37,5,5,0,0,0,1,0,0,19,0,0,6,9,4,0,-3.12,-0.8,9.4,0
1,1,1,9085,1,1,151.0,161.9,1,3,3,1,90,0,0,0,1,0,0,18,0,0,5,6,4,0,0.32,2.6,7.6,0
1,1,1,9238,1,1,132.0,135.9,1,37,37,9,5,0,0,0,1,0,0,18,0,0,6,11,5,0,-3.12,-0.8,9.4,0
1,1,2,9773,1,1,116.0,110.1,1,19,19,4,7,1,0,0,1,0,0,18,0,0,6,6,6,0,2.02,0.6,11.1,0
1,2,1,9853,1,1,120.0,122.5,1,19,38,9,9,0,0,0,0,0,0,28,0,11,11,11,11,0,-4.06,2.8,15.5,1
1,17,1,9254,1,1,158.0,138.1,1,37,37,5,9,1,0,0,1,0,0,19,0,0,6,8,4,0,0.32,2.6,7.6,1
1,43,1,171,1,1,116.0,117.3,1,3,1,2,3,1,0,1,1,0,0,20,0,0,0,0,0,0,0.79,-0.3,13.9,1
1,1,2,9500,1,1,112.0,106.8,1,1,37,4,9,1,0,0,1,0,1,19,0,0,7,8,6,0,1.79,0.5,12.4,0
1,1,1,9070,1,1,126.0,120.1,1,1,19,4,0,0,1,0,1,0,1,20,0,0,6,6,6,0,2.02,0.6,11.1,0
1,1,2,9254,1,1,120.0,116.5,1,19,19,9,9,1,0,0,1,0,1,19,0,0,6,9,5,0,1.79,0.5,12.4,0
1,51,1,9070,1,1,117.0,120.0,1,5,1,2,10,1,0,0,1,0,0,21,0,0,6,7,5,0,3.51,1.4,8.9,0
1,1,1,9853,1,1,153.0,139.7,1,1,19,9,4,1,0,0,1,0,1,19,0,0,7,7,7,0,2.02,0.6,11.1,0
1,1,2,9070,1,1,124.0,123.7,1,19,1,9,3,1,0,0,1,0,1,18,0,1,6,8,6,1,0.79,-0.3,13.9,0
1,17,2,9130,1,1,127.0,116.5,1,3,1,2,1,0,0,0,1,0,0,19,0,0,6,0,0,0,-4.06,2.8,15.5,1
1,17,1,9670,1,1,126.0,122.2,1,12,38,9,5,0,0,0,1,0,1,19,0,0,6,6,6,0,3.51,1.4,8.9,0
1,1,1,9773,1,1,133.1,146.0,1,38,19,132,103,0,0,1,1,0,0,20,0,0,6,6,5,0,-0.92,0.3,16.2,0
1,17,2,9853,1,1,114.0,108.8,1,1,1,4,0,1,0,0,1,0,0,18,0,0,7,11,5,0,0.79,-0.3,13.9,0
1,43,1,171,1,1,133.0,133.0,1,19,19,5,7,0,0,0,1,0,0,18,0,0,0,0,0,0,-4.06,2.8,15.5,0
1,17,1,9130,1,1,130.0,123.8,1,1,1,4,5,0,0,0,1,0,0,18,0,0,5,7,4,0,0.32,2.6,7.6,0
1,17,3,9773,1,1,127.0,120.0,1,19,19,5,8,0,0,0,1,0,0,18,0,0,6,6,0,0,3.51,1.4,8.9,1
1,17,3,9238,1,1,143.0,126.9,1,37,38,0,7,1,0,0,1,0,0,18,0,0,6,14,5,0,0.32,2.6,7.6,0
1,18,4,9773,1,1,130.0,121.3,1,19,19,4,4,1,0,0,1,0,0,20,0,0,6,12,5,0,-4.06,2.8,15.5,1
1,17,3,9500,1,1,136.0,129.0,1,19,1,9,9,1,0,0,1,0,1,19,0,0,7,7,7,0,1.79,0.5,12.4,0
1,1,1,9853,1,1,125.0,114.9,1,37,37,9,9,1,0,1,0,0,0,21,0,0,6,8,3,0,-4.06,2.8,15.5,1
1,17,1,9670,1,3,110.0,106.5,1,12,3,5,8,1,0,1,0,0,0,20,0,0,6,6,0,0,1.74,1.4,10.8,1
1,1,1,9254,1,1,130.0,133.9,1,37,38,9,9,1,0,0,1,0,0,18,0,0,6,10,5,0,-3.12,-0.8,9.4,0
1,1,1,9773,1,1,135.0,124.9,1,1,4,5,3,0,0,0,1,0,1,20,0,0,6,7,6,0,1.74,1.4,10.8,0
1,1,2,9500,1,1,133.0,128.5,1,19,37,1,9,1,0,0,1,0,1,19,0,0,8,8,8,0,-3.12,-0.8,9.4,0
1,1,1,9085,1,6,122.0,126.2,1,19,19,9,9,1,0,0,1,0,0,22,0,0,5,14,4,3,-3.12,-0.8,9.4,1
1,17,1,9130,1,1,122.0,121.7,1,19,19,9,9,1,0,0,0,0,0,22,0,0,6,0,0,0,-3.12,-0.8,9.4,1
1,1,2,9853,1,1,121.0,120.0,1,38,38,7,5,1,0,0,1,0,0,18,0,0,6,10,3,0,1.74,1.4,10.8,0
1,43,1,9147,1,1,123.0,113.2,1,3,19,9,9,0,0,0,1,0,0,21,0,3,10,18,6,2,0.32,2.6,7.6,0
1,1,1,9238,1,1,128.0,120.3,1,19,19,0,5,1,0,0,1,0,0,19,0,0,6,12,2,0,0.32,2.6,7.6,0
1,1,4,171,1,1,139.0,127.8,1,37,38,9,9,1,0,0,1,0,0,19,0,0,0,0,0,0,1.74,1.4,10.8,1
1,1,2,9500,1,1,124.0,123.3,1,34,34,0,0,1,0,0,1,0,1,20,0,0,8,8,7,1,-3.12,-0.8,9.4,1
1,1,3,9500,1,1,135.0,126.3,1,38,19,8,8,1,0,1,1,0,1,18,0,0,7,8,7,0,-4.06,2.8,15.5,0
1,51,1,9991,0,42,110.0,128.2,1,19,37,5,9,0,0,0,0,0,0,22,0,7,12,12,7,0,3.51,1.4,8.9,1
1,17,4,9085,1,1,138.0,134.9,1,19,36,90,7,1,0,0,1,0,0,20,0,0,5,7,4,0,0.32,2.6,7.6,0
1,44,1,9003,1,39,140.0,140.0,1,38,38,6,6,0,0,0,1,0,0,19,0,0,6,7,6,0,1.79,0.5,12.4,0
1,1,5,9500,1,1,126.0,115.5,1,1,19,6,7,1,0,0,1,0,1,19,0,0,7,8,7,0,1.79,0.5,12.4,0
1,1,2,9500,1,1,113.0,106.7,1,38,19,9,7,1,0,0,1,0,1,20,0,0,7,10,5,0,2.02,0.6,11.1,0
1,39,1,9991,0,1,120.0,140.0,1,38,38,3,3,0,0,0,1,0,0,25,0,0,5,11,3,0,-4.06,2.8,15.5,0
1,1,1,9500,1,1,145.0,136.6,1,19,19,9,7,0,0,0,1,0,1,19,0,0,7,12,6,0,-4.06,2.8,15.5,0
1,18,1,9500,1,1,124.0,119.3,1,38,37,9,7,1,0,0,1,0,0,19,0,0,8,8,8,0,-3.12,-0.8,9.4,0
1,1,1,9070,1,1,160.0,152.0,1,3,38,1,9,1,0,0,0,0,0,19,0,0,5,5,0,0,1.74,1.4,10.8,1
1,1,1,9500,1,1,138.0,144.3,1,38,19,9,5,0,0,0,1,0,0,20,0,0,7,9,6,0,0.79,-0.3,13.9,0
1,39,2,9556,1,1,130.0,159.0,1,37,37,9,9,1,0,0,1,0,0,25,0,0,7,11,7,0,1.79,0.5,12.4,0
1,17,1,9500,1,1,127.0,129.5,1,19,38,5,9,1,0,0,1,0,1,20,0,0,7,7,6,0,0.32,2.6,7.6,0
1,39,1,9238,1,1,170.0,140.0,1,38,19,9,9,1,0,0,1,0,0,24,0,0,6,9,4,0,-3.12,-0.8,9.4,0
1,1,3,9670,1,1,111.0,105.4,1,1,1,5,5,0,0,0,1,0,0,20,0,0,5,6,5,0,0.32,2.6,7.6,0
1,42,1,9500,1,1,100.0,136.0,1,1,19,4,8,1,0,0,1,0,0,21,0,4,7,9,7,0,-4.06,2.8,15.5,0
1,44,1,9003,1,39,160.0,160.0,1,37,38,9,9,0,0,1,1,0,1,19,0,0,6,8,6,0,-4.06,2.8,15.5,0
1,1,1,9773,1,1,152.0,139.1,1,38,37,9,9,0,0,0,1,0,1,19,0,0,6,6,6,0,-0.92,0.3,16.2,0
1,1,2,9670,1,1,144.0,126.9,1,37,38,9,9,0,0,0,1,0,1,21,0,0,5,5,5,0,-3.12,-0.8,9.4,0
1,39,1,9500,1,3,133.8,184.0,1,3,37,2,10,0,0,0,1,0,0,28,0,0,7,9,7,0,-4.06,2.8,15.5,0
1,1,1,9238,1,1,125.0,125.0,1,37,38,9,9,1,0,1,0,0,1,19,0,0,6,8,5,0,1.74,1.4,10.8,0
1,1,1,9147,1,1,150.0,138.5,1,37,37,9,6,0,0,0,1,0,1,18,0,0,5,5,5,0,1.79,0.5,12.4,0
5,17,5,9500,1,1,143.0,133.5,1,37,38,5,8,1,0,0,1,0,1,18,0,0,8,8,7,0,-1.7,3.7,12.7,0
1,1,3,9500,1,1,145.0,141.5,1,19,37,7,7,1,0,0,1,0,1,18,0,0,8,8,8,0,-3.12,-0.8,9.4,0
1,42,1,9500,1,1,120.0,130.0,1,1,2,9,3,1,0,0,1,0,0,22,0,4,8,8,7,0,-1.7,3.7,12.7,0
1,1,1,9147,1,1,138.0,131.0,1,37,37,194,171,1,0,0,1,0,0,19,0,0,5,9,4,0,1.79,0.5,12.4,0
1,1,1,9500,1,1,145.0,145.0,1,19,1,9,5,0,0,0,1,0,1,18,0,0,7,7,7,0,0.79,-0.3,13.9,0
1,17,1,9254,1,1,122.0,114.3,1,37,37,5,6,0,0,0,0,0,0,20,0,0,6,0,0,0,-4.06,2.8,15.5,1
1,44,1,171,1,39,110.0,108.3,1,37,37,5,6,0,0,0,0,0,0,26,0,4,9,9,4,0,1.79,0.5,12.4,1
1,1,3,9070,1,1,136.0,125.2,1,37,38,9,9,1,0,0,1,0,1,18,0,0,6,6,6,0,1.74,1.4,10.8,0
1,1,1,9254,1,1,145.0,131.7,1,1,38,4,9,1,0,0,1,0,1,21,0,0,6,8,6,0,1.74,1.4,10.8,1
1,17,4,9500,1,1,141.0,126.3,1,38,37,3,3,1,0,0,1,0,0,18,0,0,8,8,7,0,1.74,1.4,10.8,0
1,1,1,9085,1,1,149.0,147.6,1,19,19,4,6,1,0,0,1,0,0,20,0,0,6,14,6,0,-4.06,2.8,15.5,0
1,1,6,9500,1,1,130.0,125.1,1,38,19,5,6,1,0,0,1,0,0,18,0,0,7,11,7,0,-4.06,2.8,15.5,0
1,17,6,9147,1,1,121.0,123.8,1,19,38,7,9,0,0,0,1,0,1,19,0,0,5,5,5,0,-1.7,3.7,12.7,0
1,1,1,9670,1,1,128.0,130.8,1,1,1,2,2,1,0,0,1,0,0,20,0,0,5,5,4,0,0.32,2.6,7.6,1
1,1,1,9853,1,1,152.0,154.1,1,19,19,9,5,0,0,1,1,0,1,18,0,0,6,6,6,0,-1.7,3.7,12.7,0
1,16,2,9147,1,1,132.0,122.6,1,37,37,9,9,1,0,0,1,0,1,20,0,0,5,8,3,0,1.74,1.4,10.8,0
1,1,2,8014,0,1,107.0,103.5,1,19,11,0,0,1,0,0,1,0,0,22,0,0,6,7,5,0,0.32,2.6,7.6,0
1,1,1,171,1,1,131.0,132.8,1,19,38,4,5,1,0,0,1,0,0,18,0,0,0,0,0,0,0.32,2.6,7.6,0
1,51,1,9991,0,1,141.0,100.0,1,19,38,5,7,0,0,0,1,0,0,21,0,1,5,9,4,0,3.51,1.4,8.9,0
1,18,2,9853,1,1,120.0,115.8,1,1,1,9,0,0,0,0,1,0,0,18,0,0,7,12,6,0,0.79,-0.3,13.9,0
1,1,1,9500,1,1,148.0,133.8,1,19,19,4,4,0,0,0,1,0,0,18,0,0,8,8,7,0,-1.7,3.7,12.7,0
1,1,1,9070,1,1,130.0,118.5,1,12,19,4,5,0,1,0,1,0,1,18,0,0,6,6,6,0,3.51,1.4,8.9,0
1,17,1,171,1,1,145.0,150.3,1,37,37,9,1,1,0,0,1,0,0,19,0,0,0,0,0,0,-4.06,2.8,15.5,1
1,17,3,9147,1,1,112.0,107.8,1,1,19,3,5,1,0,0,1,0,0,19,0,0,5,7,3,0,1.74,1.4,10.8,0
1,1,1,9500,1,1,138.0,127.5,1,38,1,9,4,1,0,0,1,0,0,19,0,0,7,10,5,0,-0.92,0.3,16.2,0
1,1,3,9500,1,1,135.0,120.5,1,1,37,7,7,1,0,0,1,0,0,19,0,0,8,11,7,0,1.74,1.4,10.8,0
1,1,1,9147,1,1,118.0,117.3,1,1,2,10,10,1,0,0,1,0,0,19,0,0,5,9,4,0,3.51,1.4,8.9,0
1,17,1,9254,1,1,123.0,120.6,1,38,37,9,7,1,0,0,0,0,0,19,0,0,6,9,3,0,1.74,1.4,10.8,1
1,16,4,9254,1,1,126.0,118.7,1,38,37,9,7,1,0,0,1,0,1,21,0,0,6,7,6,0,3.51,1.4,8.9,0
1,1,2,9773,1,1,150.0,130.8,41,1,37,9,7,0,0,0,1,0,1,20,1,0,6,9,5,0,-4.06,2.8,15.5,0
1,1,1,9147,1,1,121.0,112.6,1,19,19,3,9,1,0,0,1,0,1,20,0,0,5,7,5,0,2.02,0.6,11.1,0
1,39,1,9991,0,19,133.1,117.2,1,37,37,9,9,0,0,0,1,0,0,41,0,0,5,8,5,0,0.32,2.6,7.6,0
4,7,1,9500,1,40,130.0,130.0,1,37,37,3,3,1,0,0,1,0,0,32,0,0,7,16,4,0,1.79,0.5,12.4,0
1,17,3,9500,1,1,139.0,131.8,1,38,1,9,5,1,0,0,1,0,0,18,0,0,8,8,7,0,1.74,1.4,10.8,0
4,39,1,8014,0,1,160.0,97.0,1,37,37,3,4,0,0,0,1,0,1,35,0,0,6,9,6,0,-4.06,2.8,15.5,0
1,39,1,9500,1,1,110.0,130.0,1,37,37,9,9,0,0,1,0,0,0,32,0,0,7,12,4,0,-0.92,0.3,16.2,1
1,39,1,8014,0,40,140.0,148.0,1,19,37,5,9,0,0,0,1,0,0,37,0,7,11,11,11,0,1.79,0.5,12.4,0
2,39,2,9147,1,3,130.0,103.4,1,3,37,9,9,0,0,0,1,0,0,30,0,4,7,9,7,0,-1.7,3.7,12.7,1
1,43,2,9773,1,1,132.0,127.1,1,19,19,0,0,0,0,0,1,1,0,23,0,0,6,9,6,0,0.32,2.6,7.6,0
1,17,2,9773,1,1,139.0,124.0,1,3,1,2,7,1,0,0,1,0,1,20,0,0,6,6,6,0,-4.06,2.8,15.5,1
1,1,1,9670,1,1,135.0,121.4,1,19,37,5,7,0,0,0,1,1,0,21,0,0,5,7,4,0,-3.12,-0.8,9.4,0
1,1,1,9147,1,1,117.0,118.1,1,38,19,5,7,0,0,0,1,1,0,19,0,0,5,6,5,0,1.79,0.5,12.4,0
1,17,4,9500,1,1,137.0,121.3,1,1,19,4,3,1,0,0,1,1,1,18,0,0,8,8,7,0,1.74,1.4,10.8,0
1,42,1,9119,1,1,144.0,119.5,1,34,34,0,0,0,0,0,1,1,0,18,0,0,5,6,1,0,1.74,1.4,10.8,1
1,39,1,9991,0,1,130.0,115.2,1,1,1,4,10,0,0,0,1,1,0,24,0,0,5,5,4,0,1.79,0.5,12.4,0
1,18,1,9670,1,1,140.0,130.2,1,1,37,9,9,1,0,0,1,1,0,22,0,0,6,11,4,0,-1.7,3.7,12.7,0
1,17,4,9254,1,1,130.0,130.0,1,19,1,5,5,1,0,0,1,1,0,18,0,0,6,7,4,0,-0.92,0.3,16.2,1
1,16,2,9238,1,1,130.0,126.9,1,37,37,5,6,1,0,0,1,0,0,18,0,0,6,8,6,0,-3.12,-0.8,9.4,0
1,1,2,9070,1,1,152.0,168.5,101,2,1,9,1,1,0,0,1,1,0,21,1,0,6,7,5,0,-0.92,0.3,16.2,0
4,39,1,9500,1,1,133.1,130.0,1,37,37,9,9,0,0,1,1,0,0,38,0,0,7,13,3,0,-0.92,0.3,16.2,1
1,18,1,9556,1,1,140.0,122.8,1,38,37,9,9,0,0,0,1,0,1,19,0,0,7,11,7,0,-1.7,3.7,12.7,0
6,39,1,9500,1,1,133.1,110.0,1,37,37,9,9,0,0,0,1,0,0,36,0,0,7,12,4,0,-0.92,0.3,16.2,1
1,16,1,9085,1,1,140.0,127.1,1,1,1,9,9,1,0,0,1,0,0,18,0,0,5,8,4,1,-1.7,3.7,12.7,0
1,1,3,9500,1,1,133.1,108.5,1,19,19,5,5,1,0,0,1,0,0,19,0,0,7,9,7,0,1.79,0.5,12.4,0
1,53,1,9085,1,42,140.0,138.2,1,19,38,9,9,0,0,1,0,0,0,21,0,7,10,15,8,0,3.51,1.4,8.9,1
1,1,2,9500,1,1,133.1,96.0,1,19,38,192,192,1,0,0,1,0,0,19,0,0,7,10,6,0,2.02,0.6,11.1,0
1,1,1,9238,1,1,135.0,124.5,1,19,19,9,9,0,0,0,1,0,1,18,0,0,6,11,5,0,-0.92,0.3,16.2,0
2,7,1,9500,1,3,120.0,120.0,1,37,19,9,7,1,0,0,1,0,0,45,0,7,11,11,11,0,0.79,-0.3,13.9,0
1,17,1,9147,1,1,140.0,132.3,1,37,37,9,7,1,0,0,1,0,0,20,0,0,5,9,1,0,0.32,2.6,7.6,1
1,17,1,9254,1,1,128.0,120.7,1,19,1,5,7,1,0,1,1,0,0,18,0,0,6,8,6,0,0.79,-0.3,13.9,0
1,1,1,9670,1,1,141.0,132.6,1,1,19,4,4,0,0,0,1,0,1,18,0,0,6,8,6,0,2.02,0.6,11.1,0
1,7,2,9130,1,3,140.0,140.0,1,34,34,0,0,0,0,0,1,0,0,25,0,0,5,9,0,4,1.74,1.4,10.8,1
1,1,6,9500,1,1,139.0,124.5,1,1,1,4,4,1,0,0,1,0,0,19,0,0,8,9,7,0,1.74,1.4,10.8,0
1,1,1,171,1,1,142.0,142.0,1,19,19,7,7,1,0,0,1,0,1,18,0,0,0,0,0,0,0.79,-0.3,13.9,0
1,7,1,9254,1,40,130.0,130.0,1,1,1,3,6,0,0,0,1,0,0,39,0,12,13,14,13,0,0.79,-0.3,13.9,0
2,39,1,9003,1,1,130.0,144.0,1,38,37,9,9,0,0,0,1,0,0,29,0,13,18,20,18,0,-4.06,2.8,15.5,0
1,17,1,9853,1,1,125.0,128.5,1,19,19,4,7,1,0,0,1,0,0,18,0,0,7,9,6,0,0.79,-0.3,13.9,0
1,7,1,9070,1,3,140.0,140.0,1,37,2,9,3,0,0,0,0,0,0,23,0,0,3,3,2,0,1.74,1.4,10.8,1
1,42,1,9853,1,1,120.0,113.9,1,1,37,5,5,1,0,0,1,0,0,21,0,0,6,8,4,0,-1.7,3.7,12.7,1
1,1,1,9238,1,1,147.0,137.2,1,1,19,4,4,0,0,0,0,0,0,18,0,0,6,6,6,0,1.74,1.4,10.8,0
1,7,1,9085,1,40,140.0,140.0,1,1,19,5,5,1,0,0,1,0,0,23,0,0,6,7,6,0,1.79,0.5,12.4,0
1,1,1,9130,1,1,161.0,152.3,1,1,19,4,4,0,0,0,1,0,0,18,0,0,6,7,6,0,2.02,0.6,11.1,0
2,39,1,8014,0,19,133.1,112.5,1,37,37,4,8,0,0,0,1,0,0,32,0,0,6,8,5,0,-3.12,-0.8,9.4,0
2,39,2,9147,1,1,150.0,101.0,1,19,37,9,7,0,0,1,0,0,0,29,0,0,5,8,3,0,1.74,1.4,10.8,1
1,1,6,9238,1,1,113.0,112.3,1,1,38,194,163,1,0,1,1,0,1,20,0,0,6,8,5,0,3.51,1.4,8.9,0
1,39,1,9238,1,1,140.0,114.0,1,34,34,0,0,1,0,0,0,0,0,28,0,0,6,11,1,0,-3.12,-0.8,9.4,1
1,7,1,9147,1,3,130.0,130.0,1,38,38,1,9,0,0,0,1,0,0,27,0,0,5,9,3,0,1.74,1.4,10.8,0
1,43,2,9500,1,1,120.0,121.5,1,37,34,90,0,0,0,1,1,0,0,22,0,11,14,14,12,2,0.32,2.6,7.6,0
2,39,1,9003,1,19,133.1,120.0,1,19,37,9,10,0,0,1,1,0,0,37,0,0,6,10,6,0,-0.92,0.3,16.2,0
1,7,1,8014,0,3,130.0,130.0,1,37,38,0,5,0,0,0,0,0,0,28,0,0,6,12,1,0,-1.7,3.7,12.7,1
2,39,1,9003,1,1,120.0,125.7,1,37,37,9,9,0,0,1,0,0,0,43,0,0,6,10,4,0,3.51,1.4,8.9,1
1,43,1,9556,1,1,140.0,128.0,1,37,37,9,9,1,0,0,0,0,0,32,0,0,7,7,0,7,1.74,1.4,10.8,1
1,17,1,9238,1,1,123.0,113.2,1,1,1,9,9,0,0,0,1,0,1,20,0,0,6,11,4,0,-4.06,2.8,15.5,0
4,39,1,9500,1,19,133.1,120.0,1,38,1,9,4,0,0,0,1,0,1,35,0,0,8,9,8,1,-3.12,-0.8,9.4,0
1,1,1,9670,1,1,130.0,117.8,1,37,37,0,0,1,0,0,1,0,0,21,0,0,5,8,3,0,0.32,2.6,7.6,0
1,1,4,9500,1,1,126.0,121.3,1,19,19,7,9,1,0,0,1,0,1,18,0,0,7,9,6,0,1.79,0.5,12.4,0
1,1,1,9500,1,1,176.0,169.7,1,3,38,3,7,0,0,0,1,0,1,18,0,0,7,7,7,0,-0.92,0.3,16.2,0
1,17,4,9238,1,1,124.0,117.7,1,19,19,5,8,1,0,0,1,0,0,18,0,0,6,10,5,0,-0.92,0.3,16.2,0
1,44,1,8014,0,39,120.0,121.8,1,19,37,7,6,1,0,0,1,0,0,22,0,3,6,6,6,0,1.79,0.5,12.4,0
1,1,2,9500,1,1,140.0,128.3,1,1,1,4,10,1,0,0,1,0,0,19,0,0,8,8,7,0,1.74,1.4,10.8,0
1,18,2,9147,1,1,143.0,132.2,1,19,38,9,7,1,0,0,1,0,1,18,0,0,5,8,5,0,0.79,-0.3,13.9,0
1,1,2,171,1,1,136.0,134.3,1,39,1,3,4,1,0,1,1,0,0,19,0,0,0,0,0,0,1.79,0.5,12.4,1
1,1,1,9500,1,1,132.0,123.4,1,19,1,9,5,0,0,0,1,0,1,18,0,0,7,7,7,0,2.02,0.6,11.1,0
2,39,1,9991,0,19,133.1,121.7,1,19,39,5,3,0,0,1,0,0,0,31,0,0,5,7,0,0,-0.92,0.3,16.2,1
2,39,1,8014,0,19,100.0,130.0,1,1,19,1,5,0,0,1,1,0,1,33,0,0,6,9,5,0,-3.12,-0.8,9.4,0
1,1,3,9500,1,1,137.0,126.5,1,19,38,7,7,1,0,0,1,0,1,19,0,0,8,8,8,0,-3.12,-0.8,9.4,0
1,17,1,9238,1,1,153.0,159.7,1,38,38,7,7,1,0,0,1,0,1,18,0,0,6,7,6,0,-1.7,3.7,12.7,0
1,1,1,9147,1,1,160.0,151.3,1,9,19,4,3,0,0,0,1,0,0,23,0,0,5,8,3,0,0.32,2.6,7.6,0
1,17,1,9238,1,1,145.0,138.0,1,38,38,5,7,1,0,0,1,0,0,20,0,0,6,11,5,0,-3.12,-0.8,9.4,0
1,1,5,9500,1,1,137.0,126.5,1,38,38,4,8,1,0,0,1,0,0,18,0,0,8,8,8,0,-3.12,-0.8,9.4,0
1,53,1,9085,1,42,140.0,140.0,1,1,1,4,3,1,0,1,1,0,0,21,0,7,9,10,8,0,3.51,1.4,8.9,0
1,1,1,9238,1,1,120.0,112.3,1,19,38,5,6,0,0,0,1,0,1,22,0,0,6,10,5,0,-1.7,3.7,12.7,0
1,1,1,9238,1,1,122.0,127.3,1,1,19,4,4,1,0,1,1,0,0,20,0,0,6,6,6,0,-3.12,-0.8,9.4,0
1,7,1,9500,1,3,130.0,130.0,1,19,38,4,10,1,0,0,1,0,0,23,0,1,7,8,6,0,0.32,2.6,7.6,0
1,17,2,9773,1,1,133.1,115.0,1,3,1,4,5,1,0,0,1,0,0,19,0,0,6,6,6,0,-0.92,0.3,16.2,0
1,17,6,9500,1,1,150.0,131.5,1,1,37,1,1,1,0,0,1,0,0,19,0,0,8,8,7,0,1.74,1.4,10.8,0
1,39,1,9991,0,1,133.1,125.7,1,19,38,7,4,0,0,0,1,0,0,26,0,0,5,9,2,0,1.74,1.4,10.8,1
1,1,6,9500,1,1,141.0,126.8,1,1,37,4,3,1,0,0,1,0,0,18,0,0,7,7,7,0,-0.92,0.3,16.2,0
1,18,1,9119,1,1,146.0,132.4,1,1,37,7,7,1,0,0,1,1,0,18,0,0,5,5,1,0,-3.12,-0.8,9.4,1
1,44,1,9003,1,39,150.0,150.0,1,38,37,9,9,1,0,0,1,1,0,20,0,0,6,8,6,0,-0.92,0.3,16.2,0
1,1,1,9670,1,1,133.1,95.0,1,3,1,4,4,0,0,0,1,1,0,19,0,0,6,7,0,0,-4.06,2.8,15.5,1
1,43,1,9991,0,1,120.0,128.2,1,37,37,9,9,0,0,0,0,1,0,32,0,5,9,9,5,0,1.74,1.4,10.8,1
2,39,1,9130,1,1,150.0,130.0,1,19,19,4,4,0,0,0,0,1,0,31,0,0,4,12,2,2,-3.12,-0.8,9.4,1
1,39,1,9119,1,19,133.1,100.0,1,1,19,4,5,0,0,0,1,1,0,25,0,0,5,13,1,0,0.79,-0.3,13.9,0
1,42,1,9085,1,39,140.0,159.9,1,19,3,9,1,1,0,0,1,0,0,21,0,2,6,14,5,0,-0.92,0.3,16.2,0
2,43,1,9991,0,1,140.0,100.0,1,37,37,4,9,0,0,0,0,0,0,31,0,2,6,10,4,0,-1.7,3.7,12.7,1
2,39,1,9853,1,1,133.1,116.5,1,37,37,5,5,0,0,0,1,0,0,34,0,0,7,11,1,0,-0.92,0.3,16.2,1
1,1,1,9238,1,1,128.0,120.0,1,19,19,9,9,0,0,0,1,0,1,18,0,0,6,8,6,0,2.02,0.6,11.1,0
1,1,3,9238,1,1,117.0,117.0,1,19,19,9,9,1,0,1,1,0,0,19,0,0,6,0,0,0,1.79,0.5,12.4,1
1,53,1,9670,1,42,140.0,140.0,1,19,37,3,6,1,0,1,1,0,0,21,0,0,6,12,1,0,3.51,1.4,8.9,0
1,1,2,9853,1,1,124.0,118.1,1,38,37,5,3,1,0,0,0,0,0,18,0,0,6,11,3,0,-3.12,-0.8,9.4,1
1,1,1,9254,1,1,158.0,153.5,1,19,39,4,8,1,0,0,1,0,0,20,0,0,6,7,6,0,2.02,0.6,11.1,0
1,43,1,9773,1,1,137.0,127.9,1,38,37,9,5,1,0,0,1,0,0,20,0,0,6,6,6,0,-4.06,2.8,15.5,0
1,17,3,9670,1,1,123.0,118.8,1,38,38,7,8,1,1,0,1,0,1,18,0,0,6,10,5,0,2.02,0.6,11.1,0
1,1,1,9238,1,1,126.0,126.7,1,38,38,7,8,1,0,0,1,0,0,19,0,0,6,11,4,0,0.32,2.6,7.6,0
1,43,1,9085,1,1,170.0,170.0,1,19,19,5,1,1,0,0,1,0,0,19,0,0,5,5,0,5,-1.7,3.7,12.7,0
4,39,1,9130,1,1,133.1,110.0,1,3,1,5,5,1,0,0,1,0,1,30,0,0,6,7,0,0,2.02,0.6,11.1,1
1,17,1,9238,1,1,115.0,115.0,1,19,38,5,5,1,0,0,1,0,0,19,0,0,6,6,6,0,2.02,0.6,11.1,0
1,1,3,9556,1,1,132.0,119.0,1,38,37,7,7,1,0,0,1,0,0,19,0,0,7,9,7,0,-1.7,3.7,12.7,0
1,1,4,9500,1,1,132.0,121.8,1,1,37,4,7,1,0,0,1,0,1,19,0,0,8,8,7,0,-1.7,3.7,12.7,0
1,1,1,9085,1,1,143.0,133.4,1,19,38,9,9,1,0,0,1,0,0,19,0,0,6,7,6,0,1.79,0.5,12.4,0
1,1,3,9238,1,1,137.0,131.4,1,1,1,3,3,1,0,0,1,0,0,20,0,0,6,9,5,0,0.32,2.6,7.6,0
1,42,1,9119,1,1,130.0,135.0,1,19,37,9,3,0,0,1,1,1,0,25,0,0,5,5,0,0,0.79,-0.3,13.9,1
1,1,2,9773,1,1,121.0,122.8,1,19,19,9,9,0,0,0,1,1,0,19,0,0,6,0,0,0,1.79,0.5,12.4,1
2,39,1,9853,1,1,130.0,140.0,1,37,19,7,3,0,0,1,1,0,1,34,0,0,6,7,6,0,-3.12,-0.8,9.4,0
1,18,2,9500,1,1,135.0,125.3,1,38,37,9,5,1,0,0,1,0,1,18,0,0,8,8,7,0,-1.7,3.7,12.7,0
1,1,6,9500,1,1,137.0,126.3,1,1,1,4,5,1,0,0,1,0,1,18,0,0,8,8,8,0,-3.12,-0.8,9.4,0
1,1,1,9670,1,1,100.0,100.0,1,38,38,9,10,0,0,0,1,0,0,20,0,0,6,8,6,0,2.02,0.6,11.1,0
1,17,2,9500,1,1,127.0,121.3,1,19,37,9,7,1,0,0,1,0,1,20,0,0,8,8,7,0,1.74,1.4,10.8,0
1,53,1,9991,0,1,140.0,135.0,1,38,38,191,193,0,0,1,1,0,0,23,0,6,11,18,8,0,3.51,1.4,8.9,0
1,39,1,9670,1,1,140.0,120.0,1,37,37,6,6,0,0,0,1,0,0,28,0,0,6,8,1,0,1.74,1.4,10.8,1
1,17,1,9773,1,1,121.0,113.7,1,37,19,9,10,0,0,0,1,0,0,18,0,0,6,8,5,0,-4.06,2.8,15.5,0
1,43,1,9147,1,1,131.0,129.7,1,19,38,9,9,1,0,0,1,0,0,19,0,0,5,5,5,0,-0.92,0.3,16.2,0
2,1,1,9147,1,1,151.0,132.1,1,38,37,9,8,1,0,0,1,0,0,34,0,0,5,7,2,0,0.32,2.6,7.6,1
2,51,1,9853,1,1,130.0,120.3,1,37,37,7,8,0,0,0,1,0,0,35,0,0,7,7,0,0,3.51,1.4,8.9,1
1,7,1,9991,0,40,120.0,120.0,1,37,37,9,7,0,0,0,1,0,0,32,0,0,5,7,5,0,1.79,0.5,12.4,0
1,17,2,9254,1,1,136.0,123.1,1,19,19,4,7,1,0,0,1,0,0,19,0,0,6,8,6,0,2.02,0.6,11.1,0
1,17,5,9670,1,1,125.0,119.4,1,1,19,9,7,1,0,0,1,0,0,18,0,0,6,10,4,0,2.02,0.6,11.1,0
2,39,1,9147,1,1,133.1,140.0,1,37,37,9,9,0,0,0,0,0,0,35,0,0,5,8,4,1,-3.12,-0.8,9.4,1
1,39,1,8014,0,1,133.1,116.5,1,1,12,4,5,0,0,0,1,1,1,24,0,0,6,6,4,0,1.79,0.5,12.4,0
1,17,1,9238,1,1,120.0,113.0,1,19,37,9,9,1,0,0,1,0,1,20,0,0,6,7,6,0,0.79,-0.3,13.9,0
1,1,3,9773,1,1,143.0,133.9,11,19,19,4,9,1,0,0,1,1,1,18,1,0,6,7,6,0,-0.92,0.3,16.2,0
1,1,3,9500,1,1,133.1,115.5,1,38,19,7,9,1,0,0,1,1,1,20,0,0,8,8,7,0,1.74,1.4,10.8,0
1,17,5,9254,1,1,121.0,116.5,1,1,19,4,7,1,0,0,0,1,0,18,0,0,6,12,0,0,-3.12,-0.8,9.4,1
1,1,1,9119,1,1,168.0,171.2,1,19,19,4,4,0,0,0,1,1,1,18,0,0,5,6,5,0,1.79,0.5,12.4,0
1,1,1,9670,1,1,124.0,119.1,1,19,37,5,7,0,0,0,1,1,1,20,0,0,5,7,4,0,-3.12,-0.8,9.4,0
1,17,2,9853,1,1,127.0,121.1,1,19,38,3,3,1,0,0,1,1,0,19,0,0,7,10,6,0,1.79,0.5,12.4,1
1,1,2,9070,1,1,129.0,132.9,1,1,1,4,9,1,0,0,1,1,1,20,0,0,6,9,6,0,0.32,2.6,7.6,0
1,1,1,9238,1,1,137.0,132.8,1,19,1,9,9,0,0,0,1,1,0,19,0,0,6,6,6,0,1.74,1.4,10.8,0
1,1,1,9773,1,1,120.0,126.7,1,36,37,0,0,1,0,0,1,1,0,20,0,0,6,9,5,0,0.32,2.6,7.6,0
1,1,1,9500,1,1,110.0,105.8,1,19,19,9,7,1,0,0,1,1,0,22,0,0,7,8,6,0,2.02,0.6,11.1,0
1,17,2,9119,1,1,120.0,117.2,1,1,19,9,8,0,0,0,1,1,1,18,0,0,5,8,4,0,2.02,0.6,11.1,0
1,1,1,9500,1,1,143.0,140.0,1,38,38,9,9,0,0,0,1,1,0,19,0,0,8,8,7,0,-1.7,3.7,12.7,0
1,44,1,9003,1,39,120.0,120.0,1,1,19,9,7,0,0,0,1,1,0,22,0,2,6,15,3,0,0.79,-0.3,13.9,1
1,17,5,9119,1,1,124.0,119.5,11,4,12,2,9,1,0,0,1,1,0,20,1,0,5,5,5,0,3.51,1.4,8.9,0
2,39,1,9003,1,1,168.0,153.9,1,1,41,9,3,0,0,1,0,1,0,34,0,0,6,7,0,0,1.79,0.5,12.4,1
2,39,1,8014,0,19,133.1,130.0,1,1,1,4,4,0,0,0,1,1,0,24,0,0,6,14,1,0,-0.92,0.3,16.2,1
1,39,2,9670,1,1,150.0,107.0,1,34,34,0,0,1,0,0,1,1,0,26,0,0,5,5,0,0,0.32,2.6,7.6,1
1,39,1,9500,1,1,140.0,132.8,1,37,37,9,6,0,0,0,1,1,0,35,0,0,7,10,4,0,1.79,0.5,12.4,1
1,1,1,9991,0,1,145.0,127.5,1,2,37,4,9,1,0,0,1,1,0,22,0,0,5,9,5,1,0.32,2.6,7.6,0
1,18,1,9254,1,1,118.0,123.3,1,38,38,5,5,1,0,0,1,1,0,26,0,0,6,10,4,0,-3.12,-0.8,9.4,0
1,17,1,9147,1,1,123.0,122.0,1,1,19,3,4,0,0,0,1,1,0,19,0,0,5,7,3,0,3.51,1.4,8.9,1
1,1,5,9254,1,1,120.0,114.8,1,3,19,3,9,1,0,0,0,1,0,19,0,0,6,0,0,0,3.51,1.4,8.9,1
1,44,1,171,1,39,140.0,140.0,1,3,3,2,2,0,0,1,1,1,0,20,0,0,0,0,0,0,-4.06,2.8,15.5,0
1,51,1,9670,1,1,126.0,111.0,1,3,3,1,10,0,0,1,1,1,0,21,0,5,11,12,10,0,2.02,0.6,11.1,0
1,1,2,9773,1,1,137.0,133.2,1,1,19,7,7,1,0,0,1,0,1,19,0,0,6,7,6,0,0.79,-0.3,13.9,0
1,1,3,9773,1,1,130.0,123.0,1,19,19,9,9,1,0,0,1,0,0,18,0,0,6,6,6,0,-1.7,3.7,12.7,0
1,53,1,9003,1,42,150.0,150.0,1,1,38,8,8,0,0,0,1,0,1,23,0,7,12,14,12,0,3.51,1.4,8.9,0
1,17,3,9147,1,1,147.0,132.3,1,19,38,5,7,1,0,0,1,0,1,18,0,0,5,5,5,0,-1.7,3.7,12.7,0
1,18,1,9500,1,1,140.0,126.0,1,37,38,5,7,1,0,0,1,0,0,18,0,0,8,8,7,0,-1.7,3.7,12.7,0
1,1,3,9500,1,1,132.0,119.3,1,38,38,9,9,1,0,0,1,0,0,19,0,0,8,8,7,0,1.74,1.4,10.8,0
1,53,1,9147,1,42,130.0,133.8,1,1,19,143,172,1,0,0,1,0,0,21,0,6,11,17,11,0,3.51,1.4,8.9,0
1,1,1,9085,1,1,130.0,126.5,1,37,37,9,6,1,0,0,1,0,1,18,0,0,6,13,6,0,-4.06,2.8,15.5,0
1,1,1,9773,1,1,151.0,138.4,1,38,37,9,5,1,0,0,1,0,1,24,0,0,6,7,6,0,1.74,1.4,10.8,0
1,1,4,9500,1,1,144.0,129.0,1,3,39,2,3,1,0,0,1,0,0,18,0,0,7,8,7,0,-0.92,0.3,16.2,1
1,1,1,9670,1,1,127.0,118.3,1,19,1,5,7,1,0,0,1,0,0,18,0,0,6,7,6,0,0.79,-0.3,13.9,0
1,17,2,9500,1,1,131.0,129.8,1,19,37,9,7,1,0,0,1,0,0,20,0,0,7,8,6,0,1.79,0.5,12.4,0
1,17,2,9085,1,1,123.0,113.6,1,1,19,4,9,1,0,0,1,0,0,19,0,0,5,13,3,2,-3.12,-0.8,9.4,0
1,1,5,9773,1,1,130.0,128.3,1,34,38,0,8,1,0,0,0,0,1,18,0,0,6,12,3,0,0.32,2.6,7.6,1
1,43,1,9254,1,1,130.0,130.0,1,1,19,5,7,0,0,0,1,0,1,19,0,0,6,11,4,0,1.74,1.4,10.8,1
1,17,2,9853,1,1,131.0,121.9,1,1,38,4,8,1,0,0,1,0,0,19,0,0,6,10,5,0,1.74,1.4,10.8,0
1,1,5,9238,1,3,135.0,129.4,1,1,38,9,3,0,0,1,1,0,0,18,0,0,6,6,6,0,1.74,1.4,10.8,0
1,1,2,9853,1,1,123.0,115.3,1,19,1,194,103,1,0,0,1,0,0,20,0,0,7,8,6,0,2.02,0.6,11.1,0
1,1,5,9500,1,1,145.0,125.5,1,38,38,9,9,1,0,0,1,0,1,18,0,0,8,8,8,0,-3.12,-0.8,9.4,0
1,17,6,9556,1,1,118.0,117.8,1,38,38,5,5,1,0,0,1,0,1,19,0,0,7,11,6,0,2.02,0.6,11.1,0
1,17,3,9147,1,1,125.0,118.7,1,3,38,2,10,1,0,0,1,0,0,18,0,0,5,16,4,0,0.79,-0.3,13.9,0
1,1,2,9500,1,1,152.0,139.0,1,37,37,9,9,1,0,0,1,0,0,18,0,0,7,7,6,0,0.32,2.6,7.6,0
1,1,1,9085,1,1,101.0,98.9,1,1,37,4,9,1,0,0,1,0,0,21,0,0,6,12,4,0,2.02,0.6,11.1,0
1,17,1,9254,1,1,137.0,137.7,1,34,38,0,7,1,0,1,0,0,0,19,0,0,6,14,1,0,0.32,2.6,7.6,1
1,1,4,9500,1,1,123.0,113.6,1,1,1,3,3,1,0,0,1,0,0,21,0,0,7,8,7,0,1.79,0.5,12.4,0
1,1,1,9085,1,1,120.0,113.4,1,4,1,2,9,0,0,0,1,0,0,18,0,0,6,14,4,0,2.02,0.6,11.1,0
1,17,3,9556,1,1,131.0,128.5,1,19,38,9,7,0,0,0,1,0,1,18,0,0,7,9,7,0,-1.7,3.7,12.7,0
1,1,1,9500,1,1,141.0,142.8,1,1,1,3,10,0,0,0,1,0,0,18,0,0,7,7,7,0,2.02,0.6,11.1,0
1,1,1,9130,1,1,144.0,137.7,1,3,1,1,3,0,0,0,0,0,0,23,0,0,5,9,0,3,1.74,1.4,10.8,1
1,1,1,9238,1,1,107.0,103.5,1,19,37,7,7,1,0,0,1,0,0,20,0,0,6,13,3,0,-0.92,0.3,16.2,0
1,1,1,9500,1,1,133.0,123.2,1,38,38,5,5,0,0,0,1,0,0,18,0,0,7,7,7,0,-0.92,0.3,16.2,0
1,17,2,9853,1,1,126.0,126.0,1,1,19,2,10,1,0,0,1,0,0,19,0,0,6,9,5,0,0.32,2.6,7.6,0
1,39,1,9500,1,1,133.1,121.7,1,1,38,3,7,0,0,0,1,0,1,27,0,0,7,8,6,0,1.79,0.5,12.4,0
1,17,1,9147,1,1,147.0,142.8,1,37,37,9,6,1,0,1,0,0,1,19,0,0,5,5,5,0,2.02,0.6,11.1,0
1,43,1,9130,1,1,120.0,120.0,1,1,19,9,9,1,0,0,1,0,0,21,0,0,6,14,5,1,-4.06,2.8,15.5,1
1,18,1,9500,1,1,130.0,119.3,1,37,38,7,8,1,0,0,1,0,1,19,0,0,8,8,7,0,1.74,1.4,10.8,0
1,44,1,9238,1,1,120.0,121.0,1,37,37,6,9,0,0,0,1,0,1,21,0,3,6,6,6,0,0.79,-0.3,13.9,0
1,1,5,9773,1,1,138.0,139.4,1,19,19,9,9,1,0,0,1,0,0,18,0,0,6,7,5,0,1.74,1.4,10.8,0
1,17,1,9085,1,1,124.0,113.9,1,19,38,7,7,1,0,0,1,0,1,20,0,0,5,8,5,1,-1.7,3.7,12.7,0
1,1,1,9853,1,1,133.0,124.6,1,37,37,9,7,1,0,0,1,0,1,18,0,0,6,8,5,0,-3.12,-0.8,9.4,0
1,17,1,9070,1,1,122.0,123.8,1,1,1,4,8,1,0,1,0,0,1,18,0,0,6,6,6,0,-1.7,3.7,12.7,1
1,1,3,9085,1,1,138.0,126.3,1,1,3,4,4,1,0,0,1,0,0,18,0,0,6,8,6,0,3.51,1.4,8.9,0
1,17,4,9773,1,1,134.0,120.4,1,1,1,3,3,1,0,0,1,0,1,18,0,0,6,6,6,0,-0.92,0.3,16.2,0
1,1,3,9500,1,1,128.0,120.5,1,1,1,7,7,1,0,0,1,0,1,19,0,0,7,10,5,0,1.79,0.5,12.4,0
1,53,1,9085,1,42,140.0,144.9,1,19,38,8,9,1,0,1,0,0,0,23,0,7,11,18,11,0,3.51,1.4,8.9,0
1,39,1,9085,1,19,133.1,139.9,1,19,19,4,9,1,0,0,1,0,1,24,0,1,6,7,6,0,3.51,1.4,8.9,0
1,1,1,171,1,1,142.0,133.3,1,1,1,3,3,1,0,0,1,0,0,19,0,0,0,0,0,0,1.74,1.4,10.8,0
1,1,3,9500,1,1,141.0,126.0,1,19,19,9,9,1,0,0,1,0,0,18,0,0,8,8,7,0,-1.7,3.7,12.7,0
1,1,2,9070,1,1,145.0,133.5,1,1,19,4,3,0,0,0,1,0,0,19,0,0,6,6,6,0,-1.7,3.7,12.7,0
1,17,2,9853,1,1,145.0,127.9,1,38,19,4,9,1,0,0,1,0,0,19,0,0,6,0,0,0,1.74,1.4,10.8,1
1,1,1,9238,1,1,108.0,105.9,1,1,38,5,8,0,0,0,1,0,1,20,0,0,6,11,5,0,2.02,0.6,11.1,0
1,1,1,9085,1,1,132.0,124.3,1,1,12,4,5,0,0,0,1,0,0,20,0,0,6,10,6,0,0.79,-0.3,13.9,0
1,39,1,9773,1,1,140.0,102.5,1,34,37,0,0,0,0,0,1,0,0,26,0,0,6,8,4,0,0.32,2.6,7.6,1
1,39,1,9254,1,19,133.1,97.0,1,19,1,9,5,0,0,1,0,1,0,36,0,0,5,10,0,0,-4.06,2.8,15.5,1
1,17,1,171,1,1,128.0,134.7,1,1,1,4,10,0,0,0,0,1,0,19,0,0,0,0,0,0,1.74,1.4,10.8,1
1,42,1,9119,1,1,120.0,113.8,1,19,37,9,9,0,0,0,0,1,0,27,0,0,5,0,0,0,-4.06,2.8,15.5,1
1,1,4,9119,1,1,120.0,116.9,1,3,1,123,152,0,0,0,1,1,0,18,0,0,5,9,1,0,3.51,1.4,8.9,1
1,1,4,9500,1,1,139.0,124.0,1,37,38,9,9,1,0,0,1,1,1,18,0,0,8,8,7,0,1.74,1.4,10.8,0
1,39,1,9070,1,1,139.3,117.5,1,38,38,5,5,0,0,0,1,1,0,28,0,0,6,0,0,0,1.79,0.5,12.4,1
1,44,1,171,1,39,150.0,154.8,1,19,1,9,9,1,0,0,1,1,0,21,0,0,0,0,0,0,1.79,0.5,12.4,0
1,1,1,9500,1,1,138.0,141.0,1,19,37,4,9,0,0,0,1,1,0,19,0,0,7,7,6,0,0.32,2.6,7.6,0
1,39,1,9670,1,9,133.1,120.0,1,6,22,3,3,0,0,1,0,1,0,26,0,0,5,5,0,0,-3.12,-0.8,9.4,1
1,51,1,9119,1,1,136.0,133.6,1,1,19,3,5,1,0,0,1,1,0,20,0,4,9,12,9,0,2.02,0.6,11.1,1
1,1,6,9500,1,1,134.0,122.0,1,38,38,9,9,1,0,0,1,1,0,19,0,0,8,8,7,0,-1.7,3.7,12.7,0
1,1,1,9147,1,1,140.0,120.0,1,19,19,7,3,1,0,0,1,1,0,21,0,0,5,8,3,0,-1.7,3.7,12.7,1
1,53,1,9670,1,42,110.0,114.2,1,1,19,9,9,0,0,0,1,1,1,23,0,0,6,7,5,0,3.51,1.4,8.9,0
1,39,1,8014,0,38,133.1,95.5,1,38,37,4,8,0,0,0,1,1,0,29,0,0,6,11,6,0,2.02,0.6,11.1,0
1,1,1,9500,1,1,129.0,120.0,1,1,1,9,9,0,0,0,1,1,0,20,0,0,8,8,7,0,-1.7,3.7,12.7,0
1,1,1,9238,1,1,116.0,111.1,1,1,19,5,9,0,0,0,1,1,0,18,0,0,6,8,6,0,-4.06,2.8,15.5,0
1,1,1,9773,1,1,130.0,128.6,1,1,38,3,5,1,0,0,1,1,0,19,0,0,6,8,5,0,-3.12,-0.8,9.4,0
1,7,1,9556,1,3,130.0,130.0,1,1,37,4,8,0,0,0,0,1,0,23,0,3,7,7,3,0,1.74,1.4,10.8,1
1,1,1,171,1,1,116.0,111.1,1,38,1,5,1,0,0,0,1,1,0,21,0,0,0,0,0,0,0.79,-0.3,13.9,1
1,17,1,9147,1,1,136.0,122.7,1,1,1,9,3,1,0,0,1,1,0,18,0,0,5,6,5,0,-4.06,2.8,15.5,0
1,1,1,171,1,1,147.0,134.4,1,37,19,7,7,1,0,0,1,1,1,18,0,0,0,0,0,0,1.74,1.4,10.8,0
1,1,5,9070,1,1,117.0,131.0,1,19,37,5,5,1,0,1,0,1,0,21,0,0,6,6,1,0,-3.12,-0.8,9.4,1
1,51,1,9238,1,1,141.0,125.0,1,1,1,5,9,0,0,0,1,1,0,22,0,0,6,6,0,0,2.02,0.6,11.1,1
1,18,1,9556,1,1,133.1,106.0,1,3,19,2,8,1,0,0,1,1,0,21,0,0,7,8,7,0,3.51,1.4,8.9,0
1,39,1,9500,1,1,133.1,128.0,1,38,19,9,9,1,0,0,0,1,0,32,0,0,7,0,0,0,-0.92,0.3,16.2,1
1,7,1,9003,1,3,120.0,120.0,1,1,19,4,1,1,0,0,1,1,0,27,0,14,18,21,18,0,-4.06,2.8,15.5,0
1,1,1,9500,1,1,148.0,134.8,1,19,38,9,8,1,0,0,1,1,0,18,0,0,7,7,6,0,0.32,2.6,7.6,0
1,39,1,9070,1,1,130.0,112.0,1,1,1,5,3,1,0,0,1,1,1,24,0,0,6,6,6,0,-4.06,2.8,15.5,0
1,1,1,9130,1,1,120.0,116.1,1,19,37,1,9,1,0,0,1,1,0,22,0,0,5,9,2,0,-1.7,3.7,12.7,1
1,43,1,9130,1,1,120.0,120.0,1,2,3,3,2,1,0,0,0,1,0,22,0,0,6,0,0,0,1.74,1.4,10.8,1
1,1,3,9147,1,1,133.0,119.7,1,37,37,9,5,1,0,0,1,1,0,19,0,0,5,8,5,0,0.79,-0.3,13.9,0
1,17,6,9119,1,1,129.0,117.1,1,37,13,4,90,1,0,0,1,1,0,19,0,0,5,10,0,0,0.32,2.6,7.6,1
1,1,2,9085,1,1,118.0,112.4,1,1,19,3,3,1,0,0,1,1,0,21,0,0,5,7,4,0,1.74,1.4,10.8,0
1,1,2,9500,1,1,140.0,131.0,1,1,1,2,7,1,0,0,1,0,1,18,0,0,8,8,8,0,-3.12,-0.8,9.4,0
1,1,2,9254,1,1,127.0,130.9,1,3,19,3,10,1,0,0,1,0,0,18,0,0,6,8,6,0,-3.12,-0.8,9.4,0
1,1,1,171,1,1,131.0,134.9,1,19,19,9,9,1,0,1,1,0,0,20,0,0,0,0,0,0,-0.92,0.3,16.2,1
1,17,1,9238,1,1,132.0,127.1,1,1,19,4,9,1,0,0,1,0,0,19,0,0,6,7,6,0,0.79,-0.3,13.9,0
1,17,5,9773,1,1,113.0,110.2,1,38,38,191,175,1,0,1,1,0,0,19,0,0,6,6,5,0,3.51,1.4,8.9,0
1,17,1,9254,1,1,115.0,108.7,1,12,1,9,3,1,0,0,1,0,1,18,0,0,6,9,5,0,1.79,0.5,12.4,0
1,1,1,9130,1,1,133.1,138.0,1,1,1,3,9,1,0,0,1,0,0,20,0,0,6,11,6,0,-0.92,0.3,16.2,0
1,44,1,9070,1,39,150.0,147.7,1,12,37,3,9,0,0,1,1,0,1,22,0,2,7,7,7,0,1.79,0.5,12.4,0
2,39,1,9556,1,19,133.1,123.0,1,37,38,9,9,0,0,0,1,0,0,31,0,0,7,13,6,0,1.79,0.5,12.4,0
1,17,1,9853,1,1,141.0,142.8,1,19,19,9,8,0,0,0,1,0,1,19,0,0,7,7,7,0,-0.92,0.3,16.2,0
1,1,2,171,1,1,140.0,138.3,1,1,3,3,3,1,0,0,1,0,0,18,0,0,0,0,0,0,1.79,0.5,12.4,0
1,1,2,9254,1,1,136.0,125.2,1,38,38,9,7,1,0,0,1,0,1,18,0,0,6,8,6,0,3.51,1.4,8.9,0
1,1,1,9085,1,1,140.0,141.8,1,12,1,1,90,0,0,0,1,0,0,21,0,0,5,7,5,0,0.32,2.6,7.6,0
1,17,5,9500,1,1,143.0,130.6,1,38,1,9,7,1,0,0,1,0,1,18,0,0,7,8,7,0,0.79,-0.3,13.9,0
1,44,1,9147,1,39,130.0,130.0,22,2,37,2,8,0,0,1,0,1,0,25,1,0,5,6,0,0,-4.06,2.8,15.5,1
1,15,1,9119,1,1,133.1,100.0,41,1,3,5,8,0,0,1,1,1,0,21,1,0,5,5,0,0,2.02,0.6,11.1,1
1,18,2,9500,1,1,129.0,119.0,1,38,37,5,5,1,0,0,1,0,1,19,0,0,8,8,7,0,1.74,1.4,10.8,0
1,1,2,9773,1,1,132.0,124.3,1,38,1,9,9,1,0,0,1,0,0,19,0,0,6,6,5,0,1.74,1.4,10.8,0
1,17,1,9254,1,1,118.0,122.2,1,11,34,5,0,1,0,0,1,0,0,22,0,0,6,10,4,0,0.32,2.6,7.6,1
1,15,1,9147,1,1,150.0,150.0,1,38,1,9,1,0,0,0,1,1,0,19,0,0,5,5,5,0,1.79,0.5,12.4,0
1,39,1,8014,0,19,133.1,135.5,1,37,37,9,5,0,0,0,1,0,0,58,0,0,6,6,0,0,2.02,0.6,11.1,1
1,16,2,9238,1,1,122.0,127.3,1,19,37,9,7,1,0,0,1,0,1,19,0,0,6,8,4,0,1.74,1.4,10.8,0
1,43,1,9670,1,1,127.0,127.0,22,37,37,9,9,1,0,0,1,1,0,23,1,3,9,11,6,0,-3.12,-0.8,9.4,0
1,1,2,9773,1,1,122.0,126.9,1,37,37,9,9,1,0,0,1,0,1,19,0,0,6,11,4,0,-3.12,-0.8,9.4,0
1,18,3,9500,1,1,131.0,127.5,1,19,1,4,7,1,0,0,1,0,0,18,0,0,7,7,7,0,0.79,-0.3,13.9,0
1,1,2,9085,1,1,130.0,122.0,1,19,19,90,90,0,0,0,1,0,0,20,0,0,5,6,5,0,0.32,2.6,7.6,0
1,17,5,9085,1,1,130.0,115.8,1,19,19,90,7,0,0,0,0,0,0,18,0,0,6,0,0,0,-1.7,3.7,12.7,1
1,17,1,9670,1,1,130.0,121.6,1,3,19,5,5,0,0,0,1,0,0,18,0,0,6,6,6,0,3.51,1.4,8.9,0
1,17,4,9147,1,1,122.0,116.4,1,19,19,5,7,1,0,1,1,0,1,18,0,0,5,5,5,0,2.02,0.6,11.1,0
1,39,1,9130,1,1,114.0,120.0,1,38,38,9,10,0,0,0,1,0,0,24,0,0,6,9,6,0,2.02,0.6,11.1,1
1,17,4,9853,1,1,143.0,127.3,1,37,37,9,5,1,0,0,1,0,0,18,0,0,6,7,5,0,1.74,1.4,10.8,1
1,1,3,9147,1,1,127.0,123.5,1,1,38,5,7,1,0,0,1,0,1,19,0,0,5,5,5,0,-3.12,-0.8,9.4,0
1,17,3,9238,1,1,141.0,125.6,1,19,38,9,7,1,0,0,1,0,1,19,0,0,6,8,6,0,3.51,1.4,8.9,0
1,1,1,9254,1,1,129.0,118.5,1,38,38,6,6,1,0,0,1,0,0,18,0,0,6,6,6,0,0.32,2.6,7.6,0
1,1,2,9130,1,1,140.0,129.5,1,19,37,9,9,1,0,0,1,0,0,18,0,0,5,10,4,1,-1.7,3.7,12.7,0
1,1,1,171,1,1,137.0,134.6,1,19,19,5,5,1,0,0,1,0,1,19,0,0,0,0,0,0,1.74,1.4,10.8,0
1,44,1,9085,1,1,140.0,140.0,1,4,4,2,6,0,0,0,1,0,0,22,0,2,6,9,6,0,0.79,-0.3,13.9,0
1,1,1,9254,1,1,143.0,133.2,1,2,37,1,1,1,0,0,1,0,0,19,0,0,6,9,5,0,1.74,1.4,10.8,0
3,17,1,9238,1,1,138.0,133.5,1,37,37,9,9,1,0,0,1,0,1,21,0,0,6,8,3,0,-1.7,3.7,12.7,0
1,17,1,9773,1,1,120.0,117.9,1,19,38,9,7,1,0,0,1,0,1,21,0,0,6,6,5,0,3.51,1.4,8.9,0
1,1,3,9500,1,1,144.0,128.0,1,38,38,5,7,1,0,0,1,0,1,18,0,0,8,11,7,0,1.74,1.4,10.8,0
1,1,5,9853,1,1,123.0,113.2,1,1,12,4,9,1,0,0,1,0,0,20,0,0,6,12,4,0,1.74,1.4,10.8,1
1,1,3,9254,1,1,129.0,122.0,1,37,38,7,7,1,0,0,1,0,1,18,0,0,6,9,6,0,0.32,2.6,7.6,0
1,16,3,9070,1,1,152.0,156.9,1,1,38,4,8,1,0,0,1,0,0,19,0,0,6,6,6,0,-1.7,3.7,12.7,0
1,1,2,9500,1,1,130.0,125.1,1,1,38,9,9,1,0,0,1,0,1,18,0,0,7,9,6,0,2.02,0.6,11.1,0
1,15,1,9147,1,1,133.1,100.0,41,41,1,3,4,0,0,1,0,1,0,26,1,6,7,7,6,0,2.02,0.6,11.1,1
1,15,1,9119,1,1,160.0,160.0,32,1,3,143,152,0,0,1,1,0,0,19,1,0,6,11,2,1,3.51,1.4,8.9,0
2,39,1,8014,0,1,140.0,101.0,1,37,37,9,9,0,0,0,1,0,0,35,0,0,6,7,6,0,-4.06,2.8,15.5,0
1,18,1,9670,1,1,133.0,121.5,1,1,1,9,9,1,0,0,1,0,1,19,0,0,6,7,6,0,1.79,0.5,12.4,0
1,1,1,9085,1,1,138.0,126.8,1,38,37,9,6,1,0,0,1,1,0,18,0,0,5,6,4,0,1.74,1.4,10.8,0
1,1,5,9670,1,1,142.0,132.9,1,19,19,7,3,0,0,0,1,1,0,19,0,0,5,5,4,0,0.32,2.6,7.6,0
1,1,1,171,1,1,115.0,134.3,1,1,1,9,9,1,0,0,1,1,0,25,0,16,17,19,17,0,1.79,0.5,12.4,0
1,17,6,9254,1,1,125.0,120.5,1,1,1,4,3,1,0,0,1,1,0,18,0,0,6,6,6,0,2.02,0.6,11.1,0
1,17,1,9003,1,1,170.0,144.1,1,1,4,9,5,1,0,1,0,1,0,26,0,0,6,8,0,0,-0.92,0.3,16.2,1
1,43,1,9991,0,1,140.0,100.0,1,1,1,6,6,0,0,0,1,1,0,34,0,0,5,5,5,0,-3.12,-0.8,9.4,0
1,1,2,9254,1,1,110.0,114.8,1,4,19,4,3,1,0,0,0,1,0,18,0,0,5,6,0,0,-1.7,3.7,12.7,1
1,1,1,171,1,1,114.0,111.9,1,3,29,3,5,0,0,0,0,1,0,18,0,0,0,0,0,0,-3.12,-0.8,9.4,1
1,17,3,9119,1,1,138.0,125.4,1,1,19,4,3,1,0,0,1,1,1,18,0,0,5,9,4,0,3.51,1.4,8.9,1
1,44,1,9003,1,39,140.0,140.0,1,37,37,9,4,0,0,0,1,1,0,20,0,0,6,12,3,0,1.79,0.5,12.4,1
1,44,1,9070,1,39,140.0,140.0,1,1,19,4,4,0,0,0,1,1,0,25,0,2,7,9,6,0,-0.92,0.3,16.2,0
1,17,1,9130,1,1,132.0,127.8,1,2,1,4,1,0,0,0,1,1,0,18,0,0,6,9,6,0,2.02,0.6,11.1,1
1,1,1,9003,1,1,148.0,131.6,1,19,37,9,9,1,0,0,1,1,0,19,0,8,12,17,11,2,-4.06,2.8,15.5,0
1,1,1,171,1,1,132.0,119.4,1,1,1,4,1,1,0,0,1,1,0,20,0,0,0,0,0,0,1.74,1.4,10.8,1
1,18,2,9238,1,1,126.0,129.9,1,19,37,5,7,1,0,0,1,1,1,20,0,1,7,9,6,0,1.74,1.4,10.8,0
1,1,1,9119,1,1,121.0,114.0,1,3,1,2,3,0,0,0,1,1,0,20,0,0,5,9,4,0,0.32,2.6,7.6,0
1,1,2,9147,1,1,120.0,113.4,1,1,37,4,9,1,0,0,1,1,1,19,0,0,5,5,0,0,2.02,0.6,11.1,1
1,1,1,9147,1,1,123.0,117.8,1,1,19,4,5,0,0,0,1,1,0,20,0,0,5,9,5,0,3.51,1.4,8.9,0
1,1,6,9500,1,1,122.0,114.3,1,1,1,3,7,1,0,0,1,1,0,18,0,0,7,8,6,0,2.02,0.6,11.1,0
1,1,1,9670,1,1,136.0,129.7,1,2,38,143,163,1,0,0,1,1,0,19,0,0,6,10,4,0,-0.92,0.3,16.2,0
1,18,1,9147,1,1,119.0,112.0,1,37,37,7,7,1,0,0,0,1,0,20,0,0,5,5,0,0,-3.12,-0.8,9.4,1
1,39,1,9670,1,1,120.0,140.0,1,38,37,7,7,0,0,0,1,1,0,24,0,0,6,15,4,0,-4.06,2.8,15.5,1
1,44,1,9003,1,39,150.0,150.0,1,38,38,9,8,1,0,0,1,1,0,20,0,0,6,8,5,0,-0.92,0.3,16.2,0
1,1,3,9670,1,1,121.0,122.4,1,3,19,2,8,1,0,0,1,1,0,19,0,0,5,7,3,0,-3.12,-0.8,9.4,0
1,51,1,9119,1,1,140.0,150.0,1,1,19,4,4,0,0,0,1,1,0,23,0,0,5,7,2,0,3.51,1.4,8.9,1
1,17,2,9254,1,1,135.0,135.0,1,19,19,4,3,1,0,0,1,1,0,20,0,0,6,8,6,0,0.32,2.6,7.6,0
1,43,4,8014,0,1,116.0,116.2,1,34,34,0,0,0,0,0,1,1,0,21,0,9,11,11,11,0,-3.12,-0.8,9.4,0
1,17,2,9119,1,1,120.0,120.4,1,10,12,9,9,1,0,0,1,1,0,20,0,0,5,6,3,0,1.74,1.4,10.8,1
2,17,5,9119,1,1,126.0,122.9,1,37,38,4,4,1,0,0,1,1,0,21,0,0,5,10,4,0,0.32,2.6,7.6,0
1,1,1,9773,1,1,170.0,155.0,1,1,19,9,7,0,0,0,1,1,1,18,0,0,6,6,6,0,2.02,0.6,11.1,0
1,1,3,9254,1,1,123.0,123.4,1,1,1,4,3,1,0,0,1,1,0,18,0,0,6,8,6,0,2.02,0.6,11.1,0
1,17,1,9147,1,1,120.0,124.2,1,3,38,3,7,1,0,0,1,1,0,18,0,0,5,13,5,0,0.79,-0.3,13.9,0
1,44,1,9003,1,39,130.0,130.0,1,3,3,7,1,1,0,0,1,1,0,20,0,0,6,12,4,0,-4.06,2.8,15.5,0
1,17,1,9773,1,1,130.0,126.2,1,19,38,4,9,0,0,0,1,1,1,18,0,0,6,7,6,0,-0.92,0.3,16.2,0
1,17,1,9773,1,1,117.0,120.5,1,37,37,0,4,1,0,0,1,1,0,19,0,0,6,12,0,1,-3.12,-0.8,9.4,1
1,17,1,9119,1,1,131.0,123.7,1,1,3,9,10,1,0,0,1,1,0,20,0,0,5,7,4,0,1.74,1.4,10.8,0
1,17,1,9130,1,1,130.0,122.5,1,19,38,4,7,0,0,0,1,1,0,19,0,0,5,11,4,1,-3.12,-0.8,9.4,0
1,39,1,9991,0,1,133.0,139.2,1,37,37,9,5,1,0,1,1,1,0,33,0,0,5,11,2,0,-1.7,3.7,12.7,1
1,51,1,171,1,1,128.0,131.2,1,2,1,3,3,1,0,0,1,1,0,21,0,6,12,12,12,0,3.51,1.4,8.9,0
2,39,1,9003,1,1,133.1,120.0,1,1,19,4,4,0,0,1,0,1,0,25,0,0,6,17,2,2,-4.06,2.8,15.5,1
1,1,1,9085,1,1,123.0,116.7,1,1,1,4,9,1,0,0,1,1,1,20,0,0,6,10,4,0,1.79,0.5,12.4,1
1,53,1,9085,1,42,150.0,150.0,1,1,1,9,4,1,0,0,1,1,1,22,0,1,7,11,5,0,3.51,1.4,8.9,1
4,39,1,9773,1,19,133.1,117.5,1,37,37,9,1,0,0,0,1,0,0,39,0,0,6,10,4,0,1.74,1.4,10.8,0
1,1,2,9670,1,1,140.0,137.6,1,3,1,2,6,1,0,0,1,1,1,21,0,0,6,8,6,0,3.51,1.4,8.9,0
1,17,1,9254,1,1,126.0,124.3,1,1,1,9,9,0,0,0,1,0,1,19,0,0,6,8,6,0,-0.92,0.3,16.2,0
1,39,1,9500,1,19,133.1,116.0,1,37,37,9,7,0,0,0,1,0,1,26,0,0,7,8,6,0,0.32,2.6,7.6,0
1,18,2,9238,1,1,121.0,121.4,1,19,1,4,3,1,0,0,1,0,1,19,0,0,6,8,4,0,-4.06,2.8,15.5,0
1,53,1,9085,1,42,140.0,142.8,1,1,3,4,2,1,0,0,0,0,1,20,0,7,12,15,11,0,3.51,1.4,8.9,0
1,17,1,9670,1,1,133.1,96.0,1,1,37,4,9,1,0,0,1,0,1,25,0,0,6,8,6,0,-4.06,2.8,15.5,0
1,43,1,8014,0,1,131.0,125.0,1,19,37,8,5,0,0,0,1,1,0,24,0,0,6,13,0,3,-0.92,0.3,16.2,1
1,17,6,9119,1,1,124.0,126.1,1,19,19,4,0,1,0,0,1,1,0,20,0,0,5,7,4,0,0.32,2.6,7.6,0
2,39,1,9003,1,1,120.0,155.8,1,37,37,9,9,0,0,0,1,1,0,29,0,0,6,9,6,0,0.79,-0.3,13.9,0
1,1,1,9773,1,1,133.1,116.0,1,1,3,9,9,0,0,0,1,1,0,20,0,0,6,8,6,0,-0.92,0.3,16.2,0
1,44,1,9130,1,39,110.0,110.0,1,3,4,2,2,1,0,0,1,1,0,20,0,0,6,15,4,0,0.79,-0.3,13.9,1
1,39,1,9670,1,19,133.1,97.2,1,19,1,5,8,1,0,0,1,1,1,24,0,0,6,10,4,0,2.02,0.6,11.1,0
1,39,1,9500,1,19,133.1,100.0,1,1,3,2,2,0,0,1,1,1,0,24,0,0,7,21,0,3,-0.92,0.3,16.2,1
1,7,1,9119,1,40,140.0,140.0,1,3,1,2,5,0,0,0,1,1,0,23,0,0,5,5,5,0,2.02,0.6,11.1,0
1,43,1,9556,1,1,130.0,128.0,1,1,37,5,5,1,0,0,1,1,0,20,0,0,7,8,7,0,-4.06,2.8,15.5,0
1,17,2,9670,1,1,110.0,115.3,1,1,1,4,10,1,0,0,1,1,0,19,0,0,6,8,6,0,-4.06,2.8,15.5,0
4,39,1,9003,1,1,140.0,150.0,1,37,37,9,8,0,0,0,1,1,0,28,0,0,6,12,5,0,2.02,0.6,11.1,0
1,44,1,9003,1,39,160.0,160.0,1,1,38,4,4,1,0,0,1,1,1,20,0,0,6,9,6,0,0.79,-0.3,13.9,0
1,1,1,9070,1,1,138.0,133.1,1,38,37,3,3,0,0,0,1,1,0,18,0,0,6,6,6,0,3.51,1.4,8.9,0
1,1,1,9670,1,1,126.0,119.0,1,1,1,90,90,1,0,1,1,1,0,20,0,0,6,10,1,1,1.74,1.4,10.8,1
2,39,1,9991,0,1,120.0,156.0,1,37,19,5,3,1,0,0,1,1,0,33,0,0,5,5,5,0,1.74,1.4,10.8,0
2,39,1,9500,1,1,130.0,163.7,1,37,37,191,183,0,0,0,1,0,0,35,0,0,7,11,5,0,1.79,0.5,12.4,0
1,39,1,9500,1,40,130.0,130.0,1,37,37,9,7,0,0,0,1,0,0,27,0,3,8,12,7,0,-1.7,3.7,12.7,0
1,17,5,9773,1,1,122.0,123.1,1,38,38,7,7,1,0,0,0,0,0,19,0,0,6,12,3,0,-3.12,-0.8,9.4,1
1,39,1,9991,0,1,160.0,160.0,41,37,19,9,9,0,0,0,1,0,1,31,1,0,5,13,4,0,-4.06,2.8,15.5,0
1,1,1,171,1,1,134.0,136.1,1,19,37,7,7,1,0,0,1,1,0,19,0,0,0,0,0,0,-3.12,-0.8,9.4,0
1,43,1,9070,1,1,134.0,132.7,1,19,37,7,7,1,0,0,1,1,0,22,0,9,13,13,13,0,-4.06,2.8,15.5,0
1,43,1,9500,1,1,140.0,128.2,100,1,1,6,6,0,0,0,1,0,0,39,1,0,7,0,0,0,-1.7,3.7,12.7,1
1,17,1,9254,1,1,127.0,126.7,1,1,1,4,8,1,0,0,0,1,0,22,0,0,1,1,0,0,1.79,0.5,12.4,1
2,39,1,9991,0,1,133.1,150.0,1,37,19,9,10,0,0,0,1,1,0,47,0,0,5,8,4,0,-3.12,-0.8,9.4,0
1,17,1,171,1,1,143.0,156.3,1,19,37,5,9,1,0,0,1,1,1,19,0,0,0,0,0,0,2.02,0.6,11.1,0
1,10,1,9254,1,1,115.0,116.1,24,3,1,9,9,1,0,0,1,0,0,19,1,0,6,6,6,0,1.79,0.5,12.4,0
1,17,1,9500,1,1,131.0,123.8,1,19,37,9,9,1,0,0,1,0,0,19,0,0,7,0,0,0,-4.06,2.8,15.5,1
1,1,1,171,1,1,146.0,153.0,1,19,37,9,7,1,0,0,1,0,1,21,0,15,17,18,17,0,2.02,0.6,11.1,0
1,7,1,9500,1,5,140.0,140.0,1,19,1,4,1,1,0,0,0,0,0,39,0,0,7,0,0,0,1.79,0.5,12.4,1
1,17,1,171,1,1,135.0,131.9,1,19,1,4,1,1,0,0,1,1,0,19,0,6,12,12,12,0,3.51,1.4,8.9,0
1,1,1,171,1,1,133.0,141.4,1,37,19,9,8,0,0,0,1,1,1,20,0,0,0,0,0,0,0.79,-0.3,13.9,0
1,39,1,9147,1,12,133.1,140.0,1,1,1,9,4,1,0,1,0,1,0,24,0,0,5,5,0,0,-1.7,3.7,12.7,1
1,39,1,9991,0,1,120.0,115.0,1,19,19,9,9,1,0,0,1,1,0,27,0,0,5,9,1,0,-1.7,3.7,12.7,1
2,39,1,9991,0,1,133.1,168.0,1,37,37,9,9,0,0,0,1,1,0,29,0,0,5,5,5,0,2.02,0.6,11.1,0
1,17,1,9085,1,1,130.0,101.3,1,19,1,9,4,1,0,0,1,1,0,20,0,0,6,12,4,0,1.79,0.5,12.4,1
1,1,1,9670,1,1,125.0,122.6,1,19,1,7,4,0,0,0,1,1,0,21,0,0,5,7,5,0,-3.12,-0.8,9.4,1
1,1,1,171,1,1,134.0,141.7,1,3,2,2,2,1,0,0,1,1,0,18,0,0,0,0,0,0,0.32,2.6,7.6,0
1,1,1,9500,1,1,151.0,132.3,1,1,1,4,3,0,0,0,1,1,0,19,0,0,8,9,7,0,-1.7,3.7,12.7,0
1,17,1,9773,1,1,112.0,111.7,1,1,1,5,1,0,0,1,0,1,0,19,0,0,6,6,6,0,-4.06,2.8,15.5,1
1,39,1,9119,1,1,120.0,98.7,1,37,37,9,9,0,0,0,1,1,1,28,0,0,5,12,3,0,1.79,0.5,12.4,0
1,15,1,9254,1,1,140.0,140.0,26,19,1,9,7,1,0,0,0,0,0,21,1,0,6,6,6,0,0.79,-0.3,13.9,0
1,10,1,9500,1,1,140.0,140.0,24,3,3,2,9,1,0,1,0,0,0,23,1,0,8,11,7,0,-1.7,3.7,12.7,1
4,39,1,9003,1,1,133.1,100.7,1,19,19,9,4,0,0,0,1,0,0,39,0,0,6,15,2,2,-4.06,2.8,15.5,0
1,17,3,9500,1,1,143.0,133.8,1,38,1,9,5,1,0,0,1,0,0,18,0,0,7,7,6,0,0.32,2.6,7.6,0
2,15,1,9773,1,1,133.1,100.0,41,37,37,9,6,0,0,0,1,0,0,59,1,0,6,8,6,0,2.02,0.6,11.1,0
1,7,1,9119,1,4,180.0,180.0,1,4,3,2,7,0,0,1,1,1,0,30,0,0,5,6,4,0,0.79,-0.3,13.9,0
1,1,1,9085,1,1,136.0,130.8,1,1,38,9,9,1,0,0,1,0,0,18,0,0,5,7,5,1,-1.7,3.7,12.7,0
2,44,1,9991,0,39,140.0,140.0,1,37,37,9,9,0,0,0,1,0,0,41,0,2,6,10,4,0,-3.12,-0.8,9.4,0
1,39,1,9500,1,1,130.0,106.2,1,37,19,9,8,1,0,0,1,0,0,27,0,0,7,14,0,0,2.02,0.6,11.1,1
1,1,1,9238,1,1,141.0,125.6,1,38,19,9,10,1,0,0,1,0,1,18,0,0,6,6,6,0,-3.12,-0.8,9.4,0
1,18,5,9853,1,1,121.0,117.5,1,38,19,7,7,1,0,1,0,0,0,20,0,0,6,14,2,0,1.74,1.4,10.8,1
2,39,1,9119,1,3,120.0,122.5,1,37,37,4,7,0,0,0,0,0,0,32,0,0,5,6,0,0,-1.7,3.7,12.7,1
1,17,1,9147,1,1,129.0,132.9,1,38,37,3,5,1,0,0,1,0,0,19,0,0,5,5,3,0,-3.12,-0.8,9.4,1
2,39,1,9853,1,12,133.1,103.0,1,37,37,7,8,0,0,0,1,0,0,41,0,0,6,0,0,0,-0.92,0.3,16.2,1
4,17,5,8014,0,1,100.0,107.0,1,19,19,90,90,0,0,0,1,0,0,38,0,0,5,12,1,0,1.74,1.4,10.8,1
1,7,1,9130,1,2,133.1,100.0,6,42,1,4,9,0,0,0,1,1,0,35,1,0,7,8,0,1,3.51,1.4,8.9,1
1,39,1,8014,0,1,133.1,100.0,1,34,34,0,0,1,0,0,1,0,0,27,0,0,6,11,4,0,0.32,2.6,7.6,1
1,17,1,9070,1,1,139.0,131.3,1,1,37,4,9,1,0,0,1,0,0,19,0,0,6,10,4,1,0.32,2.6,7.6,0
1,18,1,9773,1,1,125.0,122.2,1,19,37,9,5,0,0,0,0,0,0,18,0,0,6,7,5,0,2.02,0.6,11.1,0
2,39,1,9991,0,9,133.1,118.4,1,34,34,0,0,0,0,0,0,0,0,39,0,0,5,5,0,0,0.32,2.6,7.6,1
2,7,1,9254,1,2,100.0,100.0,1,37,37,9,9,0,0,0,0,0,0,37,0,0,5,5,0,0,1.74,1.4,10.8,1
5,39,1,9500,1,1,110.0,110.0,1,38,38,9,9,0,0,0,0,0,0,37,0,0,8,8,0,1,-1.7,3.7,12.7,1
2,43,1,8014,0,1,133.1,100.0,1,34,34,0,0,0,0,0,1,0,1,35,0,11,16,16,16,0,-3.12,-0.8,9.4,0
1,43,1,9147,1,1,123.0,106.2,1,37,37,9,9,0,0,0,1,0,0,49,0,9,13,22,10,0,-1.7,3.7,12.7,0
1,7,1,9147,1,40,110.0,110.0,1,37,37,9,9,0,0,0,1,0,0,52,0,11,15,26,14,0,0.79,-0.3,13.9,0
1,1,2,9085,1,1,130.0,122.3,1,1,38,5,5,1,0,0,1,0,0,18,0,0,5,10,5,2,-3.12,-0.8,9.4,0
1,39,1,8014,0,1,133.1,112.5,1,37,37,9,9,0,0,0,1,0,1,30,0,0,7,7,6,1,1.74,1.4,10.8,0
1,1,2,9500,1,1,97.0,98.1,1,1,19,2,7,1,0,0,1,0,0,21,0,0,7,7,7,0,2.02,0.6,11.1,0
1,1,1,9119,1,1,130.0,140.2,1,37,19,9,5,1,0,0,1,1,0,20,0,0,5,5,0,0,-3.12,-0.8,9.4,1
1,17,1,9147,1,1,139.0,143.6,1,1,38,6,6,1,0,1,1,1,0,18,0,0,5,9,0,0,0.32,2.6,7.6,0
1,16,1,171,1,1,150.0,134.6,1,37,37,9,9,1,0,0,1,1,0,19,0,0,0,0,0,0,0.32,2.6,7.6,1
1,1,3,9500,1,1,141.0,126.8,1,3,19,2,10,1,0,0,1,1,0,18,0,0,8,8,8,0,-3.12,-0.8,9.4,0
1,15,1,33,1,1,133.1,100.0,41,2,3,2,4,0,0,0,1,1,0,20,1,0,7,10,7,0,3.51,1.4,8.9,0
1,17,1,9130,1,1,137.0,130.0,1,38,19,5,7,1,0,0,1,0,0,21,0,0,6,12,5,0,1.79,0.5,12.4,0
1,1,4,9147,1,1,116.0,113.6,1,1,1,3,4,1,0,0,1,0,1,22,0,0,5,6,3,0,2.02,0.6,11.1,0
1,44,1,9130,1,39,140.0,140.0,1,19,19,5,5,1,0,1,0,0,0,20,0,1,6,11,3,0,1.79,0.5,12.4,0
1,17,4,9085,1,1,106.0,106.0,1,37,1,3,9,0,0,0,1,0,0,20,0,0,6,9,6,0,0.79,-0.3,13.9,0
1,17,6,9238,1,1,135.0,126.6,1,1,19,7,7,1,0,0,1,0,1,19,0,0,6,8,6,0,-1.7,3.7,12.7,0
1,17,5,9500,1,1,144.0,130.7,1,19,38,9,5,1,0,0,1,0,1,18,0,0,7,8,7,0,0.79,-0.3,13.9,0
1,1,2,9147,1,1,108.0,105.9,1,1,19,4,4,1,0,0,1,1,0,21,0,0,5,9,4,0,2.02,0.6,11.1,0
1,15,1,9556,1,1,137.0,137.0,26,19,1,9,4,0,0,1,1,0,0,19,1,0,7,11,0,4,3.51,1.4,8.9,0
1,43,1,9130,1,1,133.1,100.0,6,37,37,9,6,0,0,0,1,0,0,37,1,0,6,0,0,0,0.79,-0.3,13.9,1
2,1,1,8014,0,1,121.0,114.4,1,37,37,9,9,1,0,0,1,0,0,45,0,8,12,14,12,0,0.32,2.6,7.6,0
1,39,1,9003,1,19,133.1,120.0,1,37,37,9,10,0,0,1,0,1,0,38,0,0,6,8,0,0,-0.92,0.3,16.2,1
6,39,1,9991,0,12,130.0,119.0,1,37,37,90,90,1,0,0,0,1,0,55,0,0,5,5,0,0,0.32,2.6,7.6,1
5,39,1,9003,1,1,133.1,110.0,1,37,37,9,7,0,0,1,0,0,0,28,0,0,6,17,5,0,0.79,-0.3,13.9,1
5,7,1,9991,0,2,120.0,120.0,1,37,37,6,6,0,0,0,1,0,0,46,0,6,8,12,8,0,3.51,1.4,8.9,0
1,1,4,171,1,1,131.0,119.8,1,19,19,4,4,1,1,0,1,0,0,22,0,0,0,0,0,0,-0.92,0.3,16.2,0
2,39,2,9670,1,19,133.1,135.6,1,37,37,9,9,0,0,0,1,0,0,46,0,0,6,10,5,0,1.79,0.5,12.4,1
1,39,1,9991,0,1,100.0,120.7,1,19,37,5,5,0,0,0,1,0,0,28,0,0,5,9,4,0,0.32,2.6,7.6,0
1,1,3,9085,1,1,131.0,136.3,1,37,19,9,8,1,0,1,0,0,0,18,0,0,5,7,3,0,0.32,2.6,7.6,1
1,16,1,171,1,1,158.0,164.3,1,38,37,9,9,1,0,0,1,1,1,18,0,0,0,0,0,0,1.74,1.4,10.8,0
1,1,1,9773,1,1,146.0,149.2,1,37,37,9,7,1,0,0,1,1,1,21,0,0,6,6,6,0,-1.7,3.7,12.7,0
1,16,2,9070,1,1,133.0,122.5,1,1,3,4,2,1,0,0,1,0,0,18,0,0,6,11,1,1,0.32,2.6,7.6,0
1,43,1,9991,0,1,120.0,100.0,1,19,37,3,9,0,0,0,1,0,0,34,0,0,5,9,0,0,0.79,-0.3,13.9,1
1,17,1,9853,1,1,119.0,125.0,1,37,38,9,9,1,0,0,1,0,1,21,0,0,6,9,5,0,1.74,1.4,10.8,1
1,1,1,9773,1,1,132.0,131.0,1,37,19,9,9,1,0,0,1,0,1,18,0,0,6,8,5,0,-4.06,2.8,15.5,0
1,1,1,171,1,1,130.0,122.0,1,29,38,9,8,1,0,0,1,1,0,20,0,0,0,0,0,0,0.32,2.6,7.6,0
1,1,1,9147,1,1,132.0,131.3,1,38,37,7,7,1,0,0,1,0,0,18,0,0,5,8,4,0,-3.12,-0.8,9.4,0
1,17,2,9119,1,1,133.1,117.0,1,1,2,3,3,1,0,0,1,1,0,21,0,0,5,10,5,0,1.79,0.5,12.4,0
1,17,1,9254,1,1,119.0,118.0,1,37,37,5,4,1,0,0,1,1,0,19,0,0,6,13,2,0,1.74,1.4,10.8,1
1,17,2,8014,0,1,134.0,126.0,1,1,19,4,99,1,0,0,1,1,0,22,0,0,6,7,6,0,0.32,2.6,7.6,0
1,44,1,9003,1,39,120.0,120.0,1,1,19,4,7,0,0,0,1,1,0,23,0,1,6,6,1,0,-4.06,2.8,15.5,1
1,17,4,171,1,1,172.0,155.6,1,3,1,2,10,1,0,0,1,1,0,19,0,0,0,0,0,0,-3.12,-0.8,9.4,1
1,1,4,9147,1,1,120.0,122.8,1,19,38,5,5,1,0,0,1,1,0,18,0,0,5,6,4,0,1.74,1.4,10.8,0
1,1,3,171,1,1,129.0,127.3,1,38,37,9,3,1,0,1,0,1,1,19,0,0,0,0,0,0,-3.12,-0.8,9.4,1
1,17,1,9147,1,1,118.0,118.4,1,1,38,9,9,1,0,0,1,1,0,19,0,0,5,10,2,0,1.79,0.5,12.4,0
1,1,1,9670,1,1,127.0,128.1,1,1,37,4,9,0,0,0,1,1,0,19,0,0,5,8,4,0,0.32,2.6,7.6,0
1,1,2,9500,1,1,133.1,99.0,1,37,37,9,9,1,0,0,1,1,0,22,0,0,7,9,6,0,-0.92,0.3,16.2,0
1,1,1,9773,1,1,164.0,161.2,1,19,1,9,9,0,0,0,1,1,1,18,0,0,6,7,6,0,0.79,-0.3,13.9,0
1,17,1,9238,1,1,136.0,140.9,1,37,37,7,7,1,0,0,1,1,0,18,0,0,6,10,4,0,-3.12,-0.8,9.4,1
1,17,1,9773,1,1,117.0,111.1,1,38,38,9,9,0,0,1,1,1,0,19,0,0,6,6,4,0,-0.92,0.3,16.2,1
1,1,4,171,1,1,131.0,149.9,1,1,1,0,3,1,0,0,1,1,0,18,0,0,0,0,0,0,2.02,0.6,11.1,0
1,17,6,9670,1,1,110.0,111.3,1,1,19,4,10,0,0,0,1,1,0,21,0,0,6,10,6,0,-4.06,2.8,15.5,0
1,1,2,9254,1,1,125.0,121.5,1,1,19,4,1,1,0,0,1,1,0,18,0,0,6,12,5,0,-3.12,-0.8,9.4,0
1,44,1,9003,1,39,120.0,120.0,1,19,38,6,6,1,0,0,1,1,0,19,0,0,6,8,6,0,1.79,0.5,12.4,0
1,39,1,9003,1,19,133.1,120.0,1,1,19,9,8,0,0,1,0,1,0,27,0,0,6,11,2,0,3.51,1.4,8.9,1
1,53,1,9003,1,42,130.0,130.0,1,38,38,9,9,1,0,1,1,1,0,20,0,7,12,16,11,0,3.51,1.4,8.9,0
1,1,5,9254,1,1,101.0,98.9,1,3,19,3,9,1,0,0,1,1,0,20,0,0,6,10,4,0,1.79,0.5,12.4,0
1,1,6,9500,1,1,141.0,136.3,1,4,3,2,1,1,0,0,1,1,0,18,0,0,8,9,8,1,-3.12,-0.8,9.4,0
1,17,1,9773,1,1,128.0,125.2,1,38,19,9,10,1,0,0,1,1,0,18,0,0,6,6,6,0,1.79,0.5,12.4,0
1,1,2,9070,1,1,145.0,130.0,1,38,19,7,7,1,0,0,1,1,0,18,0,0,6,7,6,0,3.51,1.4,8.9,0
1,1,1,9147,1,1,160.0,141.5,1,1,38,4,7,1,0,0,1,1,0,18,0,0,5,10,3,1,-3.12,-0.8,9.4,1
1,16,5,9085,1,1,134.0,123.9,1,19,37,8,8,1,0,0,1,1,0,18,0,0,5,11,5,2,-3.12,-0.8,9.4,0
1,17,2,9500,1,1,125.0,114.5,1,19,19,5,5,1,0,0,1,0,0,18,0,0,7,11,6,0,-0.92,0.3,16.2,0
1,39,1,8014,0,15,133.1,100.0,1,34,34,0,0,1,0,0,0,0,0,37,0,0,5,9,0,0,-3.12,-0.8,9.4,1
2,39,1,8014,0,1,120.0,110.5,1,38,37,5,3,0,0,0,1,0,1,36,0,0,6,6,6,0,1.74,1.4,10.8,0
2,39,1,9085,1,19,133.1,101.0,1,19,19,9,5,1,0,0,1,0,0,26,0,0,6,21,3,0,-4.06,2.8,15.5,1
1,1,1,9085,1,1,121.0,121.0,1,37,38,6,9,0,0,0,1,0,0,19,0,0,5,9,4,1,0.32,2.6,7.6,0
1,39,1,8014,0,1,120.0,95.0,1,37,1,7,4,1,0,0,1,0,0,24,0,0,6,8,5,0,-4.06,2.8,15.5,1
1,1,2,9773,1,1,130.0,126.9,109,19,1,9,9,1,0,0,1,0,1,19,1,0,6,8,6,0,2.02,0.6,11.1,1
1,42,1,9670,1,1,130.0,116.3,1,1,1,9,10,1,0,0,1,0,1,20,0,3,7,10,6,0,-1.7,3.7,12.7,0
1,18,1,9670,1,1,128.0,120.0,1,19,3,9,7,1,0,0,1,0,0,19,0,0,6,8,6,0,2.02,0.6,11.1,0
1,1,1,9085,1,1,126.0,123.6,1,38,37,9,9,1,0,0,1,0,0,21,0,0,5,10,3,0,1.74,1.4,10.8,0
2,39,1,9556,1,1,120.0,150.0,1,37,37,9,4,0,0,0,0,0,0,50,0,0,7,18,6,0,-1.7,3.7,12.7,1
2,39,1,9556,1,1,100.0,120.0,1,37,37,9,9,0,0,0,1,0,0,47,0,1,7,16,6,0,-1.7,3.7,12.7,1
1,42,1,9853,1,1,120.0,111.3,1,1,19,4,7,0,0,0,1,0,0,24,0,9,13,17,10,0,-0.92,0.3,16.2,1
1,39,1,9991,0,1,110.0,150.0,1,37,37,7,10,0,0,0,0,0,0,48,0,0,5,5,1,0,-4.06,2.8,15.5,1
1,1,1,9085,1,1,127.0,123.2,1,37,2,9,4,1,0,0,1,0,1,18,0,0,6,7,6,0,1.79,0.5,12.4,0
1,44,1,9991,0,39,130.0,130.0,1,37,37,5,5,1,0,0,1,1,0,32,0,2,6,9,4,0,-3.12,-0.8,9.4,1
1,1,1,9670,1,1,141.0,137.9,1,19,3,4,0,1,0,0,0,1,0,20,0,0,5,6,3,0,0.32,2.6,7.6,1
1,39,1,9119,1,1,120.0,100.0,1,37,38,9,8,0,0,1,1,1,0,24,0,0,5,11,0,0,-0.92,0.3,16.2,1
2,39,1,9130,1,19,133.1,120.0,1,37,38,9,9,0,0,0,1,1,0,53,0,0,5,9,4,2,-3.12,-0.8,9.4,0
2,39,1,9773,1,19,133.1,131.0,1,19,19,9,4,0,0,1,0,1,0,42,0,0,4,5,0,0,0.79,-0.3,13.9,1
2,39,1,9991,0,12,133.1,133.8,1,37,37,9,9,1,0,0,1,1,0,52,0,0,5,5,5,0,0.32,2.6,7.6,0
1,43,1,8014,0,1,130.0,100.0,1,38,3,132,122,0,0,0,1,1,0,54,0,9,13,14,13,0,-1.7,3.7,12.7,0
2,39,1,9991,0,1,110.0,150.0,1,37,37,9,10,0,0,0,1,1,0,49,0,0,5,6,5,0,-4.06,2.8,15.5,0
1,17,1,9670,1,1,125.0,126.4,1,38,37,7,5,0,0,0,1,1,1,18,0,0,6,7,6,0,-0.92,0.3,16.2,0
2,39,1,9130,1,1,130.0,154.0,1,1,19,6,6,1,0,0,1,1,0,37,0,1,5,12,3,2,1.74,1.4,10.8,0
1,1,1,9500,1,1,121.0,114.9,1,1,1,4,4,0,0,0,1,1,1,21,0,0,7,9,6,0,1.79,0.5,12.4,0
1,39,1,9670,1,9,133.1,110.0,1,37,37,5,3,0,0,1,1,1,0,26,0,0,5,5,0,0,-3.12,-0.8,9.4,1
1,1,1,9070,1,1,147.0,149.8,1,3,1,2,3,1,0,0,1,1,0,20,0,5,12,12,11,0,-0.92,0.3,16.2,0
1,1,4,9500,1,1,128.0,117.9,1,1,37,4,3,1,0,0,1,0,1,19,0,0,7,9,7,0,1.79,0.5,12.4,0
1,1,2,9070,1,1,164.0,165.8,1,38,38,9,7,1,0,0,1,0,0,18,0,0,6,7,6,0,-3.12,-0.8,9.4,0
1,17,5,9500,1,1,137.0,127.6,1,1,1,4,4,1,0,0,1,0,0,18,0,0,7,7,7,0,1.79,0.5,12.4,0
1,17,2,8014,0,1,122.0,123.8,1,37,19,9,9,0,0,0,1,0,0,20,0,0,6,8,5,0,1.74,1.4,10.8,0
1,17,4,9254,1,1,124.0,126.1,1,3,3,3,3,1,0,0,1,0,0,20,0,0,5,5,5,0,1.74,1.4,10.8,1
1,1,2,171,1,1,120.0,119.7,1,3,19,4,7,1,0,0,1,0,0,21,0,0,0,0,0,0,3.51,1.4,8.9,1
1,1,2,171,1,1,117.0,121.6,1,1,19,3,3,1,0,0,1,0,0,22,0,6,12,12,12,0,3.51,1.4,8.9,0
1,43,1,9500,1,1,140.0,100.0,1,1,38,4,7,0,0,0,1,0,1,18,0,0,7,8,7,0,0.79,-0.3,13.9,0
1,1,5,9500,1,1,130.0,127.6,1,19,37,9,7,1,0,0,1,0,0,18,0,0,7,10,7,0,-4.06,2.8,15.5,1
1,1,1,9500,1,1,138.0,132.5,1,1,38,4,9,1,0,0,1,0,1,19,0,0,8,8,7,0,1.74,1.4,10.8,0
1,1,1,9500,1,1,141.0,124.3,1,3,1,9,9,0,0,0,1,0,0,19,0,0,8,8,7,0,-1.7,3.7,12.7,0
1,1,3,9500,1,1,142.0,131.0,1,1,1,4,7,1,0,0,1,0,0,18,0,0,8,8,7,0,1.74,1.4,10.8,0
1,7,1,9991,0,40,120.0,120.0,1,43,3,3,3,0,0,0,1,0,0,27,0,0,5,5,5,0,2.02,0.6,11.1,0
1,1,3,9556,1,1,122.0,113.3,1,19,19,3,10,1,0,0,1,0,1,20,0,0,7,7,7,0,1.79,0.5,12.4,0
1,1,2,9853,1,1,131.0,121.9,1,1,1,2,9,1,0,0,1,0,0,20,0,0,6,6,6,0,-1.7,3.7,12.7,1
1,1,2,9085,1,1,120.0,118.3,1,38,1,9,3,1,0,0,1,0,0,20,0,0,5,11,5,2,-3.12,-0.8,9.4,0
1,1,1,9147,1,1,131.0,118.8,1,3,19,1,4,0,0,0,1,0,0,19,0,0,5,6,5,0,-0.92,0.3,16.2,0
1,1,2,9085,1,1,130.0,129.0,1,37,19,9,8,0,0,0,1,0,0,20,0,0,5,7,4,0,0.32,2.6,7.6,0
1,43,3,171,1,1,120.0,143.3,1,37,37,9,9,1,0,0,1,0,1,20,0,0,0,0,0,0,0.32,2.6,7.6,0
1,1,1,171,1,1,136.0,152.5,1,3,3,1,2,1,0,0,1,0,0,20,0,0,0,0,0,0,0.79,-0.3,13.9,0
1,53,1,9085,1,42,160.0,155.7,1,1,19,4,6,1,0,0,1,0,0,27,0,7,12,17,11,0,3.51,1.4,8.9,0
1,1,2,9085,1,1,157.0,153.9,1,3,3,5,2,1,0,0,1,0,0,18,0,0,6,7,6,0,0.79,-0.3,13.9,0
1,1,1,9500,1,1,150.0,137.8,1,19,1,4,4,0,0,0,1,0,0,18,0,0,7,10,7,0,-4.06,2.8,15.5,0
1,17,1,9500,1,1,148.0,143.3,1,1,37,9,7,0,0,0,1,0,1,18,0,0,7,7,7,0,0.79,-0.3,13.9,0
1,1,1,9085,1,1,120.0,123.2,1,37,37,9,1,0,0,0,1,0,0,20,0,0,5,8,5,2,-3.12,-0.8,9.4,0
1,1,1,9773,1,1,150.0,138.1,1,1,1,4,4,1,0,0,1,0,0,19,0,0,6,7,6,0,2.02,0.6,11.1,0
1,17,1,9238,1,1,158.0,140.5,1,1,1,5,6,0,0,0,1,0,1,20,0,0,6,9,6,0,1.74,1.4,10.8,0
1,1,4,9500,1,1,145.0,130.0,1,3,19,1,5,1,0,0,1,0,0,18,0,0,8,8,8,0,-3.12,-0.8,9.4,0
1,44,1,9070,1,39,100.0,104.8,1,1,38,4,6,0,0,1,0,0,0,22,0,2,7,9,5,0,1.79,0.5,12.4,1
1,17,1,8014,0,1,136.0,132.5,1,37,37,5,8,0,0,1,1,0,1,22,0,1,6,7,4,0,0.79,-0.3,13.9,0
1,39,1,9991,0,1,133.1,127.7,1,1,1,4,2,0,0,0,1,0,0,25,0,0,5,12,4,0,0.79,-0.3,13.9,0
1,1,1,9085,1,1,148.0,136.5,1,19,3,4,2,0,0,0,1,0,0,19,0,0,6,13,6,0,-4.06,2.8,15.5,0
1,44,1,9130,1,39,130.0,130.0,1,3,1,4,1,1,0,0,0,0,0,21,0,1,6,12,5,0,-0.92,0.3,16.2,1
1,39,1,9500,1,40,130.0,190.0,1,1,1,4,4,1,0,0,1,0,0,27,0,1,7,7,7,0,-0.92,0.3,16.2,0
1,17,4,9500,1,1,136.0,128.5,1,1,1,4,9,1,0,0,1,0,0,18,0,0,7,7,6,0,0.32,2.6,7.6,0
1,17,3,9254,1,1,122.0,126.6,1,1,1,4,4,0,0,0,0,0,0,18,0,0,5,5,5,0,1.74,1.4,10.8,1
1,17,1,9556,1,1,140.0,131.6,1,3,3,1,7,1,0,0,1,1,0,19,0,0,7,0,0,0,2.02,0.6,11.1,1
5,39,1,9991,0,1,110.0,119.0,1,1,1,3,3,0,0,0,1,1,1,35,0,0,5,10,4,0,3.51,1.4,8.9,0
1,17,1,9085,1,1,130.0,127.6,1,37,36,4,90,0,0,0,1,1,0,23,0,0,5,6,4,0,0.32,2.6,7.6,0
1,39,1,9500,1,1,133.1,100.0,1,1,37,9,9,0,0,0,1,1,0,28,0,0,7,11,3,1,-0.92,0.3,16.2,1
1,1,1,9119,1,1,128.0,124.5,1,38,38,9,7,1,0,0,1,1,0,19,0,0,5,10,3,0,0.32,2.6,7.6,0
1,1,1,9773,1,1,117.0,109.3,1,1,19,4,4,0,0,0,1,1,0,19,0,0,6,11,4,0,0.32,2.6,7.6,0
1,1,2,9670,1,1,124.0,117.7,1,19,1,9,4,1,0,1,1,1,0,20,0,0,5,5,4,0,-3.12,-0.8,9.4,1
1,1,1,9670,1,1,124.0,124.7,1,2,2,3,3,1,0,0,1,1,0,21,0,0,5,7,3,0,0.32,2.6,7.6,1
1,17,3,9070,1,1,128.0,124.5,1,37,37,5,5,1,0,0,1,1,0,18,0,0,6,6,6,0,1.74,1.4,10.8,0
1,1,5,9070,1,1,125.0,140.8,1,3,3,2,2,1,0,0,1,1,0,22,0,0,6,6,6,0,-3.12,-0.8,9.4,0
1,17,3,9085,1,1,121.0,111.9,1,38,1,9,9,1,0,0,1,1,0,21,0,0,5,11,0,0,1.74,1.4,10.8,0
1,7,1,9556,1,3,140.0,140.0,1,3,3,2,2,0,0,1,0,1,0,38,0,0,7,8,3,0,0.79,-0.3,13.9,1
1,1,1,171,1,1,124.0,121.2,1,19,1,9,9,1,0,0,1,1,0,20,0,0,0,0,0,0,1.74,1.4,10.8,0
1,43,4,171,1,1,136.0,123.8,1,37,37,9,9,1,0,0,1,1,0,19,0,0,0,0,0,0,0.32,2.6,7.6,1
1,7,1,9119,1,1,140.8,134.0,1,34,34,0,0,0,0,0,1,1,0,24,0,0,5,0,0,0,0.32,2.6,7.6,1
1,18,3,9070,1,1,142.0,130.8,1,1,37,4,7,1,0,0,0,1,0,19,0,0,6,0,0,0,-1.7,3.7,12.7,1
1,1,1,9500,1,1,133.0,130.2,1,37,38,9,9,1,0,0,1,1,1,19,0,0,7,7,7,0,-0.92,0.3,16.2,0
1,1,1,9147,1,1,131.0,123.3,1,3,19,3,10,0,0,0,1,1,0,19,0,0,5,7,5,0,-0.92,0.3,16.2,0
1,39,1,9119,1,3,130.0,147.6,1,3,3,3,10,0,0,0,1,1,0,31,0,0,5,0,0,0,1.74,1.4,10.8,1
1,17,1,9670,1,1,120.0,113.4,1,38,37,9,8,1,0,0,1,1,1,19,0,0,6,6,6,0,3.51,1.4,8.9,0
1,17,1,9070,1,1,141.0,133.7,1,19,38,4,5,1,0,0,1,1,0,22,0,0,6,7,5,0,0.32,2.6,7.6,0
1,39,1,9085,1,1,130.0,128.2,1,34,1,0,2,0,0,0,1,1,0,25,0,0,5,5,0,0,0.32,2.6,7.6,1
1,1,1,9500,1,1,168.0,161.0,1,1,1,5,5,1,0,0,1,1,0,18,0,0,7,7,7,0,-0.92,0.3,16.2,1
1,7,1,9500,1,3,130.0,130.0,1,37,37,90,90,1,0,0,1,1,0,30,0,0,8,8,0,8,-3.12,-0.8,9.4,1
1,1,1,9500,1,1,156.0,156.3,1,38,37,9,9,0,0,0,1,1,1,18,0,0,8,8,8,0,-3.12,-0.8,9.4,0
1,1,1,9773,1,1,137.0,129.3,1,1,1,5,5,1,0,0,1,1,0,18,0,0,6,6,6,0,-1.7,3.7,12.7,0
1,17,6,9773,1,1,131.0,129.3,1,34,34,0,0,0,0,0,1,1,0,18,0,0,6,0,0,0,0.32,2.6,7.6,1
1,1,1,9238,1,1,130.0,136.3,1,38,38,7,7,1,0,0,1,1,0,18,0,0,6,8,6,0,1.74,1.4,10.8,0
1,39,1,9670,1,1,133.1,140.0,1,1,19,4,9,0,0,0,1,1,1,25,0,0,6,8,6,0,-4.06,2.8,15.5,0
1,1,1,9119,1,1,131.0,135.9,1,3,1,4,1,0,0,0,1,1,0,18,0,0,5,10,2,0,0.32,2.6,7.6,0
1,1,5,171,1,1,160.0,139.7,1,1,1,4,4,0,0,0,1,1,0,18,0,0,0,0,0,0,-1.7,3.7,12.7,1
1,1,4,9147,1,1,117.0,117.0,1,1,38,8,9,1,0,0,1,1,0,19,0,0,5,5,4,0,1.79,0.5,12.4,0
1,39,1,9556,1,19,133.1,105.0,1,19,1,7,10,0,0,0,1,1,0,25,0,0,7,14,4,1,-4.06,2.8,15.5,1
1,1,3,9500,1,1,130.0,130.5,1,37,38,9,5,1,0,0,1,0,0,19,0,0,7,7,6,0,0.32,2.6,7.6,0
1,44,1,9991,0,39,130.0,130.0,1,37,37,9,9,0,0,0,1,0,0,31,0,2,6,12,4,0,-3.12,-0.8,9.4,0
1,1,3,9500,1,1,137.0,131.5,1,19,19,5,4,1,0,0,1,0,1,20,0,0,8,8,8,0,-3.12,-0.8,9.4,0
1,42,1,9500,1,1,133.1,100.0,41,3,1,3,10,1,0,0,0,0,0,33,1,1,7,10,5,0,1.79,0.5,12.4,1
1,44,1,9085,1,39,140.0,140.0,1,1,3,9,4,0,0,1,0,0,0,24,0,2,6,11,4,0,1.79,0.5,12.4,0
1,17,4,9238,1,1,140.0,130.2,1,19,37,9,9,1,0,0,1,0,1,18,0,0,6,8,6,0,-1.7,3.7,12.7,0
1,17,2,9500,1,1,135.0,133.5,1,1,19,4,10,1,0,0,1,0,0,19,0,0,8,8,8,0,-3.12,-0.8,9.4,0
1,1,4,9500,1,1,140.0,133.2,1,38,38,7,7,1,0,0,1,0,1,20,0,0,7,10,7,0,-4.06,2.8,15.5,0
2,39,1,9500,1,1,100.0,130.0,1,37,38,4,4,0,0,0,1,1,1,33,0,0,8,16,1,1,-1.7,3.7,12.7,0
1,39,1,9119,1,1,160.0,129.0,1,38,37,7,7,0,0,0,1,1,0,24,0,0,5,9,0,0,0.32,2.6,7.6,1
1,39,1,9991,0,19,133.1,100.0,1,2,1,2,4,0,0,0,1,1,0,24,0,0,5,7,0,0,-0.92,0.3,16.2,1
1,17,1,9085,1,1,128.0,116.5,1,38,37,9,9,1,0,0,1,1,0,18,0,0,5,6,5,0,1.74,1.4,10.8,0
1,1,2,9254,1,1,121.0,124.2,1,37,37,9,9,1,0,0,1,0,1,18,0,0,6,8,6,0,-0.92,0.3,16.2,0
1,51,1,9085,1,1,127.0,138.8,1,3,3,2,8,1,0,0,1,0,0,22,0,4,12,19,11,0,3.51,1.4,8.9,0
1,1,1,9773,1,1,132.0,126.4,1,2,1,9,9,1,1,0,1,0,1,18,0,0,6,9,6,0,1.74,1.4,10.8,0
1,1,1,171,1,1,147.0,151.9,1,19,19,3,10,1,0,0,1,0,0,21,0,13,17,20,17,0,2.02,0.6,11.1,0
2,39,1,9991,0,1,110.0,120.0,1,37,37,5,1,1,0,0,1,0,0,38,0,0,5,11,3,0,-3.12,-0.8,9.4,1
1,43,1,9238,1,1,142.0,131.9,1,34,34,99,99,0,0,0,1,0,1,29,0,9,16,17,16,0,-3.12,-0.8,9.4,0
1,44,1,9130,1,39,130.0,130.0,1,38,37,4,9,1,0,0,1,0,1,20,0,0,6,11,4,0,-0.92,0.3,16.2,0
1,17,1,9254,1,1,131.0,131.7,1,38,37,4,9,1,0,0,0,0,0,18,0,0,6,0,0,0,-1.7,3.7,12.7,1
2,43,1,9991,0,1,110.0,132.5,1,37,37,9,9,0,0,0,1,1,0,37,0,7,12,13,12,0,-3.12,-0.8,9.4,0
1,1,3,9147,1,1,128.0,116.5,1,3,3,5,10,0,0,0,1,1,0,20,0,0,5,7,5,0,1.79,0.5,12.4,0
1,1,1,9130,1,1,136.0,133.9,1,19,19,90,8,1,0,0,0,1,0,20,0,0,5,7,4,0,1.74,1.4,10.8,1
2,39,1,9119,1,1,120.0,145.4,1,37,38,9,10,0,0,1,1,1,0,40,0,0,5,11,3,0,-0.92,0.3,16.2,1
2,39,1,8014,0,1,140.0,172.0,1,37,3,9,10,0,0,0,1,1,0,44,0,5,11,21,9,0,1.79,0.5,12.4,0
1,1,1,9147,1,1,118.0,111.0,1,1,1,9,9,0,0,0,0,1,0,21,0,0,5,7,2,0,1.74,1.4,10.8,1
1,44,1,9070,1,39,120.0,120.0,1,2,19,3,8,0,0,0,1,1,0,21,0,2,7,10,6,0,-0.92,0.3,16.2,0
1,1,6,9500,1,1,151.0,129.8,1,3,1,2,1,1,0,0,1,1,0,18,0,0,8,10,8,2,-3.12,-0.8,9.4,0
1,1,5,9500,1,1,130.0,118.1,1,1,3,9,10,1,0,0,1,1,0,18,0,0,7,10,6,0,0.79,-0.3,13.9,0
1,39,1,9003,1,1,140.0,130.0,1,3,1,5,9,0,0,0,1,1,0,27,0,0,6,6,6,0,2.02,0.6,11.1,0
2,39,1,9070,1,19,133.1,126.3,1,37,37,9,10,0,0,0,0,1,0,38,0,0,6,6,0,0,1.74,1.4,10.8,1
1,18,1,9130,1,1,146.0,137.8,1,3,3,5,2,0,0,0,1,1,0,18,0,0,6,11,5,0,0.79,-0.3,13.9,1
1,17,4,9254,1,1,122.0,116.1,1,1,1,4,2,1,0,0,1,1,0,19,0,0,6,7,5,0,0.32,2.6,7.6,0
1,1,1,9130,1,1,121.0,115.4,1,3,19,2,9,1,0,0,1,1,0,18,0,0,6,8,6,0,-4.06,2.8,15.5,1
1,43,1,9773,1,1,127.0,110.0,1,1,1,9,6,0,0,1,0,1,0,19,0,0,6,10,3,0,-0.92,0.3,16.2,1
1,39,1,9670,1,1,133.1,97.4,1,37,37,90,90,0,0,1,0,1,0,44,0,0,6,9,1,0,-1.7,3.7,12.7,1
1,44,1,9085,1,39,130.0,130.0,1,1,1,4,4,1,1,0,1,1,0,26,0,2,6,20,4,0,-4.06,2.8,15.5,1
1,43,1,9130,1,1,156.0,156.0,1,19,1,9,4,0,0,1,0,1,0,24,0,0,6,11,5,0,-4.06,2.8,15.5,1
1,39,1,9003,1,1,130.0,126.1,1,19,1,9,6,1,0,0,0,1,0,27,0,0,6,6,0,0,-4.06,2.8,15.5,1
1,39,1,9003,1,1,110.0,120.0,1,1,1,9,4,0,0,1,0,1,0,27,0,0,6,0,0,0,0.79,-0.3,13.9,1
1,43,1,9070,1,1,108.0,105.2,1,38,38,7,7,1,0,0,1,1,0,25,0,11,17,18,13,0,-1.7,3.7,12.7,1
1,44,1,9003,1,1,120.0,120.0,1,3,2,2,6,1,0,0,1,1,0,21,0,4,9,14,7,2,-1.7,3.7,12.7,0
1,1,1,171,1,1,150.0,137.8,1,38,19,9,9,1,0,0,1,1,1,19,0,0,0,0,0,0,0.79,-0.3,13.9,0
1,17,2,9070,1,1,152.0,134.2,1,39,39,3,3,1,0,0,1,1,0,20,0,0,6,7,5,0,-4.06,2.8,15.5,0
1,44,1,9119,1,39,150.0,150.0,1,19,3,5,2,0,0,0,1,1,0,20,0,0,5,16,0,0,-1.7,3.7,12.7,0
1,17,5,9119,1,1,123.0,116.0,1,3,1,2,9,1,0,1,0,1,0,20,0,0,5,5,0,0,3.51,1.4,8.9,1
1,1,1,9119,1,1,150.0,143.4,1,1,1,3,3,0,0,0,0,1,1,18,0,0,5,5,5,0,3.51,1.4,8.9,0
1,17,1,171,1,1,145.0,143.6,1,4,4,3,3,0,0,1,1,1,0,19,0,5,12,12,10,0,3.51,1.4,8.9,0
1,44,1,9130,1,39,150.0,150.0,1,1,37,4,8,1,0,0,0,0,0,22,0,1,6,10,3,0,-4.06,2.8,15.5,1
1,1,4,9670,1,1,125.0,118.0,1,4,19,2,5,1,0,0,1,0,0,19,0,0,6,7,6,0,-0.92,0.3,16.2,0
1,1,4,9500,1,1,117.0,109.3,1,1,1,4,7,1,0,0,1,0,1,18,0,0,7,7,7,0,2.02,0.6,11.1,0
1,1,2,9238,1,1,121.0,119.3,1,19,19,191,171,1,0,1,1,0,0,20,0,0,6,7,6,0,3.51,1.4,8.9,0
1,17,1,171,1,1,140.0,146.3,41,1,1,5,7,1,0,0,1,0,1,18,1,0,0,0,0,0,-1.7,3.7,12.7,1
1,39,1,9773,1,1,130.0,161.5,1,1,19,1,3,0,0,0,1,1,0,36,0,0,6,7,6,0,1.74,1.4,10.8,0
1,15,1,9147,1,1,140.0,140.0,26,37,2,6,4,0,0,1,1,1,0,19,1,0,5,12,3,0,1.79,0.5,12.4,0
1,53,1,9147,1,42,140.0,142.2,1,1,1,6,6,0,0,0,1,1,1,21,0,6,11,11,11,0,3.51,1.4,8.9,0
1,1,1,9147,1,1,140.0,129.2,1,19,38,9,9,1,0,0,1,0,0,26,0,0,5,6,0,0,-4.06,2.8,15.5,1
1,39,1,9003,1,1,140.0,100.0,41,1,1,9,9,0,0,1,0,0,0,29,1,3,9,9,3,0,-4.06,2.8,15.5,1
1,44,1,9254,1,39,170.0,170.0,1,19,2,9,3,0,0,0,0,1,0,26,0,2,8,14,8,0,2.02,0.6,11.1,0
1,7,1,9500,1,3,140.0,140.0,1,3,19,2,6,0,0,0,1,1,0,27,0,0,7,0,0,0,1.79,0.5,12.4,1
1,51,1,9147,1,1,116.0,115.2,1,3,3,2,2,0,0,1,1,1,0,32,0,2,7,16,3,0,3.51,1.4,8.9,0
1,16,3,9853,1,1,134.0,121.4,1,37,19,9,5,1,0,0,1,0,1,23,0,0,6,10,4,1,0.32,2.6,7.6,0
1,39,1,9147,1,1,133.1,134.8,41,38,38,9,8,0,0,0,1,0,0,24,1,0,5,12,2,0,-0.92,0.3,16.2,0
1,1,2,9773,1,1,140.0,136.9,1,1,1,9,9,1,0,0,1,0,1,19,0,0,6,7,6,0,-0.92,0.3,16.2,0
1,42,1,9003,1,1,140.0,140.0,1,19,19,4,4,1,0,0,1,1,0,25,0,0,6,14,5,0,-4.06,2.8,15.5,0
1,17,6,9254,1,1,108.0,112.2,1,1,19,4,5,1,0,0,1,1,0,19,0,0,6,13,5,0,-3.12,-0.8,9.4,0
1,1,3,9773,1,1,149.0,148.7,1,1,3,0,0,0,0,0,0,1,0,20,0,0,4,4,0,0,1.74,1.4,10.8,1
2,1,1,9254,1,1,140.0,133.0,1,19,38,4,7,0,0,0,1,1,0,33,0,3,9,11,9,0,-1.7,3.7,12.7,0
2,39,1,9991,0,1,140.0,150.0,1,37,12,9,9,0,0,1,1,1,0,35,0,0,5,6,5,0,-3.12,-0.8,9.4,1
1,1,1,9147,1,1,133.1,98.0,1,37,38,7,7,1,0,0,1,1,0,23,0,0,5,8,4,0,2.02,0.6,11.1,0
1,1,1,9500,1,1,125.0,122.4,1,37,19,9,9,1,0,0,1,1,0,19,0,0,7,7,7,0,2.02,0.6,11.1,0
1,1,1,9670,1,1,133.1,139.0,1,1,37,9,10,0,0,0,1,1,0,21,0,0,6,6,5,0,1.74,1.4,10.8,0
1,1,5,9070,1,1,133.1,112.0,1,1,19,3,3,1,0,0,1,1,1,21,0,0,6,6,6,0,2.02,0.6,11.1,0
1,39,1,9500,1,1,130.0,143.8,1,37,37,3,7,0,0,0,1,1,0,27,0,0,8,8,7,0,1.74,1.4,10.8,1
1,17,3,9147,1,1,122.0,116.1,1,3,38,123,171,1,0,1,1,1,0,19,0,0,5,10,4,0,3.51,1.4,8.9,0
1,7,2,9500,1,3,140.0,138.0,1,37,38,9,9,0,0,0,1,1,0,28,0,0,7,7,7,0,-0.92,0.3,16.2,1
1,43,1,9147,1,1,123.0,110.0,1,37,38,7,7,0,0,0,1,1,0,25,0,0,5,12,3,1,-3.12,-0.8,9.4,0
2,39,1,9238,1,19,133.1,103.5,1,37,37,9,4,0,0,0,1,1,0,42,0,0,6,0,0,0,-4.06,2.8,15.5,1
1,7,1,9991,0,3,140.0,140.0,1,37,37,9,9,0,0,0,1,1,0,27,0,0,5,6,4,0,0.32,2.6,7.6,0
1,1,1,9070,1,1,116.0,108.7,1,3,3,0,1,1,0,0,1,1,0,23,0,0,6,9,4,1,0.32,2.6,7.6,1
1,17,3,9254,1,1,118.0,115.9,1,19,1,4,4,1,0,0,1,1,1,18,0,0,6,7,6,0,3.51,1.4,8.9,0
2,39,1,9500,1,1,140.0,127.3,1,37,37,9,4,0,0,0,1,1,0,26,0,0,8,8,7,0,1.74,1.4,10.8,0
1,1,4,9147,1,1,146.0,138.7,1,3,1,3,10,0,0,0,1,1,0,18,0,0,5,0,0,0,3.51,1.4,8.9,1
1,39,1,9991,0,1,150.0,135.8,1,3,5,2,2,0,0,1,1,1,0,29,0,1,5,9,3,0,-1.7,3.7,12.7,1
1,17,1,9085,1,1,137.0,134.6,1,1,1,4,7,1,0,0,1,1,0,22,0,0,6,16,0,0,-0.92,0.3,16.2,1
1,43,1,9500,1,1,136.0,118.4,1,19,37,173,183,1,0,0,1,0,0,21,0,0,7,12,4,0,0.79,-0.3,13.9,0
1,1,3,9500,1,1,134.0,132.8,1,38,38,7,9,1,0,0,1,0,1,19,0,0,8,8,7,0,1.74,1.4,10.8,0
1,1,1,9238,1,1,160.0,155.5,1,38,37,9,7,1,0,0,1,0,1,18,0,0,6,7,6,0,1.74,1.4,10.8,0
1,1,3,9085,1,1,126.0,132.0,1,38,1,9,9,1,0,0,1,0,1,18,0,0,5,8,3,2,-3.12,-0.8,9.4,1
1,39,1,9003,1,19,133.1,110.0,1,37,38,4,9,0,0,1,0,0,0,40,0,0,6,12,5,0,2.02,0.6,11.1,1
1,17,3,9254,1,1,114.0,127.3,26,38,3,9,3,1,0,1,0,0,0,20,1,0,6,14,3,0,1.74,1.4,10.8,1
1,1,3,9500,1,1,139.0,126.0,1,3,1,4,1,1,0,0,1,1,0,18,0,0,8,15,5,1,1.74,1.4,10.8,1
1,43,2,8014,0,3,130.0,130.0,1,34,34,0,0,0,0,0,1,1,0,31,0,8,12,21,12,0,0.32,2.6,7.6,0
1,1,2,9147,1,1,131.0,118.8,1,1,1,9,9,0,0,0,1,1,1,18,0,0,5,9,4,0,1.79,0.5,12.4,0
1,43,2,9670,1,1,130.0,127.6,1,19,1,4,4,1,0,0,1,1,0,22,0,4,6,6,6,0,1.74,1.4,10.8,1
1,51,1,9147,1,19,133.1,112.1,1,19,19,9,5,0,0,1,0,1,0,38,0,0,5,5,0,0,3.51,1.4,8.9,1
1,43,1,9991,0,3,130.0,130.0,1,3,1,2,9,0,0,0,1,1,0,33,0,0,5,5,0,0,-1.7,3.7,12.7,1
1,1,3,9119,1,1,117.0,111.1,1,1,1,3,5,0,0,0,1,1,1,19,0,0,5,10,5,0,2.02,0.6,11.1,0
1,17,1,9670,1,1,127.0,121.4,1,3,3,1,1,0,0,0,1,1,0,18,0,0,6,0,0,0,-4.06,2.8,15.5,1
1,1,5,9119,1,1,131.0,126.8,1,1,19,4,7,0,0,0,0,1,1,18,0,0,5,6,5,0,3.51,1.4,8.9,0
1,51,1,9991,0,1,134.0,120.6,1,1,1,5,3,1,0,0,1,1,0,27,0,2,6,6,6,0,2.02,0.6,11.1,0
1,39,1,9254,1,1,130.0,126.5,1,37,37,9,9,0,0,0,1,1,0,26,0,0,6,7,6,0,0.32,2.6,7.6,0
1,1,6,9500,1,1,127.0,120.2,1,1,19,3,3,1,0,0,1,0,1,19,0,0,7,7,7,0,1.79,0.5,12.4,0
2,51,1,9500,1,1,130.0,120.0,1,37,37,5,5,0,0,0,1,1,0,44,0,0,7,11,5,0,2.02,0.6,11.1,1
1,1,2,9147,1,1,142.0,137.5,1,37,38,9,9,1,0,0,1,1,0,19,0,0,5,10,5,0,0.79,-0.3,13.9,0
1,18,1,9070,1,1,117.0,127.9,1,1,37,4,7,1,0,0,1,1,0,20,0,0,6,6,0,0,-3.12,-0.8,9.4,1
1,39,1,9003,1,19,133.1,140.0,1,19,37,1,1,0,0,1,1,1,0,24,0,0,6,10,6,0,-0.92,0.3,16.2,0
4,43,1,9991,0,1,164.0,131.8,1,37,37,6,6,0,0,0,1,0,0,31,0,7,14,19,13,0,-3.12,-0.8,9.4,0
1,43,1,9070,1,1,130.0,129.0,1,37,37,9,9,1,0,0,1,0,0,25,0,0,6,6,6,0,-3.12,-0.8,9.4,0
1,17,4,9773,1,1,127.0,115.8,1,2,37,9,9,1,0,1,0,0,0,19,0,0,6,6,0,0,3.51,1.4,8.9,1
1,17,3,9500,1,1,140.0,126.4,1,3,2,3,3,1,0,0,1,0,0,18,0,0,7,7,7,0,2.02,0.6,11.1,1
1,43,1,9085,1,1,130.0,130.0,1,19,38,4,9,1,0,0,0,0,0,19,0,0,6,12,5,0,0.79,-0.3,13.9,0
1,1,3,9500,1,1,122.0,114.8,1,3,1,4,3,1,0,0,1,0,1,19,0,0,7,11,4,0,1.79,0.5,12.4,0
1,17,1,9147,1,1,162.0,138.6,1,1,38,4,5,1,0,0,1,0,0,19,0,0,5,10,1,0,-1.7,3.7,12.7,0
1,39,1,9670,1,1,133.1,112.9,1,1,1,4,4,0,0,0,1,0,0,24,0,0,6,12,2,0,-0.92,0.3,16.2,1
1,1,1,9238,1,1,120.0,111.6,1,3,3,3,3,0,0,0,1,0,0,20,0,0,6,6,6,0,1.79,0.5,12.4,0
1,17,1,9254,1,1,160.0,152.0,1,19,37,5,3,0,0,0,1,0,0,18,0,0,6,7,6,0,-1.7,3.7,12.7,0
1,1,1,9238,1,1,141.0,132.6,1,38,1,5,7,0,0,0,1,0,1,18,0,0,6,7,6,0,1.79,0.5,12.4,0
1,17,1,9085,1,1,125.0,118.4,1,1,38,4,9,1,0,0,1,0,0,21,0,0,5,13,3,2,-3.12,-0.8,9.4,0
1,7,1,9500,1,3,120.0,120.0,1,37,37,4,5,0,0,1,0,0,0,28,0,0,7,7,0,7,0.79,-0.3,13.9,1
1,1,1,9147,1,1,128.0,122.1,1,38,37,5,6,0,0,0,1,0,1,18,0,0,5,11,4,0,0.79,-0.3,13.9,0
1,1,1,9853,1,1,162.0,142.8,1,37,19,9,8,0,0,1,1,0,0,18,0,0,6,10,5,0,-1.7,3.7,12.7,1
1,1,1,9238,1,1,130.0,124.8,1,1,1,4,4,0,0,0,1,0,1,18,0,0,6,9,6,0,2.02,0.6,11.1,0
1,17,2,9147,1,1,134.0,126.3,1,37,19,9,8,1,0,0,1,0,1,18,0,0,5,8,5,0,-0.92,0.3,16.2,0
1,1,1,9147,1,1,133.1,119.0,1,19,19,9,9,1,0,0,0,0,1,19,0,0,5,7,3,0,1.74,1.4,10.8,1
1,17,1,9500,1,1,137.0,124.9,1,19,38,3,9,0,0,0,1,0,1,19,0,0,7,11,6,0,-4.06,2.8,15.5,0
1,1,1,9238,1,1,133.1,118.0,1,38,38,191,192,0,0,1,1,0,1,20,0,0,6,7,5,0,3.51,1.4,8.9,0
2,43,1,8014,0,1,110.0,100.0,1,37,19,9,3,0,0,0,1,0,0,34,0,9,11,17,9,0,-3.12,-0.8,9.4,0
2,39,1,9500,1,1,133.1,109.0,1,37,37,9,9,1,0,0,1,0,0,39,0,0,7,8,5,0,0.32,2.6,7.6,0
1,17,3,9500,1,1,133.0,130.8,1,3,19,2,5,1,0,0,1,0,0,19,0,0,8,8,8,0,-3.12,-0.8,9.4,0
1,39,1,9070,1,1,130.0,110.0,1,1,19,4,4,1,0,0,1,0,0,24,0,0,6,6,6,0,-4.06,2.8,15.5,0
1,10,1,9773,1,1,151.0,151.0,22,38,37,0,5,1,0,0,1,0,0,18,1,0,6,12,0,1,-3.12,-0.8,9.4,1
1,17,1,9130,1,1,125.0,131.0,1,19,19,3,10,1,0,0,1,1,0,19,0,0,5,11,2,2,1.74,1.4,10.8,1
1,1,1,9147,1,1,158.0,155.2,1,1,38,3,6,0,0,0,1,1,1,18,0,0,5,5,5,0,-3.12,-0.8,9.4,0
1,1,2,9147,1,1,128.0,121.0,1,3,1,3,3,1,1,1,1,1,0,20,0,0,5,6,5,0,-0.92,0.3,16.2,0
1,1,6,9500,1,1,133.0,119.7,1,1,1,9,9,1,1,1,1,1,0,19,0,2,7,8,7,0,1.79,0.5,12.4,0
1,1,1,9130,1,1,138.0,131.0,1,3,19,2,4,1,0,0,1,1,0,19,0,0,6,8,4,0,2.02,0.6,11.1,1
1,17,1,9003,1,1,126.0,116.9,1,37,3,5,2,0,0,0,1,1,0,19,0,0,6,10,6,0,0.79,-0.3,13.9,1
2,39,1,9991,0,1,140.0,130.0,1,36,14,9,10,1,0,0,1,1,0,41,0,0,5,9,4,0,-3.12,-0.8,9.4,1
1,1,2,9500,1,1,143.0,137.8,1,5,5,2,2,0,0,0,1,1,0,19,0,0,7,10,6,0,1.79,0.5,12.4,0
1,43,3,9254,1,1,135.0,122.1,1,3,3,2,2,0,0,0,1,1,0,19,0,0,6,14,3,0,-1.7,3.7,12.7,0
1,7,1,9500,1,3,120.0,120.0,1,1,1,7,10,1,0,0,0,1,0,23,0,0,7,0,0,0,-1.7,3.7,12.7,1
1,1,1,9119,1,1,148.0,133.0,1,19,38,9,7,0,0,0,1,1,0,18,0,0,5,12,5,0,1.79,0.5,12.4,1
1,1,1,9147,1,1,126.0,115.2,1,3,19,3,3,0,0,0,1,1,0,19,0,0,5,6,5,0,-0.92,0.3,16.2,0
1,44,1,9003,1,39,160.0,160.0,1,3,3,2,10,1,0,0,1,1,0,20,0,0,6,7,6,0,1.79,0.5,12.4,0
1,39,1,9085,1,1,140.0,106.3,1,37,37,90,90,0,0,1,0,1,0,35,0,0,5,7,2,0,0.32,2.6,7.6,1
4,39,2,9670,1,19,133.1,103.0,1,19,1,90,90,0,0,0,0,1,0,34,0,0,6,6,0,0,1.74,1.4,10.8,1
1,1,1,9070,1,1,136.0,136.0,1,3,3,9,9,1,0,1,0,0,1,19,0,0,6,6,6,0,1.74,1.4,10.8,0
1,15,1,9238,1,1,150.0,146.5,26,19,1,9,9,1,0,1,0,1,0,22,1,0,6,10,5,0,0.79,-0.3,13.9,0
1,17,3,9070,1,1,130.0,131.4,1,1,4,4,2,0,0,0,1,1,0,20,0,0,6,6,6,0,2.02,0.6,11.1,0
2,42,1,9991,0,1,130.0,130.0,1,3,2,2,2,0,0,0,1,1,0,27,0,2,2,2,2,0,-1.7,3.7,12.7,0
2,39,1,9119,1,1,110.0,137.0,1,19,19,0,5,0,0,1,1,1,0,30,0,0,5,5,0,0,0.32,2.6,7.6,1
1,39,1,9119,1,1,110.0,125.9,1,1,1,4,4,0,0,0,1,1,0,34,0,0,5,7,0,0,1.74,1.4,10.8,0
1,1,1,9254,1,1,121.0,111.9,1,1,1,5,4,1,0,0,0,1,0,20,0,0,6,14,2,0,1.74,1.4,10.8,1
1,17,1,9070,1,1,127.0,131.2,1,37,38,9,5,1,0,0,1,1,0,18,0,0,6,6,6,0,0.32,2.6,7.6,0
1,1,1,9130,1,1,140.0,131.2,1,9,19,4,4,0,0,0,1,1,1,26,0,0,5,9,0,0,0.32,2.6,7.6,1
1,39,1,9991,0,1,130.0,140.0,1,1,1,3,7,0,0,0,1,1,0,26,0,0,5,5,5,0,-4.06,2.8,15.5,0
1,39,2,9147,1,1,130.0,121.5,1,19,19,5,9,0,0,0,0,1,0,26,0,0,5,5,2,0,1.74,1.4,10.8,1
1,39,1,9991,0,1,100.0,153.5,1,37,37,9,6,0,0,1,0,1,0,31,0,0,5,9,0,0,1.79,0.5,12.4,1
1,1,3,171,1,1,139.0,142.2,1,37,19,9,8,1,0,0,1,1,1,20,0,6,12,12,12,0,3.51,1.4,8.9,0
1,1,1,9773,1,1,150.0,131.1,1,19,11,0,0,1,0,0,1,1,0,19,0,0,6,6,6,0,0.32,2.6,7.6,0
1,17,1,9670,1,1,133.1,130.6,1,34,3,7,2,1,0,1,0,1,0,23,0,0,5,5,0,0,0.32,2.6,7.6,1
1,1,6,9500,1,1,119.0,115.0,1,1,1,4,4,1,0,0,1,1,1,20,0,0,7,14,1,0,2.02,0.6,11.1,1
1,51,1,9500,1,1,170.0,125.0,1,1,1,4,10,0,0,0,1,1,0,20,0,0,7,7,7,0,2.02,0.6,11.1,0
1,39,1,8014,0,1,133.1,97.5,1,34,34,0,0,1,0,0,1,1,0,29,0,0,6,10,0,1,0.32,2.6,7.6,1
1,1,4,9773,1,1,133.0,134.4,1,19,19,7,7,1,0,0,1,1,1,20,0,0,6,6,6,0,-3.12,-0.8,9.4,0
1,1,1,9500,1,1,125.0,118.8,1,37,37,9,9,0,0,0,1,1,0,24,0,0,7,7,6,0,0.32,2.6,7.6,0
1,39,1,9556,1,19,133.1,110.5,1,42,1,3,7,0,0,0,1,1,0,37,0,0,7,15,0,0,2.02,0.6,11.1,1
1,1,5,9500,1,1,143.0,123.3,1,37,19,4,4,1,0,0,1,1,0,18,0,0,7,0,0,0,0.32,2.6,7.6,1
1,1,2,171,1,1,127.0,139.6,1,2,19,5,5,1,0,1,0,1,1,18,0,0,0,0,0,0,0.79,-0.3,13.9,1
1,17,1,9500,1,1,157.0,138.8,1,19,3,4,9,0,0,0,1,1,0,18,0,0,8,8,7,0,-1.7,3.7,12.7,0
2,44,1,9119,1,39,160.0,160.0,1,37,37,9,9,0,0,1,1,1,0,41,0,3,7,15,5,0,1.79,0.5,12.4,0
1,39,1,9003,1,1,140.0,140.0,1,37,37,9,4,0,0,0,1,1,0,35,0,0,6,16,4,0,0.79,-0.3,13.9,1
1,17,1,9254,1,1,128.0,118.2,1,19,38,9,9,0,0,0,1,0,0,19,0,0,5,5,0,0,3.51,1.4,8.9,1
1,1,1,171,1,1,145.0,150.6,1,1,19,10,5,1,0,0,1,1,0,18,0,0,0,0,0,0,1.74,1.4,10.8,0
2,39,1,9500,1,1,133.1,115.2,1,37,37,191,172,0,0,0,1,0,0,48,0,0,7,11,4,0,2.02,0.6,11.1,0
1,1,1,9500,1,1,132.0,126.0,1,19,2,9,3,1,0,0,1,0,0,19,0,0,7,7,6,0,0.32,2.6,7.6,0
1,44,1,9003,1,39,160.0,160.0,1,37,37,9,7,1,0,0,0,1,0,30,0,4,9,18,6,0,-4.06,2.8,15.5,1
2,43,1,9773,1,1,160.0,160.0,1,37,37,5,0,0,0,1,0,1,0,51,0,0,4,4,0,0,-1.7,3.7,12.7,1
1,10,1,9085,1,1,184.4,184.4,22,2,19,2,8,0,0,0,1,0,0,18,1,0,6,8,6,0,2.02,0.6,11.1,0
1,1,1,171,1,1,149.0,156.0,1,1,1,9,3,1,0,0,1,0,0,18,0,0,0,0,0,0,1.74,1.4,10.8,0
1,1,1,171,1,1,146.0,150.2,1,40,43,4,4,1,0,0,1,0,0,18,0,0,0,0,0,0,2.02,0.6,11.1,0
1,1,5,9500,1,1,139.0,126.3,1,38,37,7,7,1,0,0,1,0,1,18,0,0,8,8,8,0,-3.12,-0.8,9.4,0
1,1,1,9130,1,1,152.0,146.1,1,2,22,4,3,1,0,0,1,0,0,18,0,0,5,8,4,2,1.74,1.4,10.8,1
1,1,1,171,1,1,147.0,145.3,1,2,3,4,8,1,0,0,1,0,0,18,0,0,0,0,0,0,1.79,0.5,12.4,0
1,18,1,171,1,1,121.0,116.8,1,1,1,4,3,1,0,0,1,0,0,23,0,15,17,18,17,0,1.79,0.5,12.4,0
1,1,1,9070,1,1,124.0,132.1,1,19,19,7,9,1,0,0,1,0,0,19,0,0,6,10,2,0,0.32,2.6,7.6,0
1,1,1,9085,1,1,105.0,102.6,1,19,37,8,8,0,1,0,1,0,0,21,0,0,6,13,4,0,2.02,0.6,11.1,0
1,1,1,9773,1,1,121.0,112.3,1,3,3,2,2,1,0,1,0,0,0,18,0,0,6,7,5,0,2.02,0.6,11.1,1
1,1,1,171,1,1,143.0,155.3,1,12,12,4,1,1,1,0,1,0,0,18,0,0,0,0,0,0,2.02,0.6,11.1,0
1,53,1,9085,1,42,150.0,153.8,1,3,1,2,8,1,0,0,1,0,0,21,0,7,11,15,10,0,3.51,1.4,8.9,0
1,43,1,9773,1,1,126.0,110.0,1,1,37,3,0,0,0,1,1,0,0,20,0,0,6,7,6,0,1.79,0.5,12.4,0
1,42,1,9085,1,1,133.1,128.2,1,1,9,4,4,0,0,0,1,0,0,24,0,5,11,29,9,6,-3.12,-0.8,9.4,0
1,1,1,9130,1,1,127.0,120.4,1,1,1,4,4,1,0,0,1,0,0,18,0,0,6,9,6,0,0.79,-0.3,13.9,0
1,17,1,9500,1,1,160.0,153.0,1,19,1,4,10,1,0,0,1,0,0,18,0,0,7,7,6,0,0.32,2.6,7.6,0
1,1,1,9773,1,1,121.0,117.9,1,19,1,7,9,1,0,0,1,0,0,19,0,0,6,7,6,0,2.02,0.6,11.1,0
1,44,1,9238,1,39,150.0,145.6,1,1,37,4,8,1,0,0,1,0,1,20,0,3,6,6,6,0,0.79,-0.3,13.9,0
1,1,6,9500,1,1,117.0,119.8,1,4,12,5,9,1,0,0,1,0,0,18,0,0,7,7,7,0,1.79,0.5,12.4,0
1,1,6,9500,1,1,141.0,126.8,1,19,1,9,10,1,0,0,1,0,0,18,0,0,8,8,7,0,1.74,1.4,10.8,0
1,17,1,9853,1,1,112.0,106.1,1,2,19,3,9,1,0,0,1,0,0,19,0,0,6,8,5,0,-4.06,2.8,15.5,0
1,1,1,9500,1,1,148.0,137.3,1,3,3,2,2,1,0,0,1,0,0,19,0,0,7,7,6,0,0.32,2.6,7.6,0
1,1,2,9670,1,1,120.0,115.5,1,3,19,4,5,1,0,0,1,0,0,18,0,0,6,8,5,0,0.79,-0.3,13.9,0
1,1,2,9500,1,1,132.0,127.5,1,37,37,5,7,1,0,0,1,0,0,20,0,0,8,8,8,0,-3.12,-0.8,9.4,0
1,1,2,9556,1,1,125.0,116.3,1,38,1,9,3,1,0,0,1,0,0,18,0,0,7,8,7,0,-0.92,0.3,16.2,0
2,17,3,8014,0,1,123.0,113.2,1,19,37,3,3,0,0,1,0,0,0,18,0,0,6,9,3,0,0.32,2.6,7.6,1
1,1,1,9853,1,1,142.0,132.6,1,12,12,9,4,1,0,0,1,0,0,18,0,0,6,8,5,0,0.32,2.6,7.6,0
1,1,4,9500,1,1,148.0,132.0,1,1,37,4,8,1,0,0,1,0,0,18,0,0,7,7,6,0,0.32,2.6,7.6,0
1,17,5,9500,1,1,136.0,130.3,1,19,38,5,8,1,0,0,1,0,1,18,0,0,7,7,6,0,0.32,2.6,7.6,0
1,1,4,9500,1,1,123.0,116.7,1,19,38,9,10,1,0,0,1,0,0,20,0,0,7,7,7,0,-0.92,0.3,16.2,0
1,1,2,9070,1,1,135.0,134.0,1,19,37,9,9,1,0,0,1,0,1,22,0,0,6,10,5,0,-1.7,3.7,12.7,0
1,43,1,9670,1,1,151.0,100.0,1,19,19,1,1,0,0,1,1,0,0,20,0,0,6,12,5,0,0.79,-0.3,13.9,0
1,44,1,9085,1,39,140.0,140.0,1,1,1,3,7,1,0,0,1,0,0,20,0,2,6,11,5,0,0.79,-0.3,13.9,0
1,1,2,9238,1,1,136.0,139.2,1,37,38,9,8,1,0,0,1,0,0,18,0,0,6,7,6,0,-3.12,-0.8,9.4,0
1,1,1,9853,1,1,142.0,132.6,1,19,1,9,1,0,0,0,1,0,0,18,0,0,6,8,5,0,-3.12,-0.8,9.4,0
1,17,3,9147,1,1,142.0,129.4,1,37,38,5,1,0,0,0,1,0,0,18,0,0,5,5,5,0,-3.12,-0.8,9.4,0
1,17,1,9670,1,1,127.0,125.6,1,1,38,4,7,0,0,1,1,0,1,18,0,0,6,7,1,0,-4.06,2.8,15.5,1
1,17,1,9238,1,1,131.0,129.3,1,1,1,4,10,0,0,0,1,0,0,19,0,4,8,8,8,0,2.02,0.6,11.1,0
1,1,1,9085,1,1,134.0,128.4,1,38,19,9,4,1,0,0,1,0,1,19,0,0,5,7,5,0,1.74,1.4,10.8,0
1,17,2,9773,1,1,142.0,139.9,1,19,19,9,9,0,0,0,1,0,1,18,0,0,6,7,6,0,0.79,-0.3,13.9,0
1,1,1,9070,1,1,123.0,124.8,1,38,38,9,5,0,0,0,0,0,1,18,0,0,6,7,5,0,3.51,1.4,8.9,0
1,17,3,9500,1,1,133.0,128.5,1,1,1,9,9,1,0,0,1,0,1,18,0,0,7,7,7,0,2.02,0.6,11.1,0
1,1,4,9500,1,1,125.0,117.8,1,19,1,1,1,1,0,0,1,0,0,18,0,0,7,10,7,0,-4.06,2.8,15.5,0
1,17,1,9670,1,1,120.0,115.1,1,38,38,5,7,1,0,0,1,0,0,19,0,0,6,7,6,0,1.79,0.5,12.4,0
1,17,2,9238,1,1,125.0,118.0,1,19,19,3,3,1,0,0,1,0,0,18,0,0,6,9,5,0,3.51,1.4,8.9,0
1,39,1,9500,1,19,133.1,120.0,1,19,37,9,4,0,0,0,1,0,1,25,0,0,8,8,8,0,-3.12,-0.8,9.4,0
1,1,4,9500,1,1,133.1,119.6,1,19,38,9,9,1,0,0,1,0,1,19,0,0,7,7,6,0,1.79,0.5,12.4,0
1,17,6,9500,1,1,143.0,133.2,1,1,38,3,3,1,0,0,1,0,0,18,0,0,7,7,7,0,2.02,0.6,11.1,0
1,17,1,9130,1,1,147.0,141.8,1,4,1,2,10,1,0,0,1,0,0,19,0,0,6,8,6,0,0.79,-0.3,13.9,0
2,1,1,9500,1,1,142.0,130.3,1,19,38,4,5,0,0,0,1,0,0,18,0,0,7,7,6,0,0.32,2.6,7.6,0
1,39,1,9085,1,1,150.0,100.0,1,19,19,4,10,0,0,0,1,0,0,24,0,1,6,11,5,0,0.79,-0.3,13.9,1
1,1,2,9773,1,1,124.0,114.6,1,3,3,3,4,1,0,0,1,0,0,21,0,0,6,8,5,0,2.02,0.6,11.1,0
1,1,2,9254,1,1,136.0,123.4,1,1,1,9,4,1,0,0,1,0,1,18,0,0,6,9,6,0,3.51,1.4,8.9,0
1,1,1,9238,1,1,116.0,116.4,1,38,38,9,6,1,0,0,1,0,0,18,0,0,6,6,6,0,3.51,1.4,8.9,0
2,1,1,9070,1,1,127.0,123.2,1,12,19,9,9,0,0,0,1,0,1,20,0,0,6,6,6,0,2.02,0.6,11.1,0
1,1,1,9070,1,1,117.0,123.7,1,4,19,3,5,1,0,0,1,0,0,19,0,0,6,6,6,0,1.79,0.5,12.4,0
1,1,2,9773,1,1,116.0,127.6,1,1,19,4,7,1,0,0,1,0,1,19,0,0,6,7,6,0,0.79,-0.3,13.9,1
1,1,4,9500,1,1,129.0,117.1,1,37,37,9,9,1,0,0,1,0,0,30,0,0,7,7,7,0,1.79,0.5,12.4,0
1,1,1,9500,1,1,157.0,149.3,1,19,38,5,3,0,0,0,1,0,0,18,0,0,8,8,8,0,-3.12,-0.8,9.4,0
1,17,1,9085,1,1,135.0,125.6,1,1,19,4,10,1,0,0,1,0,0,18,0,0,5,8,4,1,-1.7,3.7,12.7,0
1,1,1,9773,1,1,139.0,145.0,1,38,38,9,9,1,0,0,1,0,1,18,0,0,6,6,6,0,-3.12,-0.8,9.4,0
1,18,1,9500,1,1,115.0,115.0,1,38,37,5,5,0,0,0,1,0,0,20,0,0,7,13,6,0,-4.06,2.8,15.5,0
1,1,1,9254,1,1,123.0,114.3,1,38,38,4,7,0,0,0,1,0,0,19,0,0,6,0,0,0,2.02,0.6,11.1,1
1,43,2,9254,1,1,140.0,126.0,1,19,19,9,9,1,0,0,1,0,0,19,0,0,6,0,0,0,1.74,1.4,10.8,1
1,1,1,171,1,1,138.0,124.0,1,19,37,7,7,1,0,0,0,0,0,19,0,0,0,0,0,0,1.74,1.4,10.8,1
1,1,4,9254,1,1,132.0,122.6,1,1,38,5,6,1,0,0,1,0,1,18,0,0,6,7,6,0,3.51,1.4,8.9,0
1,1,4,9500,1,1,140.0,133.8,1,3,19,2,3,1,0,0,1,0,0,17,0,0,8,14,5,0,1.74,1.4,10.8,0
1,18,1,9853,1,1,117.0,113.5,1,19,38,4,0,1,0,0,1,0,0,19,0,0,7,10,6,0,1.79,0.5,12.4,0
1,1,4,9238,1,1,125.0,122.6,1,19,1,4,5,1,1,0,1,0,0,18,0,0,6,9,5,0,0.79,-0.3,13.9,0
1,7,1,9500,1,3,140.0,140.0,1,37,37,4,4,0,0,0,1,0,0,25,0,0,8,8,7,0,1.74,1.4,10.8,0
1,1,1,9238,1,1,133.1,107.0,1,12,38,4,9,1,0,0,1,0,0,19,0,0,6,11,5,0,2.02,0.6,11.1,1
1,53,1,9085,1,42,130.0,130.0,1,19,1,9,9,1,0,1,0,0,0,24,0,7,9,9,8,0,3.51,1.4,8.9,0
1,1,1,9238,1,1,134.0,124.2,1,1,1,4,9,1,0,1,1,0,1,19,0,0,6,6,6,0,-3.12,-0.8,9.4,0
1,18,1,9500,1,1,128.0,125.8,1,19,1,9,4,0,0,0,1,0,1,20,0,0,8,8,0,8,-3.12,-0.8,9.4,0
1,1,1,9670,1,1,115.0,108.0,1,1,1,5,4,1,0,0,1,0,1,20,0,0,6,9,5,0,1.79,0.5,12.4,0
1,1,2,9500,1,1,119.0,115.2,1,1,1,4,4,1,0,0,1,0,1,20,0,0,7,8,7,0,0.79,-0.3,13.9,0
1,17,1,9085,1,1,131.0,129.3,1,1,3,4,1,1,0,0,1,0,0,19,0,0,5,10,4,1,-1.7,3.7,12.7,0
1,7,1,9003,1,4,120.0,120.0,1,3,1,2,4,1,0,0,1,0,0,31,0,8,12,12,11,0,-4.06,2.8,15.5,0
1,1,1,9085,1,1,120.0,116.7,1,1,19,3,4,0,0,0,1,0,0,20,0,0,5,12,3,2,-3.12,-0.8,9.4,0
1,1,3,9085,1,1,135.0,121.0,1,3,2,4,3,1,0,0,1,0,0,18,0,0,5,14,3,2,-3.12,-0.8,9.4,0
1,17,1,9853,1,1,146.0,128.2,1,1,1,3,4,0,0,1,1,0,0,18,0,0,6,8,4,0,-1.7,3.7,12.7,0
1,1,4,9670,1,1,133.0,121.1,1,1,2,4,7,1,0,0,1,0,0,18,0,0,6,7,6,0,0.79,-0.3,13.9,0
1,51,1,9238,1,1,122.0,112.6,1,19,3,5,2,0,0,1,1,0,0,20,0,5,11,18,8,0,2.02,0.6,11.1,0
1,17,1,9085,1,1,128.0,123.3,1,2,19,2,4,1,0,0,1,0,1,20,0,0,6,6,6,0,3.51,1.4,8.9,0
1,17,2,9670,1,1,129.0,129.4,1,19,19,5,4,0,0,0,1,0,1,19,0,0,6,7,5,0,1.74,1.4,10.8,1
1,17,1,9147,1,1,122.0,119.9,1,19,19,4,6,0,0,0,1,0,1,21,0,0,5,6,5,0,-1.7,3.7,12.7,0
1,1,4,9500,1,1,140.0,131.6,1,1,12,3,10,1,0,0,1,0,0,18,0,0,7,8,7,0,1.79,0.5,12.4,0
1,51,1,9070,1,1,143.0,120.0,1,1,1,4,4,1,0,0,1,0,0,21,0,3,10,10,10,0,2.02,0.6,11.1,1
1,1,4,9500,1,1,118.0,110.0,1,19,19,3,3,1,0,0,1,0,0,19,0,0,7,12,4,0,2.02,0.6,11.1,0
1,44,1,9238,1,39,140.0,143.0,1,1,19,191,102,0,0,0,1,0,0,20,0,3,6,6,6,0,0.79,-0.3,13.9,0
1,44,1,9085,1,1,140.0,140.0,1,1,2,3,3,0,0,0,1,0,0,20,0,0,6,7,6,0,0.79,-0.3,13.9,0
1,1,1,9670,1,1,123.0,119.2,1,12,1,9,9,1,0,0,1,0,1,18,0,0,6,8,5,0,1.79,0.5,12.4,0
1,1,1,9147,1,1,140.0,124.3,1,19,19,9,9,1,0,0,1,0,1,18,0,0,5,8,4,0,1.79,0.5,12.4,0
1,17,1,9238,1,1,116.0,111.1,1,19,19,7,7,1,0,0,1,0,1,18,0,0,6,9,6,0,3.51,1.4,8.9,0
1,43,1,9085,1,39,150.0,150.0,1,38,37,6,6,1,0,0,1,0,1,21,0,2,7,15,3,2,1.74,1.4,10.8,0
1,1,1,9500,1,1,147.0,147.3,1,38,19,5,8,0,0,0,1,0,0,18,0,0,7,7,6,0,0.32,2.6,7.6,0
1,1,1,9500,1,1,162.0,147.5,1,19,1,5,5,1,0,0,1,0,1,18,0,0,8,8,8,0,-3.12,-0.8,9.4,0
1,17,2,9254,1,1,108.0,108.0,1,37,37,9,7,1,0,0,1,0,1,20,0,0,6,10,4,0,-1.7,3.7,12.7,0
2,42,1,9500,1,2,130.0,130.0,1,37,37,9,9,0,0,0,1,0,1,32,0,0,8,8,8,0,-3.12,-0.8,9.4,0
2,39,1,9991,0,1,140.0,130.0,1,37,37,9,10,0,0,0,1,0,0,34,0,0,5,5,0,0,-3.12,-0.8,9.4,0
1,1,2,9500,1,1,116.0,109.0,1,19,37,3,3,1,0,0,1,0,1,23,0,0,7,8,6,0,2.02,0.6,11.1,0
1,1,5,9670,1,1,120.0,112.0,1,4,1,4,10,1,0,0,1,0,0,18,0,0,6,10,4,0,3.51,1.4,8.9,0
1,17,1,8014,0,1,132.0,121.2,1,37,19,5,5,0,0,0,1,0,0,18,0,0,6,8,5,0,1.74,1.4,10.8,0
1,43,1,171,1,2,140.0,140.0,1,37,37,9,9,1,0,0,1,0,0,34,0,0,0,0,0,0,1.74,1.4,10.8,1
1,39,1,8014,0,1,120.0,119.5,100,1,1,4,7,0,0,1,1,0,0,25,1,2,6,6,6,0,3.51,1.4,8.9,0
1,1,1,9147,1,1,136.0,125.9,1,37,38,193,181,0,0,0,1,0,0,21,0,0,5,7,5,0,2.02,0.6,11.1,0
1,1,1,9254,1,1,133.0,121.5,1,19,9,0,0,1,0,0,1,0,1,20,0,0,6,12,0,0,0.32,2.6,7.6,1
1,1,5,9238,1,1,126.0,121.5,1,30,19,0,2,1,0,0,1,0,0,18,0,0,6,8,6,0,0.32,2.6,7.6,0
1,17,1,9085,1,1,142.0,132.4,1,3,37,4,8,1,0,0,1,0,0,18,0,0,6,8,6,0,1.79,0.5,12.4,0
1,17,1,9773,1,1,121.0,122.4,1,37,37,9,9,0,0,0,1,0,0,18,0,0,6,7,6,0,0.79,-0.3,13.9,0
1,39,1,8014,0,1,134.0,110.0,1,37,38,4,7,1,0,0,1,0,0,24,0,0,6,10,1,0,-3.12,-0.8,9.4,1
1,51,1,9147,1,1,140.0,120.4,1,19,19,9,7,0,0,1,0,0,0,32,0,14,15,17,14,0,-0.92,0.3,16.2,0
1,39,1,9254,1,1,133.1,105.0,1,1,1,9,6,1,0,1,0,0,0,24,0,0,6,14,6,0,3.51,1.4,8.9,1
1,1,1,9238,1,1,157.0,137.8,1,38,37,9,5,0,0,0,1,0,1,18,0,0,6,6,6,0,-4.06,2.8,15.5,1
1,51,1,9254,1,1,120.0,118.0,1,38,38,9,9,0,0,0,1,0,0,28,0,0,6,8,6,0,3.51,1.4,8.9,0
1,17,5,9853,1,1,134.0,122.1,1,19,38,4,8,1,0,0,1,0,1,18,0,0,6,8,6,0,1.74,1.4,10.8,1
1,7,1,9853,1,3,140.0,140.0,1,34,34,0,0,1,0,0,0,0,0,24,0,0,6,12,0,0,-3.12,-0.8,9.4,1
1,1,1,9085,1,1,133.0,143.2,1,1,37,4,10,0,0,0,1,0,0,19,0,0,5,7,5,0,0.32,2.6,7.6,0
2,39,1,8014,0,1,146.0,120.5,1,37,37,9,8,0,0,0,1,0,0,44,0,0,6,6,6,0,1.74,1.4,10.8,0
1,16,3,9085,1,1,130.0,119.5,1,37,37,9,2,1,0,0,1,0,1,18,0,0,6,14,6,0,-4.06,2.8,15.5,0
1,1,1,171,1,1,151.0,147.5,1,37,37,9,7,1,0,0,1,0,0,18,0,0,0,0,0,0,0.32,2.6,7.6,0
1,1,6,9773,1,1,133.1,129.6,1,1,1,90,90,0,0,0,1,0,0,22,0,0,6,0,0,0,0.32,2.6,7.6,1
1,18,1,9853,1,1,132.0,126.1,1,37,37,9,5,0,0,0,1,0,1,18,0,0,7,9,6,0,2.02,0.6,11.1,0
2,39,1,9991,0,1,110.0,160.0,1,37,37,9,4,0,0,0,1,0,0,44,0,0,5,5,5,0,-4.06,2.8,15.5,0
5,39,1,9853,1,19,133.1,105.5,1,38,1,5,3,0,0,1,1,0,0,33,0,0,6,7,5,0,0.32,2.6,7.6,1
2,39,1,9853,1,1,110.0,95.5,1,37,37,9,9,0,0,1,0,0,0,32,0,0,6,6,0,0,1.74,1.4,10.8,1
2,39,1,9003,1,1,133.1,107.5,1,19,19,4,4,0,0,0,0,0,0,35,0,0,6,0,0,0,-4.06,2.8,15.5,1
1,1,1,9238,1,1,105.0,106.1,1,19,19,6,6,1,0,0,1,0,0,20,0,0,6,6,6,0,2.02,0.6,11.1,0
1,39,1,9254,1,1,160.0,116.3,1,3,1,6,6,1,0,0,1,0,0,24,0,0,6,8,5,0,-3.12,-0.8,9.4,0
1,1,1,9500,1,1,144.0,137.4,1,38,1,9,10,0,0,0,1,0,0,19,0,0,7,7,7,0,-0.92,0.3,16.2,0
1,1,1,9254,1,1,100.0,101.8,1,19,19,5,5,1,0,0,1,0,0,21,0,0,6,8,5,0,1.79,0.5,12.4,0
1,1,2,9773,1,1,143.0,144.1,1,1,1,4,9,1,0,0,1,1,1,19,0,0,6,7,6,0,-1.7,3.7,12.7,0
1,42,1,9003,1,1,160.0,107.8,1,19,1,9,5,1,0,0,0,1,0,27,0,0,6,10,0,0,-4.06,2.8,15.5,1
1,39,1,9853,1,1,140.0,128.2,1,19,1,9,4,0,0,0,0,0,0,30,0,0,6,0,0,0,-1.7,3.7,12.7,1
1,17,4,171,1,1,133.1,117.0,1,38,38,9,9,1,0,0,1,1,0,21,0,0,0,0,0,0,1.74,1.4,10.8,1
1,1,1,9070,1,1,116.0,110.4,1,1,12,5,8,1,0,0,1,1,0,19,0,0,6,6,6,0,3.51,1.4,8.9,0
2,39,1,9991,0,1,120.0,170.0,1,37,37,9,10,0,0,0,1,0,0,34,0,0,5,12,2,0,-3.12,-0.8,9.4,0
1,43,1,9500,1,1,141.0,100.0,1,4,19,4,10,0,0,0,1,1,0,18,0,0,7,7,7,0,0.79,-0.3,13.9,0
1,1,1,171,1,1,110.0,117.0,1,3,2,3,3,1,0,0,1,1,0,21,0,0,0,0,0,0,-3.12,-0.8,9.4,0
1,1,2,171,1,1,127.0,133.5,1,3,39,1,3,1,0,0,1,1,0,17,0,0,0,0,0,0,-4.06,2.8,15.5,0
1,1,1,9500,1,1,132.0,128.0,1,19,37,4,9,1,0,0,1,0,1,19,0,0,7,7,6,0,0.32,2.6,7.6,0
1,1,1,9773,1,1,135.0,122.1,1,37,38,9,6,1,0,0,1,1,0,18,0,0,6,6,6,0,-1.7,3.7,12.7,0
1,17,2,9500,1,1,135.0,133.4,1,19,19,9,10,1,0,0,1,0,0,19,0,0,7,7,7,0,2.02,0.6,11.1,0
4,39,1,9254,1,1,140.0,112.0,1,38,37,9,9,0,0,1,1,0,0,45,0,4,10,12,5,4,-1.7,3.7,12.7,1
1,39,1,9085,1,1,133.1,130.0,1,19,37,9,6,1,0,0,1,0,0,26,0,0,6,17,6,0,-4.06,2.8,15.5,0
2,39,2,9991,0,1,100.0,100.0,1,37,37,9,9,1,0,0,1,1,0,51,0,0,4,4,0,0,-1.7,3.7,12.7,1
2,39,1,9773,1,19,133.1,162.0,1,37,37,6,6,0,0,1,1,1,1,49,0,0,6,8,6,0,1.74,1.4,10.8,0
1,42,1,9500,1,1,100.0,153.0,1,3,19,2,8,0,0,0,1,1,0,22,0,3,6,7,3,0,-4.06,2.8,15.5,0
1,17,1,9147,1,1,137.0,131.4,1,1,37,5,9,1,0,0,1,1,0,22,0,0,5,8,2,0,0.32,2.6,7.6,1
2,7,1,9130,1,3,120.0,128.2,1,3,3,1,1,0,0,0,1,0,0,33,0,1,5,11,2,1,-3.12,-0.8,9.4,1
1,10,1,9670,1,1,148.9,148.9,22,37,37,9,9,0,0,0,1,0,0,20,1,0,5,6,5,0,-3.12,-0.8,9.4,0
1,1,4,9238,1,1,134.0,128.4,1,38,19,7,7,1,0,0,1,0,1,18,0,0,6,6,6,0,1.74,1.4,10.8,0
1,1,5,9853,1,1,128.0,120.3,1,38,37,9,9,1,0,1,0,0,0,20,0,0,6,9,3,0,1.74,1.4,10.8,1
2,57,1,9991,0,1,133.1,100.0,41,38,37,4,6,0,0,0,1,0,0,37,1,5,10,11,7,0,3.51,1.4,8.9,0
1,1,1,9254,1,1,131.0,126.1,2,37,1,9,3,1,0,0,1,1,0,18,1,0,6,6,6,0,0.32,2.6,7.6,0
1,1,3,9254,1,1,118.0,111.7,1,1,19,9,9,1,0,0,1,0,0,19,0,0,6,6,6,0,1.79,0.5,12.4,0
1,44,1,9085,1,39,140.0,140.0,1,1,19,3,3,1,0,0,1,0,0,21,0,2,6,7,6,0,1.79,0.5,12.4,0
1,1,2,9500,1,1,133.0,122.2,1,19,1,9,1,0,0,0,1,0,0,20,0,0,7,9,6,0,0.79,-0.3,13.9,0
1,1,2,9500,1,1,126.0,118.7,1,37,1,7,7,1,0,0,1,0,0,19,0,0,7,0,0,0,0.79,-0.3,13.9,1
1,17,2,9556,1,1,125.0,121.5,1,38,19,7,7,1,0,0,1,0,0,20,0,0,7,13,4,0,2.02,0.6,11.1,1
1,17,4,9500,1,1,138.0,134.5,1,3,1,2,5,1,0,0,1,0,0,18,0,0,7,7,7,0,0.79,-0.3,13.9,0
1,1,4,9500,1,1,140.0,127.0,1,1,19,9,7,1,0,0,1,0,0,19,0,0,8,8,7,0,-1.7,3.7,12.7,0
1,1,1,9238,1,1,124.0,114.2,1,37,38,9,3,0,0,0,1,0,0,18,0,0,6,13,4,0,-4.06,2.8,15.5,0
1,17,1,9238,1,1,133.0,125.3,1,38,38,7,7,1,0,0,1,0,1,18,0,0,6,6,6,0,-4.06,2.8,15.5,0
1,1,2,9773,1,1,127.0,120.4,1,1,19,4,5,1,0,0,1,0,0,18,0,0,5,7,2,0,-1.7,3.7,12.7,1
1,1,6,9500,1,1,138.0,123.0,1,1,38,3,9,1,0,0,1,0,0,19,0,0,7,10,5,0,1.79,0.5,12.4,0
1,1,2,9556,1,1,142.0,130.5,1,1,19,4,5,1,0,0,1,0,1,18,0,0,7,8,7,0,-0.92,0.3,16.2,0
1,1,1,9070,1,1,130.0,125.5,41,37,19,9,8,1,0,0,1,0,1,19,1,0,6,6,6,0,2.02,0.6,11.1,0
1,53,1,9003,1,42,130.0,133.8,1,1,19,9,7,0,0,1,1,0,1,24,0,7,12,13,12,0,3.51,1.4,8.9,0
1,44,1,9085,1,39,150.0,150.0,1,37,37,9,9,0,0,0,1,0,0,20,0,2,6,8,6,0,1.79,0.5,12.4,0
1,1,1,9147,1,1,127.0,130.5,1,1,19,5,7,1,0,0,1,0,1,21,0,0,5,6,5,1,-3.12,-0.8,9.4,0
1,44,1,9085,1,39,140.0,140.0,1,38,37,4,10,0,0,1,0,0,0,20,0,1,6,13,4,0,-0.92,0.3,16.2,1
1,17,6,9500,1,1,126.0,119.4,1,19,37,3,9,1,0,0,1,0,1,19,0,0,7,7,7,0,-0.92,0.3,16.2,0
1,17,5,9556,1,1,139.0,121.3,1,19,19,9,8,1,0,0,1,0,1,19,0,0,7,8,7,0,1.74,1.4,10.8,0
1,1,3,9500,1,1,141.0,126.3,1,1,1,9,9,1,0,0,1,0,0,18,0,0,8,8,7,0,-1.7,3.7,12.7,0
1,1,1,9085,1,1,120.0,111.6,1,38,38,4,7,1,0,0,1,0,0,19,0,0,6,12,5,0,-0.92,0.3,16.2,0
1,17,4,9147,1,1,120.0,111.3,1,38,19,9,9,1,0,0,1,0,0,21,0,0,5,5,5,0,3.51,1.4,8.9,0
1,1,2,9853,1,1,134.0,122.5,1,1,38,9,8,1,0,0,1,0,1,19,0,0,6,7,6,0,-4.06,2.8,15.5,0
1,1,5,9254,1,1,128.0,116.5,1,19,1,7,10,1,0,0,1,0,1,18,0,0,6,7,6,0,3.51,1.4,8.9,0
1,17,5,9070,1,1,133.0,132.0,1,4,1,4,4,1,1,0,1,0,1,17,0,0,6,6,6,0,-4.06,2.8,15.5,0
1,18,4,9853,1,1,123.0,123.7,1,19,38,4,10,1,0,0,1,0,0,19,0,0,6,8,5,0,-4.06,2.8,15.5,0
1,17,6,9147,1,1,118.0,117.0,1,37,1,9,7,1,0,0,0,1,0,23,0,0,5,9,3,1,-3.12,-0.8,9.4,1
1,1,1,9670,1,1,113.0,116.5,1,1,37,1,10,1,0,0,1,0,0,19,0,0,6,7,6,0,3.51,1.4,8.9,0
1,1,1,9500,1,1,135.0,121.5,1,19,3,9,4,1,0,0,1,0,0,18,0,0,7,7,6,0,0.32,2.6,7.6,0
1,1,1,9670,1,1,133.1,105.0,1,38,38,5,9,1,0,0,1,0,0,20,0,0,6,9,6,0,-4.06,2.8,15.5,0
1,1,3,9085,1,1,130.0,121.3,1,1,19,9,9,1,0,0,1,0,1,19,0,0,5,6,5,0,1.74,1.4,10.8,0
1,1,1,9238,1,1,135.0,136.1,1,19,38,3,9,1,0,0,1,0,1,18,0,0,6,6,6,0,1.79,0.5,12.4,0
1,17,2,9238,1,1,133.0,123.6,1,37,37,9,4,0,0,0,1,0,1,19,0,0,6,7,6,0,0.79,-0.3,13.9,0
1,1,4,9238,1,1,123.0,129.0,1,38,1,4,10,1,0,0,1,0,0,19,0,0,6,8,6,0,1.74,1.4,10.8,0
1,17,1,9500,1,1,145.0,136.8,1,19,37,4,8,1,0,0,1,0,0,18,0,0,8,9,8,1,-3.12,-0.8,9.4,0
1,17,2,9500,1,1,146.0,133.4,1,3,3,3,6,1,0,0,1,0,0,18,0,0,7,8,7,0,0.79,-0.3,13.9,0
1,1,5,9500,1,1,144.0,136.0,1,38,38,7,7,1,0,0,1,0,1,19,0,0,7,7,6,0,0.32,2.6,7.6,0
1,1,1,9500,1,1,144.0,125.8,1,38,37,9,9,0,0,0,1,0,1,19,0,0,8,12,7,0,-1.7,3.7,12.7,0
1,1,1,9500,1,1,131.0,120.5,1,4,4,2,1,0,0,0,1,0,0,19,0,0,7,7,6,0,0.32,2.6,7.6,0
1,1,2,9500,1,1,141.0,130.2,1,37,37,9,8,1,0,0,1,0,0,21,0,0,7,11,7,0,-4.06,2.8,15.5,0
1,1,3,9773,1,1,138.0,135.9,1,3,1,2,3,1,0,0,1,0,0,18,0,0,6,7,6,0,0.79,-0.3,13.9,0
1,1,1,9773,1,1,127.0,116.5,1,19,37,9,9,0,0,0,1,0,1,19,0,0,6,7,6,0,2.02,0.6,11.1,0
1,1,4,9773,1,1,124.0,124.0,1,19,37,99,90,0,0,0,0,0,0,18,0,0,4,4,0,0,-1.7,3.7,12.7,1
1,7,1,8014,0,3,140.0,140.0,1,1,1,4,4,0,0,0,1,0,0,30,0,0,6,0,0,0,1.74,1.4,10.8,1
1,17,1,9130,1,1,157.0,150.9,1,3,2,3,6,1,0,0,1,0,0,18,0,0,6,8,6,0,0.79,-0.3,13.9,1
1,1,3,9500,1,1,129.0,127.3,1,19,19,4,8,1,0,0,1,0,1,20,0,0,7,7,6,0,0.32,2.6,7.6,0
1,39,1,9670,1,19,133.1,100.0,1,1,1,4,7,0,0,1,0,0,0,25,0,0,5,5,5,0,-3.12,-0.8,9.4,1
1,1,5,9500,1,1,142.0,128.8,1,38,37,5,7,1,0,0,1,0,0,18,0,0,7,7,6,0,0.32,2.6,7.6,0
5,1,3,9085,1,1,133.0,119.7,1,19,19,4,7,1,0,0,1,0,0,21,0,0,5,13,5,2,-3.12,-0.8,9.4,0
1,1,1,9500,1,1,156.0,140.8,1,5,4,2,1,0,0,0,1,0,0,18,0,0,8,8,7,0,-1.7,3.7,12.7,0
1,1,1,9500,1,1,151.0,138.0,1,37,37,9,9,1,0,0,1,0,0,18,0,0,7,7,6,0,0.32,2.6,7.6,0
1,17,1,9853,1,1,135.0,132.9,1,3,3,2,2,1,0,0,0,0,0,29,0,0,6,9,6,0,-1.7,3.7,12.7,1
1,43,1,9130,1,1,140.0,140.0,1,3,3,2,2,0,0,0,1,0,0,20,0,10,17,29,14,4,-4.06,2.8,15.5,0
1,7,1,9500,1,3,140.0,140.0,1,3,1,4,4,0,0,0,1,0,0,26,0,0,7,0,0,0,0.79,-0.3,13.9,1
1,1,2,9238,1,1,100.0,99.3,1,38,1,7,7,1,0,0,1,0,0,21,0,0,6,8,5,0,1.79,0.5,12.4,0
1,18,1,9500,1,1,126.0,119.3,1,37,19,5,5,0,0,0,1,0,1,19,0,0,8,9,8,1,-3.12,-0.8,9.4,0
1,17,2,9254,1,1,123.0,113.2,1,19,19,5,5,1,0,1,1,0,0,19,0,0,6,10,6,0,-0.92,0.3,16.2,1
1,17,1,9773,1,1,133.1,117.0,1,38,38,9,5,0,0,0,1,0,0,21,0,0,6,8,5,0,-4.06,2.8,15.5,0
1,18,1,8014,0,1,137.0,123.0,1,1,1,4,3,0,0,1,1,0,0,20,0,0,6,13,4,0,-0.92,0.3,16.2,0
1,1,6,9500,1,1,138.0,127.2,1,37,37,9,8,1,0,0,1,0,1,18,0,0,7,8,7,0,-4.06,2.8,15.5,0
1,1,2,9773,1,1,128.0,141.0,1,34,19,3,0,1,0,0,0,0,0,20,0,0,6,10,4,0,0.32,2.6,7.6,1
1,1,1,9238,1,1,136.0,121.7,1,19,38,9,9,0,1,0,1,0,1,20,0,0,6,9,6,0,-0.92,0.3,16.2,0
1,43,1,9500,1,1,127.0,121.1,1,19,19,4,7,0,0,0,1,0,1,18,0,0,7,11,5,0,-0.92,0.3,16.2,0
1,16,1,9070,1,1,145.0,146.1,1,1,1,3,3,1,0,0,1,0,0,18,0,0,6,6,1,0,-3.12,-0.8,9.4,0
1,1,1,9773,1,1,140.0,142.5,1,37,37,9,9,1,0,0,1,0,0,18,0,0,6,6,6,0,-3.12,-0.8,9.4,0
1,17,1,9085,1,1,138.0,126.8,1,2,19,2,9,1,0,0,1,0,0,18,0,0,5,12,2,0,1.74,1.4,10.8,0
1,44,1,9085,1,39,150.0,150.0,1,3,3,2,2,1,0,0,1,0,0,22,0,2,6,7,6,0,0.79,-0.3,13.9,0
1,44,3,9085,1,39,150.0,150.0,1,1,19,4,1,1,0,0,1,0,0,19,0,0,5,10,1,1,-1.7,3.7,12.7,0
1,17,1,9003,1,1,131.0,134.5,1,19,1,9,2,1,0,0,1,0,1,19,0,0,6,7,6,0,1.79,0.5,12.4,0
1,1,2,9556,1,1,136.0,129.5,1,19,19,9,9,1,0,0,1,0,0,18,0,0,7,9,7,0,-1.7,3.7,12.7,0
1,1,1,9238,1,1,117.0,113.2,1,38,38,175,183,1,0,1,1,0,0,20,0,0,6,8,6,0,2.02,0.6,11.1,0
1,17,1,9853,1,1,158.0,140.2,1,38,37,5,5,1,0,0,1,0,0,18,0,0,6,9,5,0,1.74,1.4,10.8,1
1,17,2,9670,1,1,129.0,119.2,1,1,19,5,5,1,0,0,1,0,0,21,0,0,6,0,0,0,3.51,1.4,8.9,1
1,1,1,9238,1,1,140.0,140.7,1,1,19,4,4,0,0,0,1,0,0,19,0,0,6,7,6,0,1.79,0.5,12.4,0
1,1,5,9500,1,1,141.0,142.3,1,38,38,9,9,1,0,0,1,0,0,18,0,0,8,8,8,0,-3.12,-0.8,9.4,1
1,1,4,9773,1,1,132.0,129.9,11,12,12,90,4,1,0,0,1,0,0,18,1,0,6,6,6,0,0.32,2.6,7.6,0
1,17,1,171,1,1,133.0,134.8,1,1,1,6,7,1,0,0,1,0,0,18,0,0,0,0,0,0,1.79,0.5,12.4,0
1,17,1,9085,1,1,109.0,104.1,1,19,19,4,9,1,0,1,0,0,1,21,0,0,6,16,2,0,-4.06,2.8,15.5,1
1,1,1,9147,1,1,135.0,122.4,1,1,38,5,5,0,0,1,1,0,0,19,0,0,5,10,5,0,0.79,-0.3,13.9,0
1,1,1,9147,1,1,122.0,120.6,1,37,37,9,7,1,0,0,1,0,1,19,0,0,5,5,5,0,-3.12,-0.8,9.4,0
1,17,3,9238,1,1,118.0,112.4,1,1,19,4,10,1,0,0,1,0,0,19,0,0,6,10,5,0,-0.92,0.3,16.2,1
1,1,1,171,1,1,174.0,157.9,1,5,3,3,3,0,0,0,1,0,0,18,0,0,0,0,0,0,0.79,-0.3,13.9,0
1,43,1,9254,1,1,142.0,125.9,1,38,38,9,9,0,0,0,1,0,1,19,0,0,6,0,0,0,1.74,1.4,10.8,1
1,17,2,9500,1,1,131.0,118.4,1,38,1,5,7,1,0,0,1,0,1,20,0,0,7,9,6,0,-0.92,0.3,16.2,1
1,1,3,9500,1,1,139.0,130.8,1,18,18,1,1,1,0,0,0,0,0,18,0,0,8,9,6,1,-3.12,-0.8,9.4,1
1,1,1,171,1,1,170.0,176.7,1,19,19,8,8,1,0,0,1,0,1,19,0,0,0,0,0,0,2.02,0.6,11.1,1
1,1,1,9070,1,1,182.0,156.8,1,19,1,5,7,1,0,0,1,0,0,18,0,0,6,6,6,0,1.74,1.4,10.8,0
1,1,1,9085,1,1,125.0,126.8,1,19,37,3,7,0,0,0,1,0,0,18,0,0,6,13,6,0,2.02,0.6,11.1,0
1,1,1,9238,1,1,142.0,128.0,1,1,37,5,7,0,0,0,1,0,1,19,0,0,6,8,6,0,-0.92,0.3,16.2,0
1,1,2,9147,1,1,119.0,113.8,1,19,37,4,5,1,0,0,1,0,0,20,0,0,5,8,3,0,0.32,2.6,7.6,0
1,17,5,9500,1,1,128.0,120.8,1,1,1,4,5,1,0,0,1,0,1,19,0,0,7,9,7,0,-0.92,0.3,16.2,0
1,1,3,9500,1,1,150.0,130.8,1,19,38,1,1,1,0,0,1,0,0,18,0,0,8,8,7,0,-1.7,3.7,12.7,0
1,39,1,9254,1,1,133.1,101.0,1,19,1,4,1,0,0,1,1,0,0,25,0,0,6,6,0,0,-4.06,2.8,15.5,1
1,17,5,9070,1,1,131.0,126.1,1,37,37,9,9,1,0,0,0,0,0,18,0,0,6,9,4,1,0.32,2.6,7.6,0
1,1,5,9773,1,1,118.0,113.8,1,38,19,9,9,1,0,0,1,0,0,19,0,0,6,7,6,0,3.51,1.4,8.9,0
1,17,2,9556,1,1,122.0,118.3,1,19,38,4,8,1,0,0,1,0,1,19,0,0,7,7,7,0,-4.06,2.8,15.5,0
1,1,1,9147,1,1,116.0,127.9,1,19,19,5,8,0,0,1,0,0,1,20,0,0,5,12,2,1,-3.12,-0.8,9.4,1
1,17,5,9500,1,1,137.0,131.1,1,1,1,5,4,1,0,0,1,0,0,18,0,0,7,9,7,0,0.79,-0.3,13.9,0
1,17,4,9085,1,1,128.0,117.9,1,38,37,4,9,1,0,0,1,0,0,20,0,0,5,12,2,0,1.74,1.4,10.8,0
1,17,1,9238,1,1,123.0,115.7,1,1,1,9,9,1,0,0,1,0,0,21,0,0,6,8,6,0,2.02,0.6,11.1,0
1,1,2,171,1,1,133.1,141.0,1,3,1,2,3,1,0,0,1,0,0,19,0,0,0,0,0,0,-1.7,3.7,12.7,0
2,39,1,8014,0,12,110.0,120.0,1,37,37,7,9,0,0,0,1,0,0,42,0,0,6,6,6,0,1.74,1.4,10.8,0
1,17,1,9130,1,1,143.0,131.8,1,3,3,2,2,1,0,1,0,0,0,18,0,0,6,9,5,0,3.51,1.4,8.9,0
1,1,1,9070,1,1,150.0,131.1,1,37,37,9,6,0,0,0,1,0,1,19,0,0,6,7,5,0,-4.06,2.8,15.5,0
1,1,6,9254,1,1,129.0,117.8,1,38,19,9,5,1,0,0,1,0,0,18,0,0,6,11,6,0,3.51,1.4,8.9,0
1,10,1,9085,1,1,140.0,140.0,1,19,19,4,5,1,0,0,1,0,0,21,0,0,5,6,5,0,1.74,1.4,10.8,0
1,1,1,9238,1,1,133.1,108.0,1,38,37,5,5,0,0,0,1,0,1,20,0,0,6,8,6,0,-0.92,0.3,16.2,0
1,1,1,9853,1,1,132.0,122.9,1,1,19,3,3,1,0,0,1,0,0,20,0,0,7,7,7,0,2.02,0.6,11.1,0
1,44,1,9085,1,39,130.0,130.0,1,3,1,2,9,1,0,0,1,0,0,21,0,1,6,13,3,0,1.79,0.5,12.4,0
1,1,4,9500,1,1,137.0,126.0,1,38,37,7,7,1,0,0,1,0,0,19,0,0,7,9,7,0,-4.06,2.8,15.5,0
1,42,1,9238,1,1,133.1,134.0,1,1,19,4,9,0,0,0,1,0,0,21,0,10,13,21,11,0,0.32,2.6,7.6,0
1,1,1,9070,1,1,143.0,134.3,1,38,19,151,193,1,1,0,1,0,0,19,0,0,6,6,6,0,3.51,1.4,8.9,0
1,1,1,9500,1,1,148.0,138.7,1,19,19,9,9,0,0,0,1,0,1,19,0,0,7,10,7,0,-4.06,2.8,15.5,0
1,17,2,171,1,1,137.0,143.3,1,1,1,4,1,1,0,0,1,0,0,18,0,0,0,0,0,0,-3.12,-0.8,9.4,0
1,44,1,9085,1,39,160.0,160.0,1,37,19,9,10,1,0,0,1,0,0,22,0,1,6,13,6,0,-0.92,0.3,16.2,0
1,1,2,9853,1,1,112.0,111.0,1,3,1,3,5,0,0,0,1,0,0,21,0,0,6,8,5,0,-3.12,-0.8,9.4,0
1,17,4,9254,1,1,133.0,128.5,1,37,37,5,8,1,0,0,1,0,1,18,0,0,6,14,2,0,0.32,2.6,7.6,1
1,1,4,9500,1,1,142.0,133.0,1,1,3,1,2,0,0,0,1,0,1,20,0,0,8,8,7,0,1.74,1.4,10.8,0
1,17,2,9670,1,1,123.0,114.6,1,34,37,0,0,1,0,1,0,0,0,18,0,0,5,8,3,0,0.32,2.6,7.6,1
1,17,1,9238,1,1,103.0,104.1,1,19,37,7,9,0,0,0,1,0,0,20,0,0,6,6,0,0,3.51,1.4,8.9,1
1,17,4,9500,1,1,140.0,127.6,1,1,1,3,3,1,0,0,1,0,0,23,0,0,7,7,6,0,1.79,0.5,12.4,0
1,1,2,9773,1,1,159.0,151.0,1,1,1,3,3,1,0,0,1,0,0,18,0,0,6,6,6,0,-1.7,3.7,12.7,0
1,44,1,9238,1,39,140.0,135.7,1,1,1,9,3,1,0,0,1,0,0,20,0,3,6,6,6,0,1.79,0.5,12.4,0
1,17,1,9500,1,1,148.0,137.8,1,38,37,5,9,1,0,0,1,0,1,18,0,0,8,8,7,0,1.74,1.4,10.8,0
1,1,6,9147,1,1,112.0,117.3,1,38,38,9,9,1,0,0,1,0,0,20,0,0,5,8,4,0,2.02,0.6,11.1,0
1,18,2,9500,1,1,131.0,121.2,1,1,3,3,2,1,0,0,1,0,0,18,0,0,7,8,7,0,-0.92,0.3,16.2,0
1,17,1,9670,1,1,145.0,129.3,1,3,3,2,1,1,0,0,1,0,0,20,0,0,6,7,6,0,-0.92,0.3,16.2,0
1,1,5,9500,1,1,133.1,123.0,1,1,1,5,8,1,0,0,1,0,0,19,0,0,8,8,7,0,-1.7,3.7,12.7,0
1,44,1,9085,1,39,140.0,140.0,1,1,19,4,4,0,0,0,1,0,0,21,0,2,6,9,6,0,0.79,-0.3,13.9,0
2,7,1,9070,1,43,140.0,140.0,1,37,1,9,7,0,0,0,1,0,0,33,0,0,6,7,6,0,2.02,0.6,11.1,0
1,1,1,9085,1,1,150.0,144.6,1,12,2,4,2,0,0,1,0,0,0,24,0,0,5,6,1,0,0.32,2.6,7.6,1
1,43,1,9238,1,1,120.0,118.3,1,1,38,4,3,0,0,0,1,0,1,20,0,8,11,12,11,0,0.79,-0.3,13.9,0
1,1,1,171,1,1,156.0,153.6,1,19,38,9,1,1,0,0,1,0,0,18,0,0,0,0,0,0,-3.12,-0.8,9.4,0
1,1,4,9070,1,1,167.0,158.3,1,1,1,7,3,1,0,0,1,0,0,18,0,0,6,6,6,0,-4.06,2.8,15.5,0
1,43,1,8014,0,6,133.1,100.0,1,34,34,0,0,0,0,1,1,0,0,29,0,1,6,9,4,0,0.32,2.6,7.6,1
1,17,1,9500,1,1,147.0,134.9,1,1,1,5,5,0,1,0,1,0,0,18,0,0,7,7,7,0,-0.92,0.3,16.2,0
1,1,3,9773,1,1,129.0,142.0,1,38,37,5,5,1,0,0,1,0,0,19,0,0,6,8,6,0,-3.12,-0.8,9.4,0
1,17,1,171,1,1,136.0,127.3,1,38,38,7,7,1,0,0,1,0,0,19,0,0,0,0,0,0,-4.06,2.8,15.5,1
1,17,1,9238,1,1,128.0,116.5,1,19,19,5,4,0,0,0,1,0,1,18,0,0,6,8,5,0,1.79,0.5,12.4,0
1,43,1,9500,1,1,140.0,138.6,1,19,19,7,7,0,0,0,1,0,1,19,0,0,7,9,6,0,-0.92,0.3,16.2,0
1,42,1,9853,1,1,141.0,133.0,1,37,19,9,3,0,0,0,1,0,0,20,0,6,14,22,12,0,1.74,1.4,10.8,1
1,17,2,9238,1,1,133.0,136.2,1,2,1,3,4,1,0,0,1,0,0,19,0,0,6,14,1,0,0.32,2.6,7.6,0
1,17,1,9254,1,1,125.0,118.0,1,19,19,7,5,1,0,0,1,0,1,19,0,0,6,10,4,0,-3.12,-0.8,9.4,0
1,1,1,9070,1,1,124.0,126.8,1,19,37,4,4,0,0,0,1,0,1,18,0,1,6,8,6,1,0.79,-0.3,13.9,0
1,1,6,9500,1,1,140.0,128.5,1,19,38,5,7,1,0,0,1,0,1,18,0,0,8,8,8,0,-3.12,-0.8,9.4,0
1,17,1,9254,1,1,140.0,129.9,1,3,1,2,3,0,0,0,1,0,1,19,0,0,6,15,6,0,-3.12,-0.8,9.4,0
1,17,4,9773,1,1,137.0,125.8,1,1,1,5,5,0,0,1,1,1,0,20,0,0,6,7,5,0,-1.7,3.7,12.7,1
1,17,1,171,1,1,144.0,129.3,1,37,37,9,6,1,0,0,1,1,1,18,0,0,0,0,0,0,0.32,2.6,7.6,0
1,1,6,9500,1,1,138.0,124.7,1,4,19,2,3,1,0,0,1,1,0,18,0,0,7,0,0,0,-0.92,0.3,16.2,1
1,39,1,9003,1,1,130.0,154.9,1,3,1,2,4,0,0,1,0,1,0,35,0,0,6,8,5,0,3.51,1.4,8.9,1
1,17,1,9119,1,1,142.0,127.3,1,19,38,9,7,0,0,0,1,1,0,18,0,0,5,10,3,0,-0.92,0.3,16.2,0
1,1,1,171,1,1,136.0,129.0,1,37,19,5,8,1,0,0,1,1,1,19,0,0,0,0,0,0,0.79,-0.3,13.9,0
1,1,2,9773,1,1,133.1,98.0,1,38,19,4,7,1,0,0,1,1,1,19,0,0,6,8,4,0,-4.06,2.8,15.5,0
1,17,2,9147,1,1,130.0,122.0,1,1,38,5,7,1,0,0,1,1,0,20,0,0,5,8,2,0,1.74,1.4,10.8,0
1,43,1,9070,1,1,117.0,112.5,1,1,1,4,7,1,0,0,1,1,0,19,0,3,6,7,3,0,0.79,-0.3,13.9,0
1,1,3,9147,1,1,136.0,127.3,1,38,38,9,9,1,0,0,1,1,0,19,0,0,5,8,3,0,-1.7,3.7,12.7,1
1,39,2,9556,1,1,133.1,100.5,1,1,1,9,10,0,0,0,1,1,0,24,0,0,7,18,0,0,2.02,0.6,11.1,1
1,39,1,8014,0,1,140.0,122.0,1,37,37,9,7,1,0,1,0,1,0,29,0,0,6,11,4,0,1.79,0.5,12.4,1
1,39,1,9500,1,1,150.0,140.0,1,38,3,9,1,0,0,0,1,1,0,24,0,0,7,11,7,0,-4.06,2.8,15.5,0
1,17,2,9254,1,1,121.0,116.1,1,19,38,6,6,1,0,0,1,1,0,19,0,0,6,8,5,0,-4.06,2.8,15.5,0
2,7,1,171,1,3,120.0,130.0,1,19,19,9,9,1,0,0,1,1,0,37,0,0,0,0,0,0,0.32,2.6,7.6,1
1,5,2,9070,1,1,143.0,146.2,1,1,1,4,10,1,0,0,1,1,0,18,0,0,6,7,5,0,-0.92,0.3,16.2,0
1,44,1,9119,1,39,180.0,180.0,1,1,1,9,8,0,0,0,1,1,1,20,0,3,7,12,6,0,1.79,0.5,12.4,0
1,1,5,9147,1,1,132.0,127.8,1,39,39,3,3,1,0,0,0,1,0,18,0,0,5,0,0,0,2.02,0.6,11.1,1
1,43,1,9147,1,1,130.0,130.8,1,37,19,9,8,0,0,0,1,1,0,22,0,0,5,5,0,0,-0.92,0.3,16.2,0
1,17,2,9147,1,1,133.1,109.0,1,38,38,4,7,1,0,0,1,1,1,22,0,0,5,7,3,0,1.74,1.4,10.8,0
1,1,5,9773,1,1,131.0,132.4,1,1,38,9,5,1,0,1,0,1,0,18,0,0,6,6,0,0,2.02,0.6,11.1,1
1,1,3,9500,1,1,149.0,129.3,1,1,1,4,4,1,0,0,1,1,0,18,0,0,8,8,7,0,-1.7,3.7,12.7,0
1,1,1,9070,1,1,124.0,125.4,1,37,37,9,9,1,0,0,1,1,0,19,0,0,6,6,6,0,-3.12,-0.8,9.4,0
1,1,1,9119,1,1,126.0,130.2,1,38,19,5,5,0,0,0,1,1,0,19,0,0,5,7,5,0,1.74,1.4,10.8,0
1,1,1,9238,1,1,140.0,132.0,1,19,38,9,9,0,0,0,1,1,0,19,0,0,6,10,5,0,-0.92,0.3,16.2,1
1,44,1,9003,1,39,170.0,170.0,1,19,19,9,7,1,0,1,1,1,0,21,0,0,6,7,6,0,1.79,0.5,12.4,0
1,1,2,9773,1,1,133.0,130.2,1,3,1,2,4,0,0,0,1,1,0,19,0,0,6,9,5,0,3.51,1.4,8.9,0
1,18,2,9556,1,1,126.0,115.5,1,3,3,2,2,0,0,0,1,1,0,18,0,0,7,11,6,0,3.51,1.4,8.9,0
1,16,2,9147,1,1,129.0,127.6,1,19,19,4,9,1,0,0,1,1,0,19,0,0,5,8,5,0,1.74,1.4,10.8,1
1,7,1,9773,1,43,140.0,140.0,1,19,1,4,8,0,0,0,1,1,0,25,0,0,6,6,6,0,2.02,0.6,11.1,0
1,1,1,9070,1,1,130.0,120.2,1,37,1,9,8,1,0,0,1,1,0,22,0,0,6,9,6,0,-1.7,3.7,12.7,0
1,39,1,9500,1,1,130.0,150.0,1,1,1,4,9,0,0,0,1,1,0,24,0,0,8,8,7,0,-1.7,3.7,12.7,0
1,1,2,9500,1,1,99.0,100.0,1,1,3,5,10,1,0,0,1,1,0,19,0,0,7,9,7,0,0.79,-0.3,13.9,0
1,43,1,9119,1,1,146.0,100.0,1,3,1,2,3,0,0,0,1,1,0,18,0,0,5,9,4,0,0.79,-0.3,13.9,0
1,17,1,171,1,1,129.0,128.0,1,38,37,4,6,0,0,0,0,1,0,20,0,0,0,0,0,0,-3.12,-0.8,9.4,1
1,1,2,9500,1,1,132.0,128.0,1,19,19,9,7,1,0,0,1,1,1,19,0,0,8,8,7,0,1.74,1.4,10.8,0
1,43,3,9254,1,1,110.0,107.2,1,37,37,9,9,1,0,0,1,1,0,19,0,1,6,16,2,0,0.32,2.6,7.6,1
1,1,1,9670,1,1,116.0,110.1,1,3,3,3,3,1,0,0,1,1,0,19,0,0,6,9,5,0,1.79,0.5,12.4,0
1,43,1,9003,1,1,119.0,119.0,1,37,37,9,6,0,0,1,1,1,0,23,0,0,6,6,0,0,-4.06,2.8,15.5,1
2,39,1,9773,1,1,120.0,155.5,1,37,38,9,3,0,0,0,1,1,0,47,0,0,6,12,5,0,-1.7,3.7,12.7,1
1,1,1,9070,1,1,117.0,118.4,1,1,1,3,9,0,0,0,1,1,0,19,0,0,6,6,6,0,-0.92,0.3,16.2,0
1,1,4,171,1,1,137.0,141.2,1,1,38,4,8,1,0,0,1,1,0,19,0,0,0,0,0,0,2.02,0.6,11.1,0
1,1,1,171,1,1,124.0,119.1,1,3,3,2,2,1,0,0,1,1,0,18,0,0,0,0,0,0,-0.92,0.3,16.2,1
1,43,1,9147,1,1,151.0,111.0,1,1,3,1,1,0,0,0,1,1,0,28,0,0,5,9,2,0,-4.06,2.8,15.5,1
1,43,1,9254,1,6,138.6,138.6,1,34,34,0,0,1,0,0,1,1,0,20,0,0,6,10,4,0,0.32,2.6,7.6,1
1,17,2,9254,1,1,118.0,121.2,1,19,19,5,7,0,0,0,1,1,1,18,0,0,6,12,3,0,-4.06,2.8,15.5,0
1,1,1,171,1,1,136.0,150.4,1,19,19,4,8,1,0,0,1,1,1,21,0,0,0,0,0,0,1.79,0.5,12.4,0
1,1,1,9254,1,1,123.0,117.8,1,38,19,9,4,0,0,0,1,1,0,19,0,0,6,10,4,0,1.74,1.4,10.8,0
1,39,1,9254,1,19,133.1,102.5,1,38,37,4,5,0,0,1,0,1,0,24,0,0,6,7,0,0,-0.92,0.3,16.2,1
1,39,1,9130,1,1,130.0,110.0,1,19,1,191,144,0,0,0,1,1,0,24,0,0,6,11,6,0,-0.92,0.3,16.2,0
1,39,1,9085,1,12,133.1,138.3,1,38,19,9,8,1,0,1,0,1,0,25,0,0,6,6,0,0,3.51,1.4,8.9,0
1,39,1,9254,1,1,150.0,122.3,1,3,1,3,4,0,0,0,1,1,0,28,0,0,6,10,6,0,0.79,-0.3,13.9,0
2,39,1,9991,0,1,130.0,127.8,1,37,37,9,9,0,0,0,1,1,0,37,0,0,5,7,4,0,0.32,2.6,7.6,0
1,43,1,9119,1,1,128.0,100.0,1,1,38,4,7,0,0,0,1,1,0,19,0,0,5,8,5,0,0.79,-0.3,13.9,0
1,17,4,9500,1,1,133.0,126.4,1,38,37,5,7,1,0,0,1,1,1,18,0,0,7,7,7,0,2.02,0.6,11.1,0
1,39,1,9254,1,19,133.1,100.0,1,37,37,90,90,0,0,0,1,1,0,48,0,0,6,13,3,0,0.32,2.6,7.6,1
1,17,4,9238,1,1,129.0,117.1,1,37,37,9,8,1,0,0,1,1,0,21,0,0,6,6,6,0,3.51,1.4,8.9,0
1,17,1,9500,1,1,128.0,124.7,1,1,1,4,5,0,0,0,1,1,1,19,0,0,7,11,6,0,-4.06,2.8,15.5,0
1,43,2,9500,1,1,136.0,124.1,1,19,1,9,10,0,0,0,1,1,1,21,0,0,8,8,0,8,-3.12,-0.8,9.4,0
1,44,1,9119,1,1,130.0,129.4,1,37,12,9,8,1,0,1,0,1,0,23,0,0,5,6,0,0,0.79,-0.3,13.9,1
1,1,1,9130,1,1,141.0,138.9,1,1,1,4,10,1,0,0,1,1,0,18,0,0,5,5,5,0,1.74,1.4,10.8,0
1,44,1,9238,1,39,140.0,138.6,1,1,1,4,3,0,0,0,1,1,0,22,0,3,6,7,6,0,0.79,-0.3,13.9,1
1,16,1,171,1,1,122.0,133.9,1,19,37,9,7,1,0,0,1,1,0,25,0,9,13,16,10,0,1.79,0.5,12.4,1
1,7,1,9085,1,40,140.0,140.0,1,5,3,2,2,0,0,1,1,1,0,27,0,8,13,13,8,2,2.02,0.6,11.1,1
1,39,1,9119,1,12,133.1,95.1,1,34,34,0,0,0,0,0,0,1,0,49,0,0,5,5,0,0,1.74,1.4,10.8,1
1,39,1,9991,0,1,120.0,128.2,1,19,37,5,5,0,0,0,0,1,0,31,0,0,5,5,2,0,-1.7,3.7,12.7,1
1,39,1,9254,1,1,133.1,121.5,1,37,37,9,6,0,0,0,1,1,0,54,0,0,6,9,6,0,-0.92,0.3,16.2,1
1,7,1,33,1,40,120.0,120.0,1,38,37,5,6,1,0,1,0,1,0,25,0,18,21,26,21,0,2.02,0.6,11.1,1
1,44,1,9003,1,39,130.0,130.0,1,5,3,2,2,0,0,0,1,1,0,20,0,1,7,13,3,0,-4.06,2.8,15.5,0
1,7,1,9070,1,3,120.0,120.0,1,4,4,2,2,0,0,0,1,1,0,28,0,0,6,9,2,0,-1.7,3.7,12.7,1
2,39,1,8014,0,19,133.1,107.0,1,37,37,9,6,0,0,0,1,1,0,41,0,1,7,7,7,0,-1.7,3.7,12.7,0
1,1,2,9670,1,1,122.0,116.1,1,1,19,4,4,0,0,0,1,1,1,19,0,0,6,10,6,0,2.02,0.6,11.1,0
1,43,1,9147,1,1,123.0,114.4,1,1,1,4,4,0,0,0,1,1,0,22,0,0,5,6,0,0,-4.06,2.8,15.5,1
1,1,1,9254,1,1,178.0,157.7,1,2,1,2,3,0,0,0,1,1,0,34,0,0,6,13,2,0,-4.06,2.8,15.5,1
1,39,1,9003,1,1,130.0,150.0,1,38,38,9,9,0,0,1,0,1,0,28,0,5,11,14,11,0,2.02,0.6,11.1,1
1,1,1,9853,1,1,110.0,114.3,1,37,37,9,4,1,0,0,1,1,0,42,0,0,6,9,5,0,0.32,2.6,7.6,0
1,18,1,9085,1,1,106.0,104.6,1,1,19,3,5,0,0,0,0,1,0,21,0,0,6,10,5,0,2.02,0.6,11.1,0
1,7,1,9003,1,3,140.0,140.0,1,39,39,9,4,0,0,0,1,1,0,50,0,2,6,8,2,0,-4.06,2.8,15.5,1
1,1,4,9147,1,1,108.0,109.1,1,3,1,3,4,1,0,0,1,1,0,19,0,0,5,5,0,0,1.79,0.5,12.4,1
1,43,1,9500,1,1,120.0,120.6,1,3,4,2,4,0,0,0,1,1,0,18,0,0,7,12,4,0,-0.92,0.3,16.2,1
2,39,1,9991,0,1,100.0,161.9,1,37,37,1,1,0,0,0,1,1,0,59,0,0,5,7,0,0,-0.92,0.3,16.2,1
2,7,1,9991,0,3,140.0,140.0,1,34,34,99,99,1,0,0,0,1,0,33,0,0,5,5,0,0,0.32,2.6,7.6,1
1,17,2,9070,1,1,133.1,178.0,1,37,38,9,10,1,0,0,1,1,1,23,0,0,6,8,6,0,-3.12,-0.8,9.4,0
2,39,1,9991,0,19,133.1,138.3,1,37,1,5,5,0,0,0,1,1,0,44,0,0,5,9,3,0,0.79,-0.3,13.9,1
2,1,4,8014,0,1,140.0,128.0,1,34,34,0,0,1,0,0,1,1,0,37,0,0,6,0,0,0,-3.12,-0.8,9.4,1
2,39,1,171,1,19,100.0,139.0,1,37,37,9,9,0,0,0,1,1,0,36,0,0,0,0,0,0,1.74,1.4,10.8,1
1,1,2,9991,0,1,123.0,113.2,1,1,3,4,2,0,0,0,0,1,0,22,0,0,5,7,3,0,0.32,2.6,7.6,1
2,39,1,8014,0,19,133.1,139.0,1,37,37,6,6,0,0,0,1,1,0,49,0,0,6,8,6,0,1.79,0.5,12.4,0
1,51,1,9773,1,1,135.0,110.0,1,1,42,5,3,1,0,0,1,1,0,23,0,0,6,7,6,0,2.02,0.6,11.1,0
1,1,1,9070,1,1,132.0,136.6,1,1,1,4,9,1,0,0,1,1,0,19,0,0,6,7,5,0,0.32,2.6,7.6,0
2,43,1,8014,0,1,120.0,161.1,1,37,37,5,5,0,0,0,1,1,0,47,0,0,6,9,6,0,-0.92,0.3,16.2,1
1,43,1,9003,1,1,130.0,130.0,1,1,2,4,2,0,0,0,1,1,0,28,0,9,18,36,17,1,-4.06,2.8,15.5,0
1,44,1,9003,1,39,140.0,140.0,1,1,38,9,6,0,0,0,1,1,0,21,0,0,6,13,4,0,-4.06,2.8,15.5,0
1,1,1,9254,1,1,133.1,121.0,1,38,1,9,9,0,0,1,0,1,0,21,0,0,6,9,5,0,3.51,1.4,8.9,1
1,43,1,9238,1,39,120.0,118.6,1,2,1,1,2,0,0,0,1,1,0,21,0,9,11,14,10,0,0.79,-0.3,13.9,0
1,1,1,9070,1,1,140.0,138.3,1,19,38,4,4,0,0,0,1,1,0,20,0,1,6,8,6,1,0.79,-0.3,13.9,0
2,42,1,9147,1,1,133.1,115.8,1,37,37,9,9,0,0,0,0,1,0,49,0,0,5,5,0,0,1.74,1.4,10.8,1
1,39,1,9991,0,1,120.0,160.0,1,19,37,6,8,0,0,0,1,1,0,40,0,0,5,5,5,0,-4.06,2.8,15.5,0
1,17,1,9254,1,1,125.0,114.5,1,1,1,3,3,0,0,0,1,1,1,22,0,0,6,8,6,0,2.02,0.6,11.1,0
1,42,1,9119,1,1,136.0,117.5,1,1,37,5,5,0,0,0,1,1,0,19,0,2,5,6,4,0,-4.06,2.8,15.5,0
1,39,1,9991,0,1,133.1,121.7,1,3,38,2,7,0,0,0,1,1,0,31,0,0,5,5,0,0,0.79,-0.3,13.9,1
1,42,1,9119,1,1,120.0,115.0,1,5,5,2,2,0,0,0,1,1,0,30,0,1,6,9,2,0,-4.06,2.8,15.5,1
1,1,1,9238,1,1,127.0,125.3,1,37,37,5,10,0,0,0,1,1,0,19,0,0,6,9,5,0,0.32,2.6,7.6,0
1,18,1,9147,1,1,131.0,131.0,1,34,34,90,90,0,0,0,1,1,0,22,0,0,5,11,3,0,-3.12,-0.8,9.4,1
1,1,1,9773,1,1,127.0,126.3,1,19,37,9,9,0,0,0,1,1,0,19,0,0,6,8,6,0,-4.06,2.8,15.5,0
1,17,1,171,1,1,132.0,127.1,1,1,37,4,9,0,0,0,0,1,0,21,0,0,0,0,0,0,0.32,2.6,7.6,1
1,17,3,9670,1,1,137.0,138.4,1,1,38,4,7,0,0,0,1,1,0,19,0,0,6,8,6,0,2.02,0.6,11.1,0
1,43,2,9147,1,1,126.0,100.0,1,1,19,3,3,1,0,0,1,1,0,22,0,0,5,11,0,0,-0.92,0.3,16.2,1
1,1,1,9238,1,1,136.0,126.2,1,4,5,2,2,0,0,0,1,1,0,22,0,0,6,10,5,0,1.74,1.4,10.8,0
1,1,1,9238,1,1,124.0,118.8,1,1,1,4,4,0,0,0,1,1,0,19,0,0,6,12,4,0,-3.12,-0.8,9.4,0
1,39,1,9254,1,39,137.0,124.5,1,1,1,5,10,0,0,0,0,1,0,26,0,0,6,0,0,0,-0.92,0.3,16.2,1
1,44,1,9119,1,39,140.0,140.0,1,5,41,3,2,0,0,0,1,1,0,23,0,3,7,12,3,0,1.79,0.5,12.4,0
1,17,1,9070,1,1,131.0,125.1,1,19,19,7,7,0,0,0,1,1,0,18,0,0,6,7,6,0,-0.92,0.3,16.2,0
1,1,1,9147,1,1,130.0,118.8,1,37,37,9,9,0,0,1,1,1,1,22,0,0,5,8,5,0,-4.06,2.8,15.5,0
1,18,5,9119,1,1,136.0,125.2,1,3,2,2,3,1,0,0,1,1,0,19,0,0,5,9,5,0,1.79,0.5,12.4,0
1,17,1,9147,1,1,133.1,95.0,1,1,19,4,8,0,0,0,1,1,0,20,0,0,5,14,0,0,2.02,0.6,11.1,1
1,1,3,9070,1,1,110.0,107.6,1,37,37,9,9,1,0,0,1,1,1,22,0,0,6,6,6,0,0.32,2.6,7.6,0
1,7,1,9130,1,3,140.0,140.0,1,2,38,2,3,1,0,0,0,1,0,18,0,2,5,7,2,0,-1.7,3.7,12.7,1
4,43,2,9991,0,38,133.1,125.4,1,3,1,2,9,0,0,0,1,1,0,39,0,0,2,5,0,0,1.74,1.4,10.8,1
1,1,1,9500,1,1,141.0,128.0,1,19,1,90,90,0,0,0,1,1,0,18,0,0,8,8,0,3,1.74,1.4,10.8,1
1,17,3,9119,1,1,130.0,129.3,1,1,38,3,3,0,0,0,1,1,1,18,0,0,5,5,5,0,3.51,1.4,8.9,0
1,1,1,9238,1,1,160.0,152.0,1,19,38,9,9,0,0,0,1,1,1,19,0,0,6,7,6,0,0.79,-0.3,13.9,0
1,1,1,9500,1,1,140.0,128.8,1,1,19,9,9,0,0,0,1,1,0,18,0,0,7,7,6,0,1.79,0.5,12.4,0
1,1,1,9147,1,1,150.0,152.8,1,34,19,0,4,1,0,0,1,1,1,18,0,0,5,7,4,0,0.32,2.6,7.6,1
1,44,1,9130,1,39,150.0,150.0,1,37,37,6,6,1,0,0,1,1,0,22,0,0,5,7,4,0,1.74,1.4,10.8,0
1,1,1,9238,1,1,133.1,112.0,1,1,1,3,4,0,0,0,1,1,0,19,0,0,6,7,6,0,1.79,0.5,12.4,0
1,1,1,9130,1,1,152.0,135.6,1,19,37,9,8,1,0,0,1,1,0,18,0,0,5,5,5,0,-1.7,3.7,12.7,1
1,39,1,9119,1,19,133.1,134.4,1,1,1,4,3,0,0,1,0,1,0,31,0,0,5,9,2,0,-0.92,0.3,16.2,1
1,39,1,9991,0,1,130.0,120.5,1,3,1,3,3,0,0,0,1,1,0,28,0,0,5,5,0,0,-1.7,3.7,12.7,1
1,1,1,9070,1,1,148.0,141.4,1,1,1,4,8,0,0,0,1,1,0,19,0,0,6,0,0,0,-4.06,2.8,15.5,1
1,17,1,9254,1,1,148.0,145.2,1,1,1,4,8,0,0,0,1,1,0,20,0,0,6,7,6,0,-0.92,0.3,16.2,0
4,39,1,9238,1,1,130.0,140.0,1,19,3,9,2,0,0,0,1,1,0,50,0,0,6,7,4,0,3.51,1.4,8.9,1
1,43,1,9070,1,1,160.0,100.0,1,1,2,4,2,0,0,0,1,1,0,38,0,1,6,9,5,1,0.79,-0.3,13.9,0
2,39,1,9991,0,1,130.0,140.0,1,37,37,9,9,1,0,0,1,1,0,31,0,0,5,8,1,0,-3.12,-0.8,9.4,1
1,39,1,9500,1,1,110.0,126.0,1,1,37,9,9,1,0,0,1,1,0,27,0,0,7,7,7,0,0.32,2.6,7.6,0
1,18,1,9238,1,1,122.0,112.6,1,1,3,9,2,1,0,0,1,1,0,21,0,0,6,9,6,0,-1.7,3.7,12.7,0
2,39,1,9119,1,1,110.0,106.8,1,37,37,9,9,0,0,0,1,1,0,34,0,0,5,8,1,0,3.51,1.4,8.9,1
1,51,1,9119,1,1,129.0,121.6,1,2,37,2,9,1,0,0,1,1,0,19,0,0,5,10,0,0,0.32,2.6,7.6,0
2,39,1,9991,0,1,110.0,120.0,1,37,37,1,4,1,0,0,0,1,0,40,0,0,5,10,2,0,-3.12,-0.8,9.4,1
1,1,1,171,1,1,170.0,160.6,1,38,19,9,2,1,0,0,1,1,1,18,0,0,0,0,0,0,-1.7,3.7,12.7,0
2,39,1,9070,1,12,110.0,130.0,1,37,38,5,10,0,0,1,0,1,1,46,0,0,6,6,0,0,-4.06,2.8,15.5,1
1,43,5,8014,0,1,110.0,110.0,1,34,34,0,0,0,0,0,1,1,0,37,0,0,6,12,0,0,0.32,2.6,7.6,1
1,39,1,9003,1,1,133.1,110.0,1,19,37,9,7,1,0,0,1,1,0,31,0,0,6,8,0,0,-0.92,0.3,16.2,1
1,39,1,9003,1,1,133.1,145.8,1,1,19,4,10,0,0,0,1,1,0,34,0,0,6,15,5,0,1.79,0.5,12.4,0
1,1,6,171,1,1,126.0,130.2,1,10,10,4,4,1,0,0,1,1,1,18,0,0,0,0,0,0,-3.12,-0.8,9.4,1
1,1,1,9670,1,1,137.0,122.3,1,38,37,9,9,0,0,0,1,1,1,18,0,0,6,7,6,0,1.79,0.5,12.4,0
1,17,4,9070,1,1,117.0,125.4,1,1,1,3,3,1,0,0,1,1,1,19,0,0,6,6,6,0,2.02,0.6,11.1,0
1,43,1,9991,0,1,100.0,130.0,1,37,19,9,4,0,0,0,1,1,0,40,0,1,5,6,4,0,-4.06,2.8,15.5,1
1,39,1,9130,1,1,120.0,150.0,1,1,38,9,9,0,0,0,1,1,0,25,0,0,6,6,0,0,1.79,0.5,12.4,1
1,17,5,9119,1,1,126.0,116.9,1,38,38,5,9,1,0,1,1,1,0,20,0,0,5,5,4,0,2.02,0.6,11.1,1
1,17,1,9119,1,1,122.0,114.7,1,19,19,9,9,0,0,0,1,1,0,20,0,0,5,6,5,0,2.02,0.6,11.1,0
1,39,1,9003,1,1,111.0,95.8,1,37,37,9,10,1,0,0,0,1,0,43,0,0,6,0,0,0,-4.06,2.8,15.5,1
1,17,4,9119,1,1,139.0,133.1,1,37,19,9,4,1,0,0,1,1,0,18,0,0,5,8,4,0,0.32,2.6,7.6,0
1,43,1,9003,1,1,150.0,150.0,1,2,4,4,1,0,0,0,1,1,0,35,0,16,18,22,18,0,-4.06,2.8,15.5,0
1,17,2,9991,0,1,116.0,118.5,1,37,19,9,4,0,0,0,1,1,0,23,0,0,5,6,4,0,0.32,2.6,7.6,0
1,17,1,9500,1,1,130.0,131.1,1,3,3,2,2,0,0,0,1,1,0,19,0,0,7,8,7,0,1.79,0.5,12.4,0
1,53,1,9085,1,42,150.0,150.3,1,1,19,3,8,1,0,0,1,1,1,21,0,7,11,15,9,0,3.51,1.4,8.9,0
1,43,1,9670,1,1,132.0,120.5,1,3,19,4,8,0,0,0,1,1,0,19,0,0,6,17,4,0,0.79,-0.3,13.9,0
1,18,1,9119,1,1,108.0,105.6,1,1,1,4,3,1,0,0,1,1,0,20,0,0,5,7,5,0,1.79,0.5,12.4,0
1,39,1,9670,1,1,133.1,125.3,1,19,19,3,3,0,1,0,1,1,1,30,0,0,6,0,0,0,1.79,0.5,12.4,1
4,39,1,9254,1,1,120.0,131.0,1,37,19,9,9,1,0,0,1,1,0,44,0,0,6,6,6,0,1.79,0.5,12.4,0
1,18,1,9500,1,1,146.0,127.0,1,19,3,4,9,0,0,0,1,1,0,19,0,0,8,8,7,0,-1.7,3.7,12.7,0
1,44,1,9130,1,39,150.0,150.0,1,2,1,3,6,1,0,0,1,1,0,22,0,11,18,32,12,1,-0.92,0.3,16.2,0
1,1,1,9130,1,1,160.0,149.2,1,3,3,1,2,0,0,0,1,1,0,18,0,0,5,7,4,0,0.32,2.6,7.6,0
1,17,1,9670,1,1,125.0,121.5,1,37,37,9,9,1,0,0,1,1,1,21,0,0,6,8,4,0,-1.7,3.7,12.7,0
1,1,2,9085,1,1,125.0,137.3,1,37,19,90,90,0,0,0,1,1,0,18,0,0,6,0,0,0,0.32,2.6,7.6,1
1,17,4,9670,1,1,122.0,119.6,1,3,1,2,3,1,0,0,1,1,0,18,0,0,6,8,6,0,2.02,0.6,11.1,0
1,1,1,171,1,1,138.0,141.5,1,1,1,4,3,0,0,0,1,1,0,19,0,0,0,0,0,0,0.32,2.6,7.6,0
1,44,1,9003,1,39,150.0,150.0,1,1,38,6,6,1,0,0,1,1,0,21,0,0,6,12,4,0,-0.92,0.3,16.2,1
1,39,1,9003,1,1,140.0,110.0,1,3,3,2,2,0,0,0,1,1,0,31,0,0,6,8,6,0,-0.92,0.3,16.2,0
1,17,5,9254,1,1,113.0,110.2,1,1,1,2,3,1,0,0,1,1,0,21,0,0,6,10,4,0,-3.12,-0.8,9.4,1
1,39,1,9119,1,1,139.0,110.3,1,19,19,9,7,0,0,1,1,1,0,24,0,0,5,12,1,0,3.51,1.4,8.9,0
1,42,1,9773,1,1,133.1,120.0,1,19,6,4,3,0,0,0,1,1,0,27,0,0,4,8,0,0,-3.12,-0.8,9.4,1
1,1,5,9147,1,1,118.0,114.2,1,19,19,9,9,1,0,0,1,1,0,20,0,0,5,9,3,0,1.79,0.5,12.4,0
1,44,1,9119,1,39,140.0,140.0,1,1,19,4,5,1,0,0,1,1,0,22,0,0,5,9,0,0,1.74,1.4,10.8,0
1,1,1,9003,1,1,144.0,132.8,1,19,19,9,9,0,0,0,1,1,1,19,0,0,6,9,4,2,-4.06,2.8,15.5,0
1,18,1,9773,1,1,125.0,121.5,1,1,1,4,7,1,0,0,1,1,0,19,0,0,6,6,6,0,3.51,1.4,8.9,0
1,1,1,171,1,1,131.0,127.2,1,1,1,7,4,1,0,1,1,1,0,23,0,13,17,19,13,0,2.02,0.6,11.1,0
1,17,1,9130,1,1,131.0,128.2,1,12,12,2,8,1,0,0,1,1,0,18,0,0,6,7,6,0,1.79,0.5,12.4,0
1,1,1,9773,1,1,140.0,133.4,1,3,2,4,6,1,0,0,0,1,0,29,0,0,6,8,6,0,2.02,0.6,11.1,0
1,39,1,9130,1,1,133.1,120.0,1,1,19,4,5,1,0,0,1,1,0,29,0,0,5,11,1,2,1.74,1.4,10.8,1
1,44,1,9003,1,1,140.0,140.0,1,1,1,4,5,0,0,0,1,1,0,20,0,0,6,11,6,0,-0.92,0.3,16.2,0
1,1,5,171,1,1,139.0,136.9,1,19,3,9,2,1,0,0,1,1,1,19,0,0,0,0,0,0,-3.12,-0.8,9.4,0
1,17,3,171,1,1,125.0,117.0,1,3,39,2,5,1,1,0,1,1,0,22,0,0,0,0,0,0,1.74,1.4,10.8,0
1,1,2,9670,1,1,117.0,110.7,1,3,1,3,5,1,0,0,1,1,0,20,0,0,6,10,5,0,2.02,0.6,11.1,0
1,39,1,9130,1,1,150.0,160.0,1,19,19,9,5,1,0,0,1,1,0,24,0,0,5,13,4,1,-3.12,-0.8,9.4,0
1,1,1,9670,1,1,95.0,95.0,1,37,37,5,8,0,0,0,0,1,0,21,0,0,6,9,4,0,-1.7,3.7,12.7,1
1,39,1,9147,1,1,150.0,148.8,1,37,1,7,3,0,0,0,1,1,1,25,0,0,5,7,4,0,-1.7,3.7,12.7,0
1,39,1,9147,1,1,120.0,110.0,1,37,37,9,9,0,0,0,0,1,0,32,0,0,5,9,0,1,-3.12,-0.8,9.4,1
1,43,1,9991,0,1,136.0,133.9,1,3,4,2,2,0,0,0,0,1,0,26,0,8,12,12,8,0,0.32,2.6,7.6,1
1,1,1,9130,1,1,133.0,125.7,1,2,37,9,7,1,0,0,1,1,1,18,0,0,6,7,6,0,1.79,0.5,12.4,0
1,17,1,9254,1,1,125.0,116.6,1,1,19,4,7,0,0,0,1,1,1,19,0,0,6,8,5,0,-0.92,0.3,16.2,0
1,1,3,9070,1,1,127.0,141.0,1,19,38,5,7,1,0,0,1,1,1,19,0,0,6,6,6,0,1.79,0.5,12.4,0
1,7,1,9119,1,40,130.0,130.0,1,1,1,4,4,0,0,0,1,1,0,27,0,4,6,6,6,0,2.02,0.6,11.1,1
1,53,1,9003,1,1,130.0,130.0,1,19,1,9,9,0,0,1,1,1,0,21,0,7,12,20,10,0,3.51,1.4,8.9,0
1,17,1,9119,1,1,127.0,115.8,1,19,1,4,5,0,0,0,1,1,0,20,0,0,5,10,4,0,0.79,-0.3,13.9,0
1,44,1,9070,1,39,140.0,140.0,1,19,38,4,0,1,0,0,1,1,0,21,0,0,6,6,6,0,1.79,0.5,12.4,0
1,1,5,9773,1,1,125.0,126.1,1,37,3,5,2,1,0,0,1,1,0,22,0,0,6,10,5,0,-3.12,-0.8,9.4,0
1,1,1,171,1,1,135.0,137.5,1,1,38,5,7,1,0,1,0,1,0,19,0,0,0,0,0,0,-1.7,3.7,12.7,0
1,17,4,9147,1,1,132.0,120.8,1,38,19,5,5,1,0,0,1,1,1,18,0,0,5,8,4,0,2.02,0.6,11.1,1
1,39,2,9238,1,1,110.0,136.5,1,19,1,5,5,0,0,0,1,1,0,28,0,0,5,6,0,0,0.79,-0.3,13.9,1
2,39,1,9003,1,1,130.0,122.0,1,1,37,9,1,0,0,1,0,1,0,25,0,3,10,23,6,0,-4.06,2.8,15.5,1
1,43,1,9003,1,1,130.0,130.0,1,37,1,5,4,0,0,0,1,1,0,25,0,8,14,24,8,2,-4.06,2.8,15.5,1
1,1,1,9147,1,1,135.0,126.3,1,38,19,9,5,0,0,0,1,1,0,18,0,0,5,11,2,0,3.51,1.4,8.9,0
1,1,1,9254,1,1,133.1,98.0,1,4,19,4,5,0,0,0,1,1,0,26,0,0,6,6,0,0,1.74,1.4,10.8,1
1,17,3,9147,1,1,135.0,121.0,1,37,37,6,5,1,0,0,1,1,1,18,0,0,5,8,5,0,0.79,-0.3,13.9,0
1,43,1,9773,1,1,128.0,124.2,1,19,38,9,7,1,0,0,1,1,0,22,0,0,6,17,3,3,-4.06,2.8,15.5,0
1,39,1,9003,1,1,140.0,130.0,1,1,3,4,5,0,0,0,1,1,0,25,0,0,6,8,0,0,-0.92,0.3,16.2,1
1,1,2,9773,1,1,135.0,136.1,1,3,1,4,4,1,0,0,1,1,0,19,0,0,6,9,5,0,3.51,1.4,8.9,0
1,17,2,9773,1,1,131.0,132.8,1,3,19,2,3,1,0,0,1,1,0,19,0,0,6,7,6,0,0.79,-0.3,13.9,0
1,17,1,9500,1,1,131.0,126.3,1,1,1,5,5,0,0,0,1,1,0,19,0,0,7,9,7,0,-0.92,0.3,16.2,0
4,39,1,8014,0,19,100.0,111.5,1,1,37,9,1,0,0,0,1,1,0,45,0,2,8,10,4,0,1.74,1.4,10.8,1
2,39,1,9991,0,1,140.0,118.2,1,37,37,9,9,0,0,0,1,1,0,52,0,0,5,7,5,0,0.32,2.6,7.6,0
1,1,1,9147,1,1,124.0,115.6,1,19,19,9,3,1,0,0,0,1,0,20,0,0,5,9,3,1,-3.12,-0.8,9.4,1
1,1,1,9500,1,1,130.0,117.8,1,38,37,5,10,1,0,0,1,1,0,19,0,0,8,8,7,0,1.74,1.4,10.8,0
1,1,1,9500,1,1,142.0,127.0,1,1,38,9,9,0,0,1,0,1,0,21,0,0,7,12,4,0,1.79,0.5,12.4,1
2,39,1,8014,0,1,150.0,140.0,1,37,37,9,9,0,0,0,0,1,0,35,0,0,6,6,6,0,-3.12,-0.8,9.4,0
2,39,1,171,1,12,110.0,106.0,1,37,37,7,7,1,0,0,1,1,0,36,0,0,0,0,0,0,0.32,2.6,7.6,0
4,39,1,9500,1,19,110.0,151.0,1,37,38,5,5,0,0,1,0,1,0,47,0,0,7,7,0,7,-4.06,2.8,15.5,1
1,18,1,9991,0,1,112.0,106.4,1,43,40,2,2,0,0,0,1,1,0,22,0,0,5,0,0,0,3.51,1.4,8.9,1
2,39,1,9991,0,1,100.0,125.3,1,37,37,9,9,1,0,0,1,1,0,41,0,0,5,8,4,0,0.32,2.6,7.6,1
1,7,1,9119,1,3,130.0,130.0,1,34,34,90,90,0,0,0,1,1,0,26,0,0,5,5,0,0,1.74,1.4,10.8,1
2,39,1,8014,0,1,133.1,116.0,1,34,34,90,90,0,0,0,0,0,0,51,0,0,6,13,4,0,1.74,1.4,10.8,1
2,39,2,9991,0,1,150.0,120.0,1,37,37,9,9,0,0,0,1,0,0,43,0,0,5,11,3,0,-3.12,-0.8,9.4,0
2,39,2,8014,0,1,100.0,100.0,1,34,34,0,0,1,0,0,1,0,0,41,0,0,6,9,5,0,0.32,2.6,7.6,0
1,43,2,9147,1,1,130.0,118.5,1,34,37,9,9,1,0,0,1,1,0,23,0,5,10,19,8,1,0.32,2.6,7.6,0
1,43,2,9238,1,1,129.0,118.9,1,34,30,0,5,1,0,0,1,1,0,22,0,0,6,11,0,0,-3.12,-0.8,9.4,1
1,17,2,9070,1,1,127.0,119.3,1,37,37,9,9,1,1,0,1,1,1,25,0,0,6,8,4,0,-1.7,3.7,12.7,1
1,43,1,9991,0,1,140.0,135.8,1,37,37,9,9,1,0,0,1,1,0,25,0,14,15,16,15,0,-3.12,-0.8,9.4,0
1,53,1,171,1,42,130.0,130.0,1,1,19,9,9,1,0,0,0,1,1,22,0,5,12,15,11,0,3.51,1.4,8.9,0
1,39,1,9003,1,1,133.1,129.8,6,1,1,192,144,0,0,0,1,1,0,24,1,0,7,7,7,0,3.51,1.4,8.9,0
1,39,1,9085,1,2,140.0,150.0,1,38,38,9,10,0,0,0,1,1,0,47,0,0,6,0,0,0,-0.92,0.3,16.2,1
2,39,1,9991,0,19,133.1,111.9,1,37,37,5,5,1,0,0,1,1,0,41,0,0,5,5,0,0,0.32,2.6,7.6,1
1,39,1,9003,1,1,120.0,150.1,1,37,37,9,9,1,0,0,1,1,0,43,0,0,6,9,6,0,0.79,-0.3,13.9,0
1,39,1,9003,1,1,133.1,130.0,1,1,37,9,8,0,0,0,1,1,0,29,0,0,3,4,0,0,-0.92,0.3,16.2,1
1,39,2,9119,1,1,120.0,128.0,1,37,37,5,5,0,0,0,1,1,0,30,0,0,2,2,0,0,0.32,2.6,7.6,1
1,39,2,9147,1,38,133.1,102.5,1,19,38,9,9,0,0,0,0,1,0,26,0,0,4,4,0,0,-1.7,3.7,12.7,1
1,39,2,9991,0,1,133.1,102.5,1,19,38,9,9,0,0,0,0,1,0,27,0,0,5,10,0,0,-4.06,2.8,15.5,1
2,39,2,9670,1,1,100.0,110.0,1,37,37,9,9,0,0,0,1,1,1,36,0,0,5,5,5,0,-3.12,-0.8,9.4,0
1,39,1,9003,1,19,133.1,114.0,1,1,19,4,10,0,0,0,1,1,0,29,0,3,9,13,6,0,-4.06,2.8,15.5,1
1,42,1,9119,1,1,120.0,128.2,1,34,34,0,0,1,0,0,1,1,0,35,0,6,10,12,7,0,-3.12,-0.8,9.4,1
1,1,1,9773,1,1,128.0,116.5,1,38,38,6,3,0,0,0,1,1,1,18,0,0,6,12,4,0,1.74,1.4,10.8,0
1,1,1,9991,0,1,172.0,149.3,1,38,37,9,9,0,0,0,1,1,1,24,0,0,5,5,5,0,3.51,1.4,8.9,0
1,1,3,9773,1,1,146.0,134.1,1,38,38,9,7,1,0,0,1,1,1,18,0,0,6,6,6,0,1.74,1.4,10.8,1
1,17,4,9119,1,1,135.0,126.6,1,38,37,5,7,1,0,0,1,1,0,18,0,0,5,7,4,0,0.32,2.6,7.6,0
2,43,1,9085,1,1,160.0,120.0,1,37,37,9,7,0,0,0,1,1,0,21,0,0,5,11,0,2,-3.12,-0.8,9.4,0
1,42,1,9119,1,1,150.0,133.5,1,38,37,5,8,1,0,0,1,1,0,21,0,0,5,10,5,0,-3.12,-0.8,9.4,0
1,39,1,9003,1,1,130.0,110.0,1,1,3,2,6,0,0,0,1,1,0,32,0,8,18,27,13,1,-4.06,2.8,15.5,0
1,1,4,9119,1,1,111.0,107.5,1,37,37,9,5,1,0,0,1,1,1,22,0,0,5,9,3,0,2.02,0.6,11.1,1
1,7,1,9003,1,3,130.0,130.0,1,1,38,9,7,1,0,0,0,1,0,32,0,11,17,31,11,4,-4.06,2.8,15.5,1
1,43,1,9670,1,6,170.0,111.6,1,34,34,0,0,0,0,0,1,1,0,35,0,1,5,5,1,0,-3.12,-0.8,9.4,1
1,18,3,9147,1,1,133.1,101.0,1,1,38,4,7,1,0,0,0,1,0,23,0,0,5,0,0,0,3.51,1.4,8.9,1
1,39,1,8014,0,1,100.0,108.3,1,37,37,6,6,0,0,0,1,1,0,39,0,0,6,8,5,0,0.32,2.6,7.6,0
2,43,1,9670,1,1,120.0,128.2,1,34,34,0,0,0,0,0,1,1,0,35,0,0,5,5,0,0,-3.12,-0.8,9.4,1
2,39,1,9003,1,3,110.0,150.0,1,3,19,4,6,0,0,0,1,1,0,32,0,0,6,8,6,0,-0.92,0.3,16.2,0
1,1,1,9853,1,1,133.1,142.8,1,34,34,0,0,0,0,0,1,1,0,20,0,0,6,12,0,0,0.32,2.6,7.6,1
1,39,1,9500,1,1,120.0,100.0,1,37,37,9,9,0,0,0,1,1,0,34,0,0,7,15,6,0,-0.92,0.3,16.2,0
1,7,1,9991,0,40,150.0,150.0,1,37,37,6,6,1,0,0,1,1,0,44,0,3,7,9,7,0,3.51,1.4,8.9,1
2,39,1,9254,1,19,133.1,156.5,1,37,19,9,10,0,0,0,1,1,0,53,0,7,11,12,2,7,-0.92,0.3,16.2,0
1,39,1,9119,1,19,120.0,98.6,1,37,37,9,4,0,0,1,0,1,0,28,0,0,5,10,0,0,1.79,0.5,12.4,1
1,7,1,9991,0,3,130.0,130.0,1,37,37,9,9,0,0,0,1,1,0,31,0,9,9,9,9,0,-1.7,3.7,12.7,1
1,1,1,171,1,1,130.0,118.1,1,1,38,5,9,0,0,1,0,1,0,18,0,0,0,0,0,0,-3.12,-0.8,9.4,0
1,39,1,9003,1,1,100.0,120.0,1,1,3,9,10,0,0,1,0,1,0,44,0,2,7,14,4,2,-4.06,2.8,15.5,1
1,1,1,9085,1,1,142.0,127.7,1,1,1,9,9,1,0,0,1,1,0,19,0,0,5,9,5,1,-1.7,3.7,12.7,0
1,15,1,171,1,1,130.0,130.0,26,1,1,2,9,0,0,0,1,1,0,21,1,6,12,12,12,0,3.51,1.4,8.9,0
1,18,1,9119,1,1,148.0,147.7,1,3,19,3,5,0,0,0,1,1,1,18,0,0,5,5,0,0,-3.12,-0.8,9.4,1
1,44,1,9003,1,39,170.0,170.0,1,19,19,5,5,1,0,0,1,1,0,20,0,0,6,8,6,0,-0.92,0.3,16.2,0
1,39,1,9070,1,1,110.0,110.2,1,37,37,7,7,0,0,0,1,1,0,55,0,0,6,6,6,0,2.02,0.6,11.1,0
1,1,1,9147,1,1,166.0,146.4,1,19,37,4,8,0,0,0,1,1,0,27,0,0,5,12,3,0,0.32,2.6,7.6,0
1,17,2,9119,1,1,135.0,121.0,1,12,19,5,5,0,0,0,1,1,0,19,0,0,5,0,0,0,1.79,0.5,12.4,1
1,1,1,9147,1,1,133.0,129.9,1,19,37,9,9,0,0,0,1,1,0,18,0,0,5,5,5,0,1.79,0.5,12.4,0
2,39,1,9773,1,1,133.1,132.0,1,37,37,7,4,0,0,0,1,1,0,43,0,0,6,10,4,0,-4.06,2.8,15.5,1
1,18,3,9254,1,1,121.0,125.9,1,19,19,9,6,1,0,0,1,1,0,18,0,0,6,0,0,0,0.79,-0.3,13.9,1
1,1,1,171,1,1,159.0,165.7,1,3,3,2,2,1,0,0,1,1,0,18,0,0,0,0,0,0,-3.12,-0.8,9.4,1
1,17,5,9254,1,1,130.0,122.7,1,37,38,9,9,1,0,1,1,1,1,20,0,0,6,7,0,0,3.51,1.4,8.9,1
2,39,1,9991,0,1,121.0,141.4,1,37,19,9,9,0,0,1,0,1,0,29,0,0,5,7,4,0,1.74,1.4,10.8,1
1,39,1,9130,1,19,133.1,156.4,1,37,37,9,10,1,0,1,1,1,0,44,0,0,6,9,5,0,0.79,-0.3,13.9,1
1,1,1,9119,1,1,146.0,148.5,1,37,37,9,9,1,0,0,1,1,0,18,0,0,5,7,4,0,1.74,1.4,10.8,0
1,44,1,9003,1,39,140.0,140.0,1,37,37,9,1,0,0,0,1,1,1,20,0,0,6,11,5,0,-4.06,2.8,15.5,0
1,43,1,9070,1,1,125.0,131.7,1,38,37,8,7,1,0,0,1,1,0,20,0,3,6,6,4,0,1.79,0.5,12.4,1
2,39,2,9147,1,1,120.0,104.7,1,37,37,9,9,1,0,0,1,1,0,36,0,0,4,4,0,0,1.74,1.4,10.8,1
1,44,1,9130,1,39,150.0,150.0,1,5,1,2,5,1,0,0,1,1,0,19,0,1,6,13,5,0,0.79,-0.3,13.9,0
2,39,1,9085,1,19,110.0,110.0,1,37,37,90,90,0,0,0,0,1,0,29,0,0,5,5,0,0,-1.7,3.7,12.7,1
1,1,1,9670,1,1,120.0,129.1,1,1,1,9,9,1,0,0,1,1,0,18,0,0,6,6,4,0,1.74,1.4,10.8,1
1,39,1,9003,1,1,133.1,120.0,1,1,1,1,6,0,0,0,0,1,0,24,0,0,6,0,0,0,0.79,-0.3,13.9,1
1,1,1,9773,1,1,133.1,127.0,1,3,19,2,5,0,0,0,1,1,0,20,0,0,6,6,6,0,-4.06,2.8,15.5,0
2,39,1,8014,0,19,133.1,151.5,1,19,37,9,9,0,0,1,0,1,0,45,0,0,6,7,0,0,-0.92,0.3,16.2,1
1,43,2,9500,1,1,130.0,126.8,1,38,37,4,4,1,0,0,1,1,1,28,0,18,23,23,20,3,0.32,2.6,7.6,0
1,1,1,9254,1,1,160.0,140.8,1,19,38,9,9,1,0,0,1,1,0,23,0,0,6,8,6,0,0.32,2.6,7.6,0
1,1,1,9500,1,1,128.0,125.6,1,1,19,4,7,1,0,0,1,1,0,18,0,0,7,7,7,0,1.79,0.5,12.4,0
1,1,2,9147,1,1,140.0,127.8,1,19,19,9,4,1,0,0,1,1,0,23,0,0,5,7,3,1,-3.12,-0.8,9.4,1
1,43,1,171,1,1,120.0,120.0,1,3,3,2,2,1,0,0,1,1,0,22,0,0,0,0,0,0,0.32,2.6,7.6,0
1,1,1,9070,1,1,140.0,131.3,1,19,19,5,5,0,0,0,1,1,1,22,0,1,6,6,6,0,1.79,0.5,12.4,0
1,39,1,9991,0,12,120.0,155.7,1,37,38,5,5,0,0,0,1,1,0,33,0,0,5,5,5,0,1.74,1.4,10.8,0
1,53,1,9003,1,42,130.0,128.5,1,1,38,9,6,0,0,0,1,1,0,21,0,7,12,20,10,0,3.51,1.4,8.9,0
2,39,1,9147,1,1,100.0,170.0,1,37,37,9,5,0,0,0,1,1,0,45,0,0,5,6,5,0,-4.06,2.8,15.5,0
2,39,1,9003,1,1,133.1,100.0,1,37,37,9,9,0,0,0,0,1,0,44,0,4,10,10,4,0,-4.06,2.8,15.5,1
4,39,1,9670,1,1,110.0,107.2,1,19,19,90,99,0,0,0,1,1,0,42,0,0,6,0,0,0,-1.7,3.7,12.7,1
1,18,1,9147,1,1,147.0,139.3,1,19,1,9,7,1,0,0,1,1,0,20,0,0,5,0,0,0,1.79,0.5,12.4,1
1,17,6,9147,1,1,133.0,123.2,1,19,38,5,6,1,0,0,1,1,0,20,0,0,5,7,3,1,-3.12,-0.8,9.4,0
1,1,2,9254,1,1,137.0,122.3,1,1,38,2,8,1,0,0,1,1,1,20,0,0,6,7,6,0,3.51,1.4,8.9,0
1,17,2,9773,1,1,124.0,127.9,1,1,1,4,4,1,0,0,1,1,0,20,0,0,6,11,3,0,-3.12,-0.8,9.4,0
1,1,2,9147,1,1,128.0,120.3,1,1,1,9,6,0,0,0,1,1,0,19,0,0,5,9,5,0,3.51,1.4,8.9,0
1,51,1,8014,0,1,120.0,128.5,1,1,1,4,4,0,0,1,0,1,0,26,0,2,8,13,4,0,1.79,0.5,12.4,1
2,39,1,9003,1,1,133.1,150.0,1,37,37,8,7,0,0,0,1,1,0,31,0,0,6,10,6,0,0.79,-0.3,13.9,0
1,1,1,9773,1,1,142.0,136.1,1,1,19,9,9,0,0,1,1,1,1,19,0,0,6,6,6,0,-0.92,0.3,16.2,0
1,39,1,9773,1,19,100.0,128.0,1,37,37,0,0,1,0,0,1,1,0,28,0,0,6,7,6,0,0.32,2.6,7.6,0
1,1,1,171,1,1,149.0,158.1,1,19,37,9,9,1,0,0,1,1,1,20,0,0,0,0,0,0,1.74,1.4,10.8,0
2,1,2,8014,0,1,110.0,108.7,1,37,1,9,10,1,0,0,1,0,0,43,0,0,6,6,6,0,-3.12,-0.8,9.4,0
1,39,1,171,1,19,133.1,110.0,101,1,19,2,7,0,0,0,1,1,1,25,1,0,0,0,0,0,-4.06,2.8,15.5,1
1,39,1,9238,1,19,133.1,120.0,1,37,37,9,9,0,1,1,1,0,0,40,0,0,6,13,2,0,-0.92,0.3,16.2,1
1,44,1,9085,1,39,150.0,150.0,6,5,4,1,1,0,0,0,1,0,0,20,1,2,6,7,6,0,1.79,0.5,12.4,0
2,39,1,8014,0,12,133.1,113.0,1,37,37,9,1,0,0,0,1,0,0,46,0,0,6,13,3,0,2.02,0.6,11.1,0
1,51,1,33,1,1,121.0,118.6,1,19,37,5,7,0,0,0,1,0,0,26,0,14,21,23,20,0,3.51,1.4,8.9,0
2,39,1,9500,1,1,133.1,148.8,1,3,1,5,5,0,0,0,1,0,1,34,0,0,7,7,6,0,1.79,0.5,12.4,0
1,18,3,9853,1,1,122.0,120.3,1,38,37,9,5,1,0,0,1,0,0,19,0,0,6,0,0,0,1.74,1.4,10.8,1
1,1,6,9500,1,1,143.0,127.0,1,19,19,9,9,1,0,0,1,0,1,18,0,0,8,8,7,0,-1.7,3.7,12.7,0
1,1,1,9556,1,1,123.0,113.8,1,19,19,4,9,1,0,0,1,0,0,18,0,0,7,9,7,0,-1.7,3.7,12.7,0
1,39,1,8014,0,1,120.0,108.0,1,38,37,9,7,0,0,0,1,1,1,37,0,1,7,9,6,0,0.79,-0.3,13.9,0
1,17,1,171,1,1,114.0,129.1,1,19,38,9,7,0,0,0,1,1,1,23,0,0,0,0,0,0,-3.12,-0.8,9.4,0
1,43,1,9070,1,1,114.0,135.9,1,19,38,9,7,0,0,0,1,1,0,26,0,9,14,14,14,0,-4.06,2.8,15.5,0
1,10,2,9773,1,1,154.4,154.4,22,19,38,3,5,1,0,0,0,0,0,18,1,0,6,8,5,0,1.74,1.4,10.8,1
1,15,1,9500,1,1,190.0,190.0,108,3,2,122,4,1,0,0,1,0,0,18,1,0,7,15,4,0,1.79,0.5,12.4,0
1,17,4,9500,1,1,136.0,132.5,1,3,3,2,2,1,0,0,1,0,0,19,0,0,7,8,7,0,2.02,0.6,11.1,0
1,10,2,9085,1,1,163.3,163.3,22,19,1,4,9,0,0,0,1,0,0,18,1,0,6,10,6,0,1.79,0.5,12.4,0
1,1,1,9670,1,1,126.0,122.5,1,1,3,4,3,1,0,0,1,0,0,19,0,0,6,6,6,0,3.51,1.4,8.9,1
1,17,4,9119,1,1,122.0,121.0,62,1,1,191,171,1,0,0,1,1,0,20,1,0,5,10,4,0,3.51,1.4,8.9,0
1,17,1,9070,1,1,137.0,131.8,1,1,1,1,5,0,0,0,1,0,1,22,0,0,6,7,6,0,-3.12,-0.8,9.4,0
1,1,3,9500,1,1,139.0,135.0,1,19,1,9,5,1,0,0,1,0,1,18,0,0,8,8,7,0,-1.7,3.7,12.7,0
1,17,1,9254,1,1,142.0,141.7,1,19,39,5,4,0,0,0,1,0,1,18,0,0,6,8,6,0,0.79,-0.3,13.9,0
1,1,3,9773,1,1,133.1,131.3,1,38,38,5,5,1,0,0,1,0,1,18,0,0,6,7,6,0,3.51,1.4,8.9,0
1,1,6,9254,1,1,126.0,123.9,1,38,37,5,7,1,0,0,1,0,1,18,0,0,6,7,6,0,1.79,0.5,12.4,0
1,1,2,9254,1,1,131.0,126.1,1,4,3,7,4,1,0,0,1,0,0,18,0,0,6,8,6,0,3.51,1.4,8.9,0
1,17,6,9500,1,1,131.0,126.5,1,1,19,7,7,1,0,0,1,0,1,19,0,0,7,8,7,0,2.02,0.6,11.1,0
1,17,1,9853,1,1,108.0,107.3,1,19,1,5,5,0,0,0,1,0,0,20,0,0,6,0,0,0,-4.06,2.8,15.5,1
1,17,4,9238,1,1,133.1,95.0,1,1,19,9,5,1,0,0,1,0,1,19,0,0,6,12,6,0,-4.06,2.8,15.5,1
1,1,2,9085,1,1,122.0,116.1,1,3,1,4,7,1,0,0,1,0,0,18,0,0,6,13,6,0,-4.06,2.8,15.5,0
1,1,4,9070,1,1,143.0,134.6,1,1,1,9,7,1,0,0,1,0,1,18,0,0,6,6,6,0,1.79,0.5,12.4,1
1,17,6,9500,1,1,135.0,128.0,1,19,19,7,7,1,0,0,1,0,1,18,0,0,7,7,7,0,2.02,0.6,11.1,0
1,17,2,9773,1,1,148.0,144.2,1,3,38,2,6,1,0,0,1,0,0,18,0,0,6,6,6,0,1.79,0.5,12.4,0
1,17,1,9147,1,1,134.0,129.5,1,19,38,4,8,0,0,0,1,0,1,18,0,0,5,5,5,0,1.74,1.4,10.8,0
1,17,1,9773,1,1,122.0,116.8,1,1,1,4,7,1,0,1,1,0,0,18,0,0,6,6,6,0,-0.92,0.3,16.2,0
1,44,1,9003,1,39,160.0,160.0,1,37,38,9,6,0,0,0,1,0,1,20,0,0,6,8,6,0,-0.92,0.3,16.2,0
1,16,2,9238,1,1,126.0,127.1,1,38,37,3,5,1,0,0,1,0,1,19,0,0,6,14,3,0,-3.12,-0.8,9.4,0
1,17,1,9130,1,1,138.0,126.3,1,2,19,2,6,1,0,0,1,0,1,18,0,0,6,7,6,1,3.51,1.4,8.9,0
1,1,1,9238,1,1,115.0,112.9,1,38,38,8,7,1,0,0,1,0,1,19,0,0,6,7,6,0,1.79,0.5,12.4,0
1,17,2,9853,1,1,141.0,130.2,1,3,1,1,5,1,0,0,1,0,0,19,0,0,6,8,5,1,-1.7,3.7,12.7,0
1,43,1,9130,1,1,100.0,100.0,41,3,4,3,2,0,0,0,1,0,0,19,1,0,5,10,5,2,-3.12,-0.8,9.4,0
1,1,1,9670,1,1,130.0,121.6,1,19,19,7,7,0,0,0,1,0,0,19,0,0,6,7,6,0,1.79,0.5,12.4,0
1,15,1,9670,1,1,130.0,130.0,26,42,1,2,7,0,1,1,1,0,0,20,1,0,6,6,6,0,3.51,1.4,8.9,0
1,18,1,9130,1,1,135.0,121.7,1,38,19,9,5,1,0,0,1,0,1,18,0,0,5,7,4,0,1.74,1.4,10.8,0
1,7,1,9147,1,3,120.0,120.0,1,1,39,4,7,0,0,0,1,0,0,33,0,2,5,9,2,0,1.79,0.5,12.4,1
1,1,1,9853,1,1,148.0,143.5,1,19,19,4,5,0,0,0,1,0,1,19,0,0,7,8,6,0,0.79,-0.3,13.9,1
1,17,2,9556,1,1,136.0,128.3,1,1,1,9,9,0,0,0,1,0,1,18,0,0,7,7,7,0,-4.06,2.8,15.5,0
1,17,1,9070,1,1,108.0,111.9,1,19,1,4,3,0,0,0,1,0,0,19,0,0,6,0,0,0,3.51,1.4,8.9,1
1,44,1,9003,1,39,140.0,140.0,1,38,38,6,3,0,0,0,1,0,0,19,0,0,6,18,3,0,-4.06,2.8,15.5,0
1,1,3,9773,1,1,153.0,137.6,1,3,1,2,8,1,0,0,1,0,0,18,0,0,6,6,6,0,1.79,0.5,12.4,0
1,1,1,9238,1,1,135.0,135.0,1,19,19,9,5,1,0,0,1,0,0,20,0,0,6,6,6,0,1.74,1.4,10.8,0
1,1,5,9500,1,1,146.0,133.8,1,19,37,7,7,1,0,0,1,0,0,19,0,0,8,9,8,1,-3.12,-0.8,9.4,0
1,1,2,9773,1,1,130.0,126.9,1,19,19,9,9,1,0,0,1,1,1,18,0,0,6,6,6,0,-3.12,-0.8,9.4,0
1,17,2,9254,1,1,113.0,106.7,1,1,2,5,3,1,0,1,1,1,1,19,0,0,6,14,2,0,0.79,-0.3,13.9,1
1,43,1,8014,0,1,145.7,145.7,22,37,37,9,9,1,0,0,1,0,0,25,1,8,16,16,15,0,0.79,-0.3,13.9,0
1,17,3,9070,1,1,145.0,153.1,1,3,3,4,4,1,0,0,1,0,1,20,0,0,6,6,6,0,-1.7,3.7,12.7,0
1,1,1,8014,0,1,126.0,118.7,1,38,37,5,5,0,0,0,1,0,0,19,0,0,6,6,6,0,-1.7,3.7,12.7,0
1,17,1,9991,0,1,160.0,161.8,1,34,34,0,0,1,0,1,1,1,0,33,0,0,5,8,2,0,0.32,2.6,7.6,1
1,18,4,9119,1,1,134.0,124.9,1,19,38,194,175,1,0,1,1,1,0,18,0,0,5,11,3,0,3.51,1.4,8.9,0
1,1,1,9119,1,1,163.0,150.8,1,19,37,5,8,1,0,0,1,1,0,18,0,0,5,9,4,0,0.32,2.6,7.6,0
1,15,1,9147,1,1,130.0,130.0,26,1,1,2,3,0,0,0,1,0,0,19,1,0,5,10,4,0,2.02,0.6,11.1,0
1,1,2,171,1,1,165.0,163.6,1,3,3,2,2,1,0,0,1,0,0,18,0,0,0,0,0,0,1.79,0.5,12.4,0
1,43,1,9147,1,1,142.0,115.0,1,38,19,141,171,0,0,0,1,0,0,19,0,0,5,11,5,0,0.79,-0.3,13.9,0
1,1,1,9773,1,1,156.0,136.8,1,19,1,5,10,1,0,0,1,0,0,18,0,0,6,6,6,0,2.02,0.6,11.1,1
1,17,5,9853,1,1,141.0,130.9,1,3,19,2,7,1,0,0,1,0,0,18,0,0,6,7,6,0,0.32,2.6,7.6,0
1,1,3,9500,1,1,143.0,127.0,1,19,37,7,7,1,0,0,1,0,0,18,0,0,8,8,8,0,-3.12,-0.8,9.4,0
2,39,1,9500,1,19,133.1,120.0,1,38,38,2,10,0,0,0,1,0,0,37,0,0,7,9,2,0,-0.92,0.3,16.2,1
1,1,1,9238,1,1,133.0,126.0,1,38,1,2,4,0,0,0,1,0,0,20,0,0,6,11,1,0,-3.12,-0.8,9.4,0
1,1,1,9254,1,1,172.0,153.8,41,37,37,5,5,1,0,0,1,0,1,20,1,0,6,6,6,0,1.74,1.4,10.8,0
1,15,1,9238,1,1,140.0,140.0,26,19,19,9,6,0,0,0,1,1,0,21,1,0,6,7,6,0,2.02,0.6,11.1,0
1,17,1,9500,1,1,142.0,136.6,1,38,1,5,4,0,0,0,1,0,1,18,0,0,7,7,7,0,1.79,0.5,12.4,0
1,39,1,8014,0,1,140.0,105.0,1,19,1,9,8,0,0,0,1,0,0,26,0,0,6,14,3,1,-4.06,2.8,15.5,0
1,39,1,9147,1,12,133.1,139.4,1,37,37,9,7,0,0,1,1,0,0,41,0,0,5,6,5,0,0.32,2.6,7.6,0
1,1,2,9773,1,1,148.0,140.0,1,19,1,3,9,1,0,0,1,0,1,18,0,0,6,6,6,0,-0.92,0.3,16.2,0
1,1,4,9500,1,1,137.0,130.8,1,19,37,9,7,0,0,1,1,0,0,18,0,0,8,9,8,1,-3.12,-0.8,9.4,0
1,1,1,9500,1,1,143.0,138.8,1,38,38,9,9,1,0,0,1,0,0,31,0,0,7,9,7,0,2.02,0.6,11.1,0
1,1,1,9238,1,1,133.1,110.0,1,1,1,4,10,0,0,1,1,0,0,23,0,0,6,8,6,0,-1.7,3.7,12.7,0
1,1,4,9500,1,1,138.0,127.8,1,37,19,9,9,1,0,0,1,0,0,19,0,0,7,7,6,0,0.32,2.6,7.6,0
1,16,3,9773,1,1,138.0,134.2,1,37,38,4,9,1,0,0,1,0,1,20,0,0,6,6,6,0,2.02,0.6,11.1,0
2,39,1,8014,0,1,150.0,143.0,1,37,37,7,5,0,0,0,1,0,0,40,0,5,9,9,9,0,-1.7,3.7,12.7,0
1,44,1,9085,1,39,120.0,120.0,1,37,37,9,9,1,0,1,1,0,0,32,0,0,6,14,4,0,-0.92,0.3,16.2,1
1,1,4,9254,1,1,110.0,113.2,1,37,37,9,7,1,0,0,1,0,0,24,0,0,6,14,2,0,1.74,1.4,10.8,1
1,17,4,9500,1,1,146.0,135.8,1,19,37,5,8,1,0,0,1,0,0,18,0,0,7,7,6,0,0.32,2.6,7.6,0
1,1,1,9238,1,1,148.0,143.5,1,37,37,9,9,0,0,0,1,0,0,18,0,0,6,6,6,0,1.74,1.4,10.8,0
1,1,1,9238,1,1,145.0,148.9,1,19,37,4,7,1,0,0,1,0,1,18,0,0,6,6,6,0,1.74,1.4,10.8,0
1,39,1,9003,1,1,133.1,115.6,1,38,38,4,7,1,0,0,0,0,0,27,0,0,6,8,0,0,-4.06,2.8,15.5,1
1,1,1,9147,1,1,160.0,159.3,1,38,37,9,5,0,0,0,1,0,0,18,0,0,5,5,5,0,0.32,2.6,7.6,0
1,39,1,9991,0,1,150.0,138.5,1,19,37,9,8,0,0,0,1,0,0,26,0,0,5,10,4,0,-1.7,3.7,12.7,0
1,1,1,9853,1,1,130.0,133.2,1,19,12,9,4,1,0,0,1,0,0,19,0,0,6,6,6,0,0.32,2.6,7.6,0
1,17,2,8014,0,1,120.0,117.6,1,37,34,0,0,1,0,0,1,0,0,19,0,0,6,8,5,0,0.32,2.6,7.6,0
1,18,2,9147,1,1,115.0,108.7,1,1,37,5,5,1,0,0,1,0,0,21,0,0,5,8,3,1,-3.12,-0.8,9.4,0
1,1,4,9147,1,1,133.1,106.0,1,1,19,4,6,1,0,0,1,0,0,24,0,0,5,11,2,0,-1.7,3.7,12.7,0
1,17,1,9853,1,1,120.0,122.6,1,37,37,9,10,0,0,0,1,0,0,20,0,0,6,8,3,0,-1.7,3.7,12.7,1
1,1,4,9853,1,1,134.0,127.4,1,19,1,5,9,1,0,0,1,0,0,18,0,0,6,7,5,0,1.74,1.4,10.8,0
1,39,1,9003,1,1,133.1,100.0,1,19,19,9,9,0,0,0,1,0,0,30,0,0,6,6,0,0,2.02,0.6,11.1,1
1,1,1,9853,1,1,133.1,95.0,1,19,37,9,9,1,0,1,0,0,0,22,0,0,7,10,6,0,2.02,0.6,11.1,0
1,7,1,9147,1,3,130.0,130.0,1,37,19,9,8,0,0,0,1,0,0,21,0,4,9,9,9,0,1.74,1.4,10.8,0
1,39,1,9556,1,1,120.0,122.8,1,19,19,4,5,0,0,0,1,0,0,26,0,0,7,12,6,0,0.79,-0.3,13.9,1
1,17,1,9147,1,1,115.0,115.0,1,19,19,7,7,1,0,0,1,0,0,23,0,0,5,7,2,1,-3.12,-0.8,9.4,0
1,17,1,9070,1,1,135.0,145.9,1,19,37,5,9,0,0,0,1,0,1,18,0,0,6,6,6,0,-0.92,0.3,16.2,0
1,1,1,9070,1,1,133.1,143.0,1,1,37,5,9,1,0,1,1,0,0,21,0,0,6,9,5,0,-1.7,3.7,12.7,1
1,43,1,171,1,1,145.0,100.0,1,19,38,9,9,0,0,0,1,0,1,18,0,0,0,0,0,0,0.79,-0.3,13.9,1
1,17,3,9085,1,1,130.0,121.3,1,19,37,5,5,1,0,0,1,0,0,21,0,0,5,14,2,2,-3.12,-0.8,9.4,0
1,17,3,9853,1,1,118.0,121.2,1,38,38,7,7,1,0,0,1,0,0,18,0,0,6,8,5,0,0.32,2.6,7.6,0
1,17,3,9853,1,1,138.0,125.1,1,37,37,5,9,1,1,0,1,0,1,19,0,0,6,6,6,0,-1.7,3.7,12.7,1
1,17,1,9254,1,1,122.0,112.9,1,1,1,4,9,1,0,0,1,0,0,22,0,0,6,14,4,0,0.32,2.6,7.6,0
1,1,3,9238,1,1,126.0,120.8,1,38,19,5,8,1,0,0,1,0,0,19,0,0,6,7,6,0,1.79,0.5,12.4,0
1,1,5,9085,1,1,121.0,114.0,1,38,37,9,8,1,0,0,0,0,0,19,0,0,5,12,0,4,-3.12,-0.8,9.4,1
1,17,1,9238,1,1,152.0,132.1,1,37,37,7,5,1,0,0,1,0,0,19,0,0,6,10,2,0,-3.12,-0.8,9.4,1
2,44,1,9085,1,39,160.0,160.0,1,37,37,192,192,0,0,0,1,0,0,27,0,0,5,12,3,2,-3.12,-0.8,9.4,0
1,10,1,9085,1,1,134.0,134.0,1,37,37,5,5,1,0,0,1,0,0,22,0,2,5,7,5,0,-1.7,3.7,12.7,0
1,1,1,9773,1,1,128.0,124.2,1,37,1,9,7,1,0,0,1,0,0,18,0,0,6,8,5,0,-4.06,2.8,15.5,1
1,17,4,9254,1,1,125.0,115.6,1,38,38,5,5,1,0,0,1,0,0,20,0,0,6,6,6,0,-3.12,-0.8,9.4,0
2,43,1,9991,0,1,130.0,128.2,1,37,37,9,9,0,0,0,1,0,0,34,0,3,8,9,3,0,-3.12,-0.8,9.4,1
1,17,2,9500,1,1,138.0,132.8,1,1,38,5,8,1,0,0,1,0,0,18,0,0,7,9,6,0,0.79,-0.3,13.9,0
1,17,2,9773,1,1,121.0,123.1,1,1,1,5,5,1,0,0,1,1,0,20,0,0,6,12,4,0,-3.12,-0.8,9.4,0
1,1,1,9130,1,1,134.0,125.6,41,1,19,5,5,1,0,0,1,0,0,20,1,0,5,6,5,0,-1.7,3.7,12.7,0
1,39,1,9991,0,1,130.0,115.0,1,1,38,4,9,0,0,0,1,1,0,25,0,0,5,7,0,0,-0.92,0.3,16.2,1
1,1,4,9119,1,1,126.0,123.6,1,3,19,2,9,1,0,0,1,1,0,18,0,0,5,6,5,0,3.51,1.4,8.9,1
1,1,1,9130,1,1,148.0,141.7,1,1,1,9,9,0,0,0,0,1,0,18,0,0,6,8,5,0,3.51,1.4,8.9,1
1,17,1,9853,1,1,160.0,139.0,1,19,38,5,7,1,0,0,1,0,1,18,0,0,6,8,5,0,-3.12,-0.8,9.4,1
1,17,1,9254,1,1,118.0,118.0,1,1,19,5,4,0,0,0,1,0,1,19,0,0,6,7,5,0,1.79,0.5,12.4,0
1,17,2,9853,1,1,150.0,142.0,1,38,19,5,5,1,0,0,1,0,1,19,0,0,6,8,6,0,1.74,1.4,10.8,1
1,44,1,9238,1,1,140.0,143.4,1,1,1,5,5,0,0,0,1,0,1,21,0,3,6,6,6,0,0.79,-0.3,13.9,0
1,42,1,9070,1,1,100.0,115.9,1,3,2,2,2,0,0,0,1,0,0,29,0,9,10,15,9,0,-3.12,-0.8,9.4,0
1,1,1,9070,1,1,110.0,105.1,1,1,37,9,9,1,0,0,1,0,1,20,0,0,6,6,6,0,1.79,0.5,12.4,0
1,51,1,8014,0,42,140.0,138.0,1,19,37,134,193,1,0,1,1,0,1,21,0,13,13,13,11,0,3.51,1.4,8.9,0
1,43,1,9991,0,1,133.1,114.7,41,37,37,9,8,0,0,0,1,0,0,34,1,2,2,2,2,0,1.74,1.4,10.8,1
1,1,4,9773,1,1,140.0,130.5,22,1,37,3,9,1,0,0,1,0,0,20,1,0,6,6,6,0,-1.7,3.7,12.7,0
1,39,1,9991,0,1,110.0,134.3,1,37,37,9,9,0,0,0,1,1,0,24,0,0,5,10,0,0,1.74,1.4,10.8,1
1,1,1,9500,1,1,148.0,137.5,1,1,1,4,3,0,0,0,1,1,0,18,0,0,7,7,7,0,-0.92,0.3,16.2,0
1,1,1,9500,1,1,137.0,125.3,1,1,19,4,4,0,0,0,1,1,0,19,0,0,7,7,7,0,0.32,2.6,7.6,0
1,1,1,9147,1,1,120.0,111.3,1,1,19,7,7,0,0,0,1,1,1,18,0,0,5,10,4,0,-4.06,2.8,15.5,0
1,39,9,9991,0,1,120.0,144.8,1,38,38,9,5,0,0,0,1,1,0,28,0,0,5,7,4,0,1.74,1.4,10.8,0
1,39,1,9991,0,1,130.0,152.1,1,1,1,9,7,0,0,0,1,1,0,28,0,0,5,13,2,0,2.02,0.6,11.1,1
1,17,1,9254,1,1,132.0,126.1,1,38,38,0,5,0,0,0,1,1,0,20,0,0,6,9,4,0,0.32,2.6,7.6,1
1,43,1,9500,1,1,130.0,136.0,1,1,1,7,4,1,0,0,1,1,0,22,0,0,8,9,8,1,-3.12,-0.8,9.4,0
1,1,4,9500,1,1,128.0,124.3,1,19,1,4,4,1,0,0,1,1,0,19,0,0,8,8,7,0,1.74,1.4,10.8,0
1,1,1,9670,1,1,132.0,129.9,1,1,19,7,5,1,0,0,1,1,0,20,0,0,6,10,6,0,1.79,0.5,12.4,0
1,39,2,9556,1,1,133.1,136.1,1,3,1,2,4,0,0,0,1,1,0,26,0,0,7,7,2,0,1.79,0.5,12.4,1
1,1,2,9254,1,1,120.0,115.1,1,37,37,9,9,1,0,0,0,1,0,21,0,0,6,11,3,0,-3.12,-0.8,9.4,1
1,16,2,171,1,1,145.0,143.6,1,3,3,2,2,1,0,0,1,1,0,18,0,0,0,0,0,0,1.79,0.5,12.4,0
1,17,1,9147,1,1,127.0,115.8,1,37,38,9,7,1,0,0,1,1,0,18,0,0,5,5,5,0,2.02,0.6,11.1,0
1,1,2,171,1,1,135.0,149.0,1,19,19,4,7,1,0,0,1,1,0,22,0,14,17,21,17,0,2.02,0.6,11.1,0
2,39,1,9119,1,19,133.1,100.0,1,37,37,9,9,0,0,0,1,1,0,36,0,0,5,0,0,0,-0.92,0.3,16.2,1
1,1,1,9773,1,1,125.0,133.4,1,38,38,9,9,1,0,0,1,1,1,20,0,0,6,8,6,0,0.79,-0.3,13.9,0
1,17,5,9670,1,1,127.0,122.8,1,3,4,2,2,0,0,0,1,1,0,20,0,0,6,6,3,0,1.74,1.4,10.8,1
1,39,1,9991,0,1,133.1,151.2,1,37,1,5,4,0,0,0,1,1,0,25,0,0,5,11,4,0,1.79,0.5,12.4,1
1,39,1,9003,1,1,150.0,137.0,1,37,19,6,4,0,0,0,1,1,0,35,0,1,6,7,5,0,-4.06,2.8,15.5,0
1,1,1,171,1,1,133.1,118.0,1,1,37,7,7,0,0,0,1,1,0,22,0,0,0,0,0,0,2.02,0.6,11.1,1
1,43,1,9070,1,1,150.0,126.4,1,3,39,3,7,0,0,0,1,1,0,26,0,5,7,8,7,0,1.79,0.5,12.4,0
1,44,1,9003,1,39,130.0,130.0,1,38,38,9,5,0,0,1,0,1,0,20,0,0,6,16,4,0,-0.92,0.3,16.2,1
1,43,1,8014,0,12,133.1,112.5,1,37,1,9,10,0,0,0,1,1,0,50,0,6,13,13,6,0,-0.92,0.3,16.2,1
1,1,1,9500,1,1,125.0,118.3,1,19,38,9,8,0,0,0,1,1,0,20,0,0,8,12,5,1,1.74,1.4,10.8,1
1,1,1,9500,1,1,127.0,121.4,1,3,1,2,8,0,0,0,1,1,0,20,0,0,7,10,5,0,1.79,0.5,12.4,0
1,7,1,9003,1,3,140.0,140.0,1,3,19,2,10,0,0,0,0,1,0,35,0,0,6,10,5,0,-4.06,2.8,15.5,1
1,1,1,9670,1,1,110.0,109.0,1,3,19,4,5,0,0,0,1,1,1,19,0,0,6,7,6,0,-4.06,2.8,15.5,0
2,39,2,9147,1,1,133.1,110.0,1,37,37,5,7,0,0,0,1,1,0,43,0,0,5,14,0,1,-3.12,-0.8,9.4,1
1,17,5,9500,1,1,124.0,119.8,1,3,38,2,1,0,0,0,1,1,0,19,0,0,8,11,7,0,1.74,1.4,10.8,0
1,39,1,9500,1,1,114.0,130.0,1,37,37,9,9,0,0,0,1,1,0,25,0,0,8,11,6,0,-1.7,3.7,12.7,0
1,16,1,171,1,1,155.0,167.3,1,1,3,5,10,1,0,0,1,1,0,19,0,0,0,0,0,0,0.79,-0.3,13.9,0
1,17,2,9853,1,1,114.0,111.9,1,1,19,9,9,1,0,0,1,1,1,20,0,0,6,6,6,0,0.32,2.6,7.6,0
1,1,1,171,1,1,133.1,136.0,1,38,37,5,5,1,0,0,1,1,0,22,0,0,0,0,0,0,-1.7,3.7,12.7,1
1,1,1,9254,1,1,125.0,124.0,1,37,37,3,3,0,0,0,1,1,1,19,0,0,6,7,6,0,2.02,0.6,11.1,1
2,39,1,9991,0,1,120.0,132.9,1,19,37,3,9,0,0,0,1,1,0,32,0,0,5,11,4,0,0.79,-0.3,13.9,1
2,39,1,9773,1,38,100.0,154.0,1,37,37,9,7,1,0,0,1,1,0,57,0,0,6,7,5,0,-3.12,-0.8,9.4,0
1,1,1,9500,1,1,133.1,115.0,1,1,19,3,5,0,0,0,0,1,0,20,0,0,7,11,4,0,-0.92,0.3,16.2,1
1,39,1,9991,0,1,120.0,96.0,1,1,1,5,5,1,0,0,0,1,0,38,0,0,5,5,0,0,3.51,1.4,8.9,1
2,39,1,9991,0,1,120.0,168.2,1,37,3,9,3,0,0,0,1,1,0,45,0,0,5,6,5,0,1.79,0.5,12.4,0
2,39,1,9773,1,1,110.0,140.0,1,37,37,9,10,0,0,1,0,1,0,43,0,0,6,16,2,0,1.74,1.4,10.8,1
1,17,4,9070,1,1,144.0,137.4,1,38,1,9,9,1,0,0,1,1,0,19,0,0,6,6,6,0,1.74,1.4,10.8,0
2,39,1,9991,0,19,133.1,150.0,1,19,19,4,4,0,0,0,0,1,0,49,0,0,5,8,2,0,-4.06,2.8,15.5,1
2,39,1,9500,1,19,133.1,100.5,1,37,38,9,7,1,0,0,1,1,0,43,0,0,8,8,7,0,1.74,1.4,10.8,0
1,39,1,8014,0,1,133.1,148.5,1,37,38,9,9,0,0,0,1,1,0,34,0,0,6,6,4,0,2.02,0.6,11.1,1
1,17,5,9119,1,1,138.0,123.3,1,19,19,5,5,1,0,1,1,1,0,18,0,0,5,9,4,0,1.79,0.5,12.4,0
2,39,1,9991,0,1,120.0,138.7,1,38,38,1,4,0,0,0,1,1,0,43,0,0,5,5,5,0,1.74,1.4,10.8,0
1,1,2,9254,1,1,120.0,117.2,1,19,1,9,8,0,0,0,1,1,0,21,0,0,6,8,3,0,-4.06,2.8,15.5,1
2,39,1,9991,0,1,160.0,114.3,1,34,34,99,99,0,0,0,1,1,0,40,0,0,5,9,3,0,0.32,2.6,7.6,0
1,17,1,9670,1,1,134.0,125.3,1,19,37,5,5,1,0,0,1,1,1,19,0,0,6,7,4,0,1.74,1.4,10.8,0
1,1,1,9254,1,1,133.1,97.0,1,37,37,1,1,0,0,0,1,1,0,27,0,0,6,6,6,0,1.74,1.4,10.8,0
2,42,1,9556,1,1,110.0,140.0,1,37,37,9,6,0,0,0,1,1,0,43,0,0,7,7,0,0,-0.92,0.3,16.2,1
1,43,1,9991,0,1,130.0,124.0,1,37,37,9,9,0,0,0,1,1,0,31,0,1,5,6,5,0,-3.12,-0.8,9.4,0
1,44,1,9003,1,39,140.0,140.0,1,38,1,134,134,1,0,1,1,1,0,26,0,0,6,6,0,0,3.51,1.4,8.9,0
1,39,1,9991,0,1,150.0,127.0,1,37,38,175,103,0,0,0,1,1,0,34,0,0,5,5,5,0,3.51,1.4,8.9,0
4,43,1,9500,1,19,100.0,110.0,1,34,34,0,0,0,0,0,1,1,0,30,0,11,14,26,12,1,0.32,2.6,7.6,0
2,39,1,9500,1,19,133.1,170.0,1,38,38,7,8,0,0,0,1,1,0,36,0,0,7,9,6,0,-0.92,0.3,16.2,1
1,7,1,9991,0,3,120.0,120.0,1,37,37,6,7,0,0,1,0,1,0,46,0,0,5,5,0,0,2.02,0.6,11.1,1
1,17,1,9085,1,1,133.1,130.0,1,1,19,5,9,0,0,0,1,1,0,22,0,0,5,8,3,0,0.32,2.6,7.6,0
1,7,1,9003,1,3,130.0,130.0,1,1,19,5,9,0,0,0,1,1,0,27,0,0,6,8,0,0,-0.92,0.3,16.2,1
1,1,2,9119,1,1,126.0,122.5,1,1,38,141,192,1,0,0,1,1,0,20,0,0,5,7,5,0,3.51,1.4,8.9,0
1,51,1,9147,1,1,130.0,115.7,1,19,38,9,8,0,0,0,1,1,0,20,0,0,5,7,5,0,3.51,1.4,8.9,0
1,42,1,9119,1,1,140.0,120.0,1,19,19,90,90,0,0,1,0,1,0,31,0,0,4,4,0,0,-1.7,3.7,12.7,1
1,1,1,9119,1,1,140.0,166.0,1,37,19,9,9,1,0,1,1,1,0,20,0,0,5,7,0,0,-3.12,-0.8,9.4,0
1,17,1,9773,1,1,145.0,132.8,1,1,38,90,8,1,0,0,0,1,0,21,0,0,6,10,2,0,1.74,1.4,10.8,1
1,17,1,9147,1,1,133.1,100.0,1,19,19,9,7,0,0,0,1,1,0,21,0,0,5,7,4,0,-0.92,0.3,16.2,1
1,1,1,9147,1,1,127.0,121.8,1,1,4,9,10,0,0,0,1,1,0,19,0,0,5,8,5,0,-0.92,0.3,16.2,0
1,17,4,9147,1,1,114.0,109.5,1,19,19,4,4,1,0,0,1,1,1,20,0,0,5,6,5,0,3.51,1.4,8.9,0
1,1,1,9003,1,1,140.0,138.3,1,38,1,9,4,0,0,0,1,1,0,18,0,0,6,7,6,0,1.79,0.5,12.4,0
1,1,2,9773,1,1,140.0,131.6,1,1,1,4,3,0,0,0,1,1,1,18,0,0,6,6,6,0,-0.92,0.3,16.2,0
1,39,1,9500,1,1,120.0,125.3,1,1,2,144,123,0,0,1,1,1,0,30,0,0,7,12,4,0,1.79,0.5,12.4,0
1,39,1,9254,1,19,133.1,101.5,1,19,19,3,1,0,0,1,0,1,0,34,0,0,6,6,0,0,-4.06,2.8,15.5,1
1,17,1,9670,1,1,115.0,109.1,1,19,19,191,171,0,0,1,0,1,0,21,0,0,6,11,4,0,2.02,0.6,11.1,0
1,44,1,9070,1,39,123.9,123.9,1,37,1,9,7,0,0,0,1,1,0,20,0,2,7,9,5,0,-0.92,0.3,16.2,1
1,1,1,9500,1,1,157.0,143.0,1,37,37,9,9,0,0,0,1,1,0,18,0,0,8,8,7,0,-1.7,3.7,12.7,0
1,1,1,171,1,1,127.0,126.3,1,1,1,4,3,1,0,1,1,1,0,21,0,0,0,0,0,0,-0.92,0.3,16.2,1
2,42,1,9003,1,1,120.0,113.3,1,3,1,2,2,0,0,0,1,1,0,26,0,0,6,9,1,0,1.79,0.5,12.4,1
1,17,1,9119,1,1,130.0,119.9,1,38,19,7,3,1,0,1,1,1,0,20,0,0,5,5,0,0,-3.12,-0.8,9.4,1
1,44,1,9003,1,39,140.0,140.0,1,1,38,1,9,0,0,0,1,1,0,25,0,0,6,16,3,0,-4.06,2.8,15.5,1
1,17,1,9670,1,1,109.0,108.0,1,1,1,4,4,0,0,0,1,1,0,19,0,0,5,10,0,0,0.32,2.6,7.6,0
1,39,2,9147,1,1,143.0,100.0,1,19,5,4,1,1,0,0,1,1,0,24,0,0,5,8,3,1,-3.12,-0.8,9.4,1
1,1,1,9130,1,1,125.0,132.4,1,3,3,2,2,0,0,0,1,1,0,20,0,0,5,7,4,0,0.32,2.6,7.6,0
1,1,1,9147,1,1,136.0,137.1,1,1,3,9,5,0,0,0,1,1,0,20,0,0,5,5,0,0,-1.7,3.7,12.7,1
1,5,3,9070,1,1,157.0,138.1,1,3,1,9,6,1,0,0,1,0,0,18,0,0,6,6,6,0,1.74,1.4,10.8,0
4,39,1,9556,1,1,160.0,130.0,1,19,3,9,2,0,0,0,1,0,0,25,0,0,7,14,7,0,-1.7,3.7,12.7,0
1,17,1,9254,1,1,116.0,109.7,1,38,37,9,6,1,0,0,1,0,0,22,0,0,6,7,5,0,2.02,0.6,11.1,0
1,43,1,8014,0,1,113.0,128.2,1,37,37,0,6,0,0,0,0,0,0,41,0,0,6,6,0,6,-3.12,-0.8,9.4,1
1,1,2,9147,1,1,130.0,117.8,1,37,38,7,9,0,0,1,1,0,1,19,0,0,5,11,2,0,-1.7,3.7,12.7,1
1,43,1,9130,1,1,150.0,150.0,1,3,3,3,4,1,0,0,1,0,0,21,0,0,6,10,6,0,0.79,-0.3,13.9,0
1,39,1,9085,1,1,110.0,160.0,1,1,1,5,5,1,0,1,1,0,0,30,0,0,6,7,6,0,0.79,-0.3,13.9,1
1,1,5,9500,1,1,101.0,104.5,1,38,38,9,9,1,0,0,1,0,1,21,0,0,7,9,5,0,2.02,0.6,11.1,0
2,39,2,9556,1,1,110.0,112.8,1,19,38,9,9,0,0,0,1,0,1,26,0,0,7,7,0,0,1.74,1.4,10.8,0
1,15,1,9670,1,1,133.1,100.0,41,1,1,9,4,0,0,0,1,0,0,21,1,2,7,9,7,0,2.02,0.6,11.1,0
1,1,1,9500,1,1,138.0,132.5,1,1,1,3,4,1,0,0,1,0,0,18,0,0,8,8,7,0,1.74,1.4,10.8,0
1,1,4,9085,1,1,138.0,123.3,1,3,1,1,4,1,0,0,1,0,1,19,0,0,6,7,6,0,1.79,0.5,12.4,0
1,1,2,9085,1,1,141.0,128.9,1,1,38,9,8,1,0,0,1,0,1,18,0,0,6,7,6,0,3.51,1.4,8.9,0
1,17,2,9147,1,1,129.0,128.3,1,2,3,2,2,1,0,0,1,0,0,19,0,0,5,10,3,0,-1.7,3.7,12.7,0
1,43,1,9085,1,1,127.0,100.0,1,3,3,2,5,0,0,0,1,0,0,21,0,0,6,11,4,0,0.79,-0.3,13.9,0
1,17,2,9147,1,1,133.0,120.1,1,19,1,9,3,1,0,0,1,0,1,18,0,0,5,15,2,0,0.79,-0.3,13.9,1
1,39,1,9500,1,1,100.0,160.0,1,37,37,7,7,1,0,0,1,0,1,24,0,0,8,15,6,0,1.74,1.4,10.8,0
1,1,1,9130,1,1,138.0,123.0,1,4,5,2,2,1,0,0,1,0,0,21,0,0,5,12,1,0,-1.7,3.7,12.7,0
1,44,1,9085,1,39,150.0,150.0,1,19,19,9,9,1,0,0,1,0,0,23,0,1,6,14,5,0,-0.92,0.3,16.2,0
1,17,2,9500,1,1,129.0,124.0,1,38,19,5,7,1,0,0,1,0,1,18,0,0,8,8,7,0,1.74,1.4,10.8,0
1,39,1,9085,1,1,130.0,120.0,1,4,1,2,9,0,0,0,0,0,0,26,0,0,6,8,6,0,2.02,0.6,11.1,0
1,1,1,9130,1,1,133.0,120.4,1,38,38,5,8,1,0,0,1,0,0,20,0,0,5,9,4,1,-3.12,-0.8,9.4,0
1,1,1,9238,1,1,133.0,131.6,1,4,1,5,5,0,0,0,1,0,0,18,0,0,6,7,6,0,2.02,0.6,11.1,0
1,1,1,9238,1,1,107.0,104.2,1,2,12,3,10,1,0,0,1,0,0,20,0,0,6,6,6,0,2.02,0.6,11.1,0
1,1,1,9500,1,1,131.0,122.0,1,19,19,4,4,1,0,0,1,0,0,20,0,0,8,8,7,0,-1.7,3.7,12.7,0
1,17,2,9238,1,1,118.0,110.7,1,1,19,4,10,1,1,0,1,0,0,18,0,0,6,15,2,3,-1.7,3.7,12.7,0
1,1,4,9773,1,1,136.0,121.7,1,1,12,9,10,1,0,0,1,0,1,22,0,0,6,7,5,0,1.79,0.5,12.4,0
1,1,1,9500,1,1,125.0,126.0,1,37,37,9,9,1,0,1,1,0,0,20,0,0,7,7,6,0,0.32,2.6,7.6,0
1,17,4,9500,1,1,137.0,128.4,1,1,37,9,9,1,0,0,1,0,1,19,0,0,7,7,7,0,0.79,-0.3,13.9,0
1,1,1,9130,1,1,144.0,134.9,1,3,1,2,4,1,0,1,1,0,0,18,0,0,6,13,6,0,-4.06,2.8,15.5,1
1,17,2,9147,1,1,146.0,143.9,1,38,37,6,6,0,0,0,1,0,0,18,0,0,5,11,5,0,0.79,-0.3,13.9,0
1,1,4,9085,1,1,145.0,145.0,1,37,1,9,9,1,0,0,1,0,1,19,0,0,5,7,4,0,1.74,1.4,10.8,0
1,1,2,9070,1,1,126.0,132.0,1,19,38,9,9,1,0,0,1,0,1,19,0,0,6,6,6,0,1.74,1.4,10.8,0
1,17,1,8014,0,1,141.0,136.1,1,34,34,0,0,0,0,0,1,0,0,24,0,0,6,7,6,0,0.32,2.6,7.6,0
1,1,1,9238,1,1,141.0,138.9,1,37,37,4,4,0,0,0,1,0,0,21,0,0,6,7,6,0,1.74,1.4,10.8,0
1,1,1,9238,1,1,133.1,102.0,1,1,1,3,3,1,0,0,1,0,1,20,0,0,6,7,6,0,2.02,0.6,11.1,0
1,39,1,9254,1,1,133.1,123.0,1,19,19,4,7,0,0,1,0,0,1,28,0,0,6,6,6,0,0.79,-0.3,13.9,1
1,1,2,9853,1,1,127.0,137.5,1,37,19,9,8,1,0,0,1,0,0,21,0,0,6,7,6,0,0.32,2.6,7.6,0
1,1,1,9500,1,1,106.0,102.2,1,37,38,191,163,1,0,1,1,1,0,20,0,0,7,7,7,0,2.02,0.6,11.1,0
1,42,1,9003,1,1,130.0,105.3,1,3,2,2,6,0,0,0,0,1,0,36,0,0,6,8,0,0,-0.92,0.3,16.2,1
2,39,1,9991,0,1,110.0,130.0,1,37,37,9,9,0,0,0,0,1,0,42,0,0,4,4,0,0,-1.7,3.7,12.7,1
2,39,1,9991,0,1,150.0,122.5,1,37,37,9,7,0,0,0,1,1,0,47,0,0,5,9,4,0,0.32,2.6,7.6,1
1,39,1,9119,1,1,160.0,112.0,1,1,38,4,7,0,0,0,0,1,0,25,0,0,5,8,0,0,-3.12,-0.8,9.4,1
1,39,1,9670,1,12,170.0,110.0,1,1,37,3,5,0,0,0,1,1,1,25,0,0,6,8,6,0,-4.06,2.8,15.5,0
2,39,1,8014,0,19,133.1,149.5,1,19,37,6,8,0,0,0,1,1,0,48,0,0,6,6,0,0,1.79,0.5,12.4,1
1,43,1,9991,0,1,120.0,141.0,1,38,38,9,7,0,0,0,1,1,1,32,0,5,10,12,10,0,1.74,1.4,10.8,0
1,7,1,9991,0,40,130.0,130.0,1,38,38,9,7,0,0,0,1,1,0,38,0,10,10,10,10,0,3.51,1.4,8.9,1
1,7,1,9238,1,40,130.0,130.0,1,37,37,5,5,0,0,0,1,1,0,37,0,11,16,23,15,0,-4.06,2.8,15.5,0
1,39,2,9147,1,1,120.0,104.0,1,37,37,9,9,0,0,0,0,1,0,26,0,0,5,8,1,0,1.74,1.4,10.8,1
1,44,1,9085,1,39,110.0,110.0,1,3,5,2,2,0,0,0,1,1,0,23,0,0,6,19,0,0,0.79,-0.3,13.9,1
1,44,1,9003,1,39,120.0,120.0,1,38,19,3,5,0,0,0,1,1,0,23,0,0,6,6,0,0,-4.06,2.8,15.5,0
1,44,1,9003,1,39,130.0,130.0,1,2,3,9,6,0,0,0,1,1,0,20,0,0,6,12,4,0,1.79,0.5,12.4,0
1,39,1,9500,1,4,150.0,127.0,1,3,38,3,7,1,0,0,1,1,0,26,0,2,7,8,6,0,2.02,0.6,11.1,1
1,43,1,8014,0,1,120.0,100.0,1,37,37,9,5,0,0,0,1,0,0,45,0,5,9,13,8,0,-1.7,3.7,12.7,0
1,39,1,8014,0,19,100.0,111.0,1,37,37,5,5,1,0,0,1,0,1,26,0,0,6,10,3,0,0.32,2.6,7.6,0
1,43,1,8014,0,3,133.1,130.0,1,9,9,90,90,0,0,0,1,0,0,26,0,8,11,16,10,0,0.32,2.6,7.6,0
1,39,1,9991,0,1,130.0,130.1,1,37,37,9,9,0,0,0,1,0,0,25,0,0,5,8,3,0,1.74,1.4,10.8,0
1,16,4,9500,1,1,145.0,127.5,1,1,1,4,4,1,0,0,1,0,0,18,0,0,8,8,8,0,-3.12,-0.8,9.4,0
1,7,1,9500,1,3,130.0,130.0,1,37,37,7,7,1,0,0,1,0,0,27,0,0,8,8,7,0,-1.7,3.7,12.7,0
6,17,3,8014,0,1,115.0,115.0,1,19,1,5,90,0,0,0,0,0,0,24,0,0,5,5,0,0,1.74,1.4,10.8,1
1,17,1,9147,1,1,124.0,126.8,1,38,19,6,10,1,0,0,1,0,0,20,0,0,5,8,5,0,-4.06,2.8,15.5,0
1,1,1,9500,1,1,124.0,116.7,1,1,19,9,8,1,0,0,1,0,1,18,0,0,7,9,0,0,-4.06,2.8,15.5,1
1,17,6,9556,1,1,134.0,128.5,1,19,38,7,7,1,0,0,1,0,1,18,0,0,7,9,7,0,-1.7,3.7,12.7,0
1,1,4,9500,1,1,137.0,127.5,1,37,37,9,9,1,0,0,1,0,0,18,0,0,8,8,8,0,-3.12,-0.8,9.4,0
1,1,1,9500,1,1,124.0,117.5,1,19,37,3,8,1,0,0,1,1,0,19,0,0,8,10,5,3,-3.12,-0.8,9.4,0
1,42,3,9500,1,1,136.0,148.8,1,1,1,4,4,1,0,0,1,0,1,19,0,0,8,8,8,0,-3.12,-0.8,9.4,0
1,1,4,9500,1,1,126.0,120.2,1,12,1,5,10,0,0,0,1,0,1,19,0,0,7,9,5,0,1.79,0.5,12.4,0
1,1,4,9500,1,1,142.0,127.3,1,38,37,9,5,1,0,0,1,0,0,18,0,0,8,8,7,0,1.74,1.4,10.8,0
1,17,2,171,1,1,141.0,136.1,1,19,37,9,9,1,0,0,1,0,1,18,0,0,0,0,0,0,-1.7,3.7,12.7,0
1,43,2,9670,1,1,129.0,122.4,1,3,3,5,5,1,0,0,1,0,0,19,0,0,5,5,4,0,-1.7,3.7,12.7,0
1,7,0,9003,1,3,130.0,130.0,1,1,37,4,9,1,0,0,1,0,0,23,0,10,17,28,17,2,-4.06,2.8,15.5,0
1,1,2,9238,1,1,136.0,121.7,1,19,19,4,7,1,0,0,1,0,1,21,0,0,6,9,5,0,0.79,-0.3,13.9,0
1,1,3,9500,1,1,137.0,122.7,1,38,38,5,7,1,0,0,1,0,1,18,0,0,7,8,7,0,-0.92,0.3,16.2,0
1,1,1,9853,1,1,125.0,129.2,1,34,37,9,9,1,0,1,0,0,0,20,0,0,6,12,3,0,1.74,1.4,10.8,1
1,43,1,9773,1,1,119.0,105.0,1,19,37,5,5,1,0,0,1,0,0,23,0,0,6,11,3,0,-0.92,0.3,16.2,0
1,1,1,9238,1,1,132.0,129.9,1,37,37,9,7,1,0,0,1,0,0,20,0,0,6,7,5,0,1.74,1.4,10.8,0
1,1,1,9070,1,1,152.0,136.3,1,37,37,5,7,0,0,0,1,0,1,18,0,1,6,8,6,1,0.79,-0.3,13.9,0
1,1,1,8014,0,1,125.0,114.9,1,37,37,9,7,0,0,0,1,0,0,29,0,8,11,14,11,0,-3.12,-0.8,9.4,0
1,39,1,9773,1,9,133.1,102.0,1,38,1,5,4,1,0,0,1,1,0,28,0,0,6,11,3,0,0.32,2.6,7.6,1
1,1,3,9670,1,1,120.0,111.3,1,37,37,7,7,1,0,0,1,1,0,19,0,0,5,7,3,0,-3.12,-0.8,9.4,0
1,39,1,9670,1,1,148.0,130.9,1,19,19,7,7,0,0,1,0,1,0,24,0,0,6,12,0,0,1.74,1.4,10.8,1
1,39,1,171,1,1,133.1,100.0,1,37,37,9,7,0,0,1,1,1,1,33,0,0,0,0,0,0,-4.06,2.8,15.5,1
1,17,1,9147,1,1,115.0,112.9,1,19,37,5,7,1,0,0,0,1,0,19,0,0,5,7,2,0,-3.12,-0.8,9.4,1
1,1,1,9085,1,1,120.0,112.7,1,38,19,9,3,0,0,0,1,1,0,19,0,0,6,7,6,0,2.02,0.6,11.1,0
4,39,1,8014,0,1,133.1,143.0,1,37,37,7,7,0,0,0,1,1,0,37,0,3,9,13,8,0,-1.7,3.7,12.7,0
1,1,1,171,1,1,168.0,155.1,1,38,37,9,8,1,0,1,0,1,1,18,0,0,0,0,0,0,-1.7,3.7,12.7,0
4,39,1,9991,0,1,130.0,127.6,1,37,37,9,9,0,0,0,1,1,0,29,0,0,5,5,0,0,0.32,2.6,7.6,0
2,39,1,9500,1,38,133.1,146.6,1,37,37,9,3,0,0,0,1,1,0,37,0,0,7,8,7,0,0.79,-0.3,13.9,0
1,39,1,9500,1,1,137.0,141.0,1,37,37,9,9,0,0,0,1,1,0,36,0,0,7,0,0,0,1.79,0.5,12.4,1
1,1,2,9670,1,1,123.0,120.6,1,1,38,7,7,1,0,0,1,1,0,19,0,0,6,6,6,0,3.51,1.4,8.9,0
1,42,1,9500,1,1,150.0,110.0,1,19,1,9,3,1,0,0,1,1,1,33,0,6,14,20,14,6,-3.12,-0.8,9.4,0
1,42,1,9119,1,1,120.0,108.6,1,1,1,5,7,0,0,0,0,1,0,34,0,2,7,13,5,0,-4.06,2.8,15.5,1
1,1,1,9254,1,1,145.0,134.9,1,3,19,3,8,1,0,0,1,0,0,18,0,0,6,6,6,0,1.79,0.5,12.4,0
1,44,1,9130,1,39,120.0,120.0,1,3,1,2,4,1,0,0,1,0,0,20,0,0,6,6,0,0,1.79,0.5,12.4,1
1,1,1,9773,1,1,142.0,141.3,1,19,37,4,7,0,0,0,1,0,1,19,0,0,6,7,6,0,0.79,-0.3,13.9,0
1,1,3,9085,1,1,147.0,135.6,1,19,19,9,1,1,0,0,1,0,0,20,0,0,6,7,6,0,0.79,-0.3,13.9,0
1,1,1,9238,1,1,125.0,121.5,1,19,19,9,9,1,0,0,1,0,1,19,0,0,6,9,6,0,1.79,0.5,12.4,0
1,1,4,9500,1,1,126.0,125.0,1,19,19,9,9,1,0,0,1,0,0,19,0,0,7,8,6,0,1.79,0.5,12.4,0
1,18,2,9773,1,1,132.0,119.1,24,37,19,9,7,1,0,0,1,0,1,22,1,0,6,8,5,0,-3.12,-0.8,9.4,0
1,1,1,9670,1,1,122.0,126.6,1,12,12,5,7,1,0,0,1,0,0,18,0,0,6,8,6,0,2.02,0.6,11.1,0
1,1,1,9773,1,1,123.0,116.7,1,1,38,9,9,0,0,0,1,0,1,18,0,0,6,6,6,0,1.79,0.5,12.4,0
1,1,3,9500,1,1,126.0,120.1,1,1,19,131,181,1,0,0,1,0,0,19,0,0,7,12,4,0,1.79,0.5,12.4,0
1,1,1,9853,1,1,128.0,124.9,1,38,37,9,9,0,0,0,1,0,1,19,0,0,6,6,6,0,-1.7,3.7,12.7,0
1,39,1,9500,1,1,100.0,114.0,1,19,1,1,90,1,0,1,0,0,0,31,0,0,7,8,5,0,0.32,2.6,7.6,1
1,17,5,9500,1,1,140.0,131.1,1,1,1,4,3,1,0,0,1,0,0,18,0,0,7,7,7,0,2.02,0.6,11.1,0
1,1,1,9238,1,1,145.0,129.3,1,1,19,9,9,0,0,1,1,0,1,19,0,0,6,11,3,0,1.74,1.4,10.8,0
1,1,1,171,1,1,143.0,129.7,1,3,38,2,10,1,0,0,1,0,0,18,0,0,0,0,0,0,0.79,-0.3,13.9,0
1,17,1,9238,1,1,132.0,120.8,1,37,38,9,5,0,0,0,1,0,1,19,0,0,6,11,5,0,-4.06,2.8,15.5,0
1,1,1,9500,1,1,130.0,135.0,1,19,19,9,6,0,0,0,1,0,0,19,0,0,7,7,6,0,0.32,2.6,7.6,0
1,1,1,9147,1,1,129.0,117.8,1,37,37,9,7,0,0,0,1,0,1,19,0,0,5,6,4,0,1.74,1.4,10.8,0
2,7,1,8014,0,3,124.4,130.0,1,37,34,0,0,0,0,0,1,0,0,30,0,8,10,11,9,0,0.32,2.6,7.6,0
1,43,1,9773,1,1,127.0,117.6,1,19,1,5,5,1,0,0,1,0,0,18,0,0,6,6,0,0,-0.92,0.3,16.2,0
1,18,6,9500,1,1,144.0,130.8,1,1,1,3,6,1,0,0,1,0,0,18,0,0,8,11,7,0,-1.7,3.7,12.7,0
1,18,5,9085,1,1,121.0,111.9,1,5,3,2,3,1,0,0,1,0,0,21,0,0,5,12,0,3,-1.7,3.7,12.7,1
1,44,1,9238,1,1,150.0,145.9,1,1,38,4,9,0,0,0,1,0,1,19,0,3,6,6,6,0,0.79,-0.3,13.9,0
1,17,1,9670,1,1,115.0,109.1,1,1,1,4,4,1,0,0,1,0,1,19,0,0,6,7,6,0,1.79,0.5,12.4,0
1,1,5,9500,1,1,125.0,120.3,1,3,19,4,8,1,0,0,1,0,0,19,0,0,7,11,5,0,0.79,-0.3,13.9,0
1,17,1,9130,1,1,117.0,113.5,1,19,19,4,4,1,0,0,1,0,0,19,0,0,6,8,6,0,3.51,1.4,8.9,1
1,1,2,9670,1,1,121.0,135.4,1,1,19,4,7,1,0,0,1,0,1,19,0,0,6,6,6,0,3.51,1.4,8.9,0
2,39,1,9991,0,1,140.0,130.2,1,37,37,9,6,0,0,0,1,0,1,39,0,0,5,13,4,0,-0.92,0.3,16.2,0
1,1,2,9070,1,1,129.0,136.4,1,3,4,2,2,1,0,0,1,0,0,18,0,0,6,6,6,0,0.32,2.6,7.6,0
1,17,1,171,1,1,130.0,126.9,1,3,1,9,9,1,0,0,1,0,0,20,0,0,0,0,0,0,-1.7,3.7,12.7,1
1,17,5,9147,1,1,131.0,119.8,1,19,38,3,10,1,0,0,1,0,0,19,0,0,5,8,5,0,3.51,1.4,8.9,0
1,17,3,9147,1,1,137.0,124.4,1,1,1,4,7,1,0,0,1,0,0,18,0,0,5,5,5,0,2.02,0.6,11.1,0
2,39,1,9003,1,1,150.0,120.0,1,3,3,2,2,0,0,1,0,0,0,34,0,1,6,10,6,0,2.02,0.6,11.1,0
1,1,2,9670,1,1,117.0,111.8,1,37,37,9,9,0,0,0,1,0,0,22,0,0,5,8,3,0,0.32,2.6,7.6,0
1,39,1,9085,1,1,133.1,130.0,1,19,19,7,7,1,0,0,1,0,0,24,0,0,6,7,6,0,0.79,-0.3,13.9,0
2,43,1,9147,1,1,130.0,138.0,1,19,37,7,10,0,0,0,1,0,0,34,0,12,15,17,12,0,0.32,2.6,7.6,0
2,39,1,9991,0,1,110.0,114.6,1,34,34,0,0,1,0,0,1,0,0,46,0,0,5,5,0,0,0.32,2.6,7.6,1
2,39,2,9147,1,1,140.0,108.0,1,37,37,9,8,0,0,0,1,0,0,50,0,0,5,12,3,1,-3.12,-0.8,9.4,0
1,39,1,9991,0,1,140.0,140.0,1,37,37,9,5,0,0,0,0,0,0,37,0,0,5,5,0,0,-4.06,2.8,15.5,1
1,1,2,9085,1,1,148.0,134.7,1,38,19,4,9,1,0,0,1,0,0,18,0,0,6,6,6,0,3.51,1.4,8.9,0
1,39,1,9085,1,1,130.0,110.0,1,37,37,6,6,0,0,0,1,0,1,25,0,0,6,13,3,0,2.02,0.6,11.1,0
2,39,1,9003,1,1,140.0,104.8,1,37,37,9,6,0,0,0,1,0,0,46,0,14,19,24,19,0,-4.06,2.8,15.5,0
2,39,1,9070,1,1,160.0,126.5,1,3,1,2,5,0,0,0,1,0,1,30,0,1,6,8,6,1,0.79,-0.3,13.9,0
4,1,1,9991,0,1,130.0,118.1,1,37,37,9,9,0,0,1,0,0,0,37,0,0,5,0,0,0,-1.7,3.7,12.7,1
2,39,1,9991,0,1,120.0,119.9,1,37,37,9,9,0,0,0,1,0,0,50,0,0,5,9,2,0,-1.7,3.7,12.7,0
1,44,1,9003,1,39,160.0,160.0,1,38,38,9,6,1,0,0,1,0,0,20,0,0,6,7,6,0,1.79,0.5,12.4,0
2,39,2,9556,1,12,133.1,100.5,1,34,34,99,99,0,0,0,1,0,0,39,0,0,3,7,1,0,2.02,0.6,11.1,1
2,39,1,9773,1,19,133.1,110.0,1,37,37,9,6,0,0,0,0,0,0,53,0,0,5,5,0,0,-4.06,2.8,15.5,1
2,42,1,9147,1,1,100.0,100.0,1,37,37,9,9,1,0,0,1,0,0,54,0,13,15,20,13,1,-4.06,2.8,15.5,1
1,44,1,9085,1,39,140.0,140.0,1,3,3,4,2,1,0,0,1,0,0,19,0,0,6,8,4,0,0.79,-0.3,13.9,0
1,18,2,9773,1,1,109.0,109.0,1,1,1,4,4,1,0,0,0,0,0,20,0,0,6,6,0,0,3.51,1.4,8.9,1
1,1,3,9773,1,1,130.0,120.9,1,1,37,4,5,1,0,1,1,0,0,18,0,0,6,6,6,0,3.51,1.4,8.9,0
1,53,1,9003,1,42,130.0,125.8,1,1,1,144,144,0,0,1,1,0,0,21,0,7,13,21,11,0,3.51,1.4,8.9,0
1,18,3,9070,1,1,164.0,161.2,1,1,1,5,3,1,0,0,1,0,0,18,0,1,6,8,6,1,0.79,-0.3,13.9,0
1,1,1,9500,1,1,125.0,122.0,1,19,19,9,10,1,0,1,1,0,0,19,0,0,7,0,0,0,2.02,0.6,11.1,1
1,17,1,9500,1,1,137.0,127.9,1,1,1,9,9,1,0,0,1,0,1,18,0,0,7,10,5,0,2.02,0.6,11.1,1
1,1,1,9773,1,1,133.0,135.8,1,1,3,3,3,1,0,0,1,0,0,19,0,0,6,6,6,0,2.02,0.6,11.1,0
1,1,1,171,1,1,163.0,149.7,1,1,1,4,3,1,0,0,1,0,1,18,0,0,0,0,0,0,0.79,-0.3,13.9,1
1,1,2,9670,1,1,160.0,137.3,1,2,1,4,4,1,0,0,1,0,0,19,0,0,6,7,5,0,-1.7,3.7,12.7,0
4,43,1,8014,0,12,133.1,106.0,1,34,34,0,0,1,0,0,1,0,0,48,0,0,6,9,5,0,0.32,2.6,7.6,0
4,43,1,9238,1,1,120.0,110.0,1,37,37,9,9,0,0,1,1,0,0,34,0,0,6,13,4,0,0.79,-0.3,13.9,0
1,1,1,9085,1,1,140.0,146.4,1,3,3,2,2,0,0,0,1,0,0,18,0,0,5,5,5,0,0.32,2.6,7.6,0
2,39,1,8014,0,1,140.0,121.0,1,37,37,9,9,0,0,0,1,0,0,50,0,0,6,8,6,0,1.74,1.4,10.8,0
1,43,1,9853,1,1,140.0,125.2,1,37,37,6,6,0,0,1,1,0,0,41,0,20,21,23,21,0,1.79,0.5,12.4,0
1,17,2,9773,1,1,115.0,119.6,1,1,1,5,5,1,0,0,1,0,1,22,0,0,6,11,5,0,0.32,2.6,7.6,1
4,39,1,9147,1,1,140.0,142.8,1,37,37,9,9,0,0,0,1,0,0,43,0,0,5,5,5,0,0.32,2.6,7.6,0
2,39,1,8014,0,19,133.1,123.5,1,3,19,90,90,0,0,0,1,0,0,50,0,0,1,1,0,1,1.74,1.4,10.8,1
1,39,1,9003,1,19,133.1,100.0,1,37,37,9,9,0,0,0,1,0,0,60,0,0,6,10,6,0,0.79,-0.3,13.9,0
2,39,1,9147,1,1,110.0,140.0,1,37,37,9,10,0,0,0,1,0,0,41,0,0,5,14,4,1,-3.12,-0.8,9.4,0
2,39,1,9991,0,19,133.1,150.3,1,37,37,9,9,0,0,0,1,0,0,47,0,0,5,5,5,0,0.32,2.6,7.6,0
1,1,1,171,1,3,116.0,128.2,1,3,3,2,2,0,0,0,1,0,0,22,0,12,17,22,17,0,2.02,0.6,11.1,0
2,39,1,9500,1,1,110.0,114.3,1,37,37,9,6,0,0,0,1,0,0,41,0,0,7,0,0,0,1.74,1.4,10.8,1
2,43,1,9991,0,1,140.0,117.3,1,38,37,5,6,0,0,0,1,0,0,28,0,6,10,15,6,0,0.32,2.6,7.6,0
5,42,1,9254,1,2,120.0,120.0,1,37,37,4,9,0,0,0,1,0,0,32,0,9,15,21,13,0,1.74,1.4,10.8,0
2,39,1,9991,0,12,133.1,110.7,1,37,34,90,90,1,0,0,1,0,0,50,0,0,5,0,0,0,0.32,2.6,7.6,1
1,51,1,9147,1,1,160.0,118.0,1,1,37,9,10,0,0,0,1,0,0,53,0,14,15,15,15,0,3.51,1.4,8.9,0
1,39,1,9556,1,1,133.1,169.2,6,3,3,4,4,0,0,1,0,0,0,54,1,0,7,7,0,0,1.79,0.5,12.4,1
1,39,1,8014,0,1,120.0,106.8,1,37,37,9,7,0,0,0,1,0,0,49,0,0,6,9,5,0,0.79,-0.3,13.9,0
2,42,1,9853,1,1,133.1,100.0,1,37,37,4,7,0,0,0,1,0,0,34,0,6,12,18,11,0,-1.7,3.7,12.7,1
4,39,1,8014,0,1,133.1,144.5,1,38,37,5,7,0,0,0,1,0,0,45,0,0,6,13,4,0,-0.92,0.3,16.2,1
4,39,1,8014,0,19,133.1,134.5,1,37,37,9,7,0,0,0,1,0,1,47,0,0,6,8,5,0,1.79,0.5,12.4,0
1,43,1,9238,1,1,122.0,114.3,1,19,19,5,5,1,0,0,1,0,0,22,0,5,10,15,8,0,-3.12,-0.8,9.4,0
2,39,1,9991,0,1,133.1,113.4,1,37,37,9,9,0,0,0,1,0,0,33,0,0,5,14,1,0,1.79,0.5,12.4,1
2,39,1,8014,0,1,140.0,128.0,1,37,37,9,9,0,0,0,1,0,1,43,0,0,6,7,6,0,3.51,1.4,8.9,0
1,7,1,9003,1,3,120.0,120.0,1,37,37,6,6,0,0,0,1,0,0,54,0,9,13,13,13,0,-4.06,2.8,15.5,0
1,39,1,8014,0,2,130.0,147.5,1,37,37,5,7,0,0,0,1,0,0,39,0,7,11,13,11,0,-1.7,3.7,12.7,0
2,39,1,9991,0,1,120.0,120.7,1,37,37,9,9,0,0,0,1,0,0,39,0,0,5,6,5,0,0.32,2.6,7.6,0
1,1,1,9853,1,1,153.0,153.7,1,19,37,9,9,0,0,0,1,0,1,18,0,0,6,8,6,0,-4.06,2.8,15.5,0
1,17,1,9238,1,1,131.0,121.9,1,37,37,9,7,0,0,0,1,0,1,19,0,0,6,8,6,0,-0.92,0.3,16.2,0
1,17,4,9670,1,1,126.0,119.4,1,38,19,9,6,1,0,0,1,0,1,18,0,0,6,6,6,0,3.51,1.4,8.9,0
2,39,1,8014,0,12,110.0,157.8,1,34,34,0,0,0,0,0,1,0,0,44,0,5,8,13,8,0,0.32,2.6,7.6,0
1,39,1,9991,0,1,150.0,154.0,1,3,1,3,9,0,0,0,1,0,0,27,0,0,5,5,0,0,1.79,0.5,12.4,1
1,1,2,9670,1,1,131.0,135.9,1,1,19,4,7,1,0,0,1,0,1,18,0,0,6,6,6,0,3.51,1.4,8.9,0
2,43,1,8014,0,1,130.0,130.0,1,34,34,0,0,0,0,0,1,0,0,45,0,10,12,12,9,3,-3.12,-0.8,9.4,1
1,17,4,9853,1,1,122.0,118.9,1,38,37,9,9,1,0,0,1,0,0,20,0,0,6,7,6,0,0.32,2.6,7.6,0
2,1,1,8014,0,1,151.0,152.4,1,37,37,9,9,0,0,0,1,0,0,40,0,0,6,7,6,0,1.74,1.4,10.8,0
1,39,1,9991,0,1,120.0,147.8,1,37,37,6,6,0,0,0,1,0,0,40,0,0,5,9,4,0,0.79,-0.3,13.9,0
1,43,1,9500,1,1,136.0,100.0,1,3,3,2,2,0,0,0,1,0,0,18,0,0,7,8,7,0,0.79,-0.3,13.9,0
1,18,6,9500,1,1,140.0,129.0,1,3,19,3,8,1,0,0,1,0,0,21,0,0,8,8,7,0,-1.7,3.7,12.7,0
1,17,2,171,1,1,131.0,148.9,1,2,1,3,3,1,0,0,1,0,0,20,0,0,0,0,0,0,-3.12,-0.8,9.4,0
2,43,1,9991,0,2,120.0,120.0,1,37,37,9,8,0,0,0,1,0,0,36,0,8,12,21,11,0,-3.12,-0.8,9.4,0
2,7,1,8014,0,3,170.0,170.0,1,19,19,4,4,0,0,0,1,0,0,27,0,0,5,5,0,0,-3.12,-0.8,9.4,1
2,39,1,9556,1,1,100.0,130.0,6,38,38,9,9,0,0,0,1,0,0,32,1,0,7,10,7,0,-1.7,3.7,12.7,0
1,17,1,9238,1,1,116.0,119.2,1,1,1,3,3,1,0,0,1,0,1,18,0,0,6,6,6,0,3.51,1.4,8.9,0
1,39,1,8014,0,1,133.1,129.0,1,37,37,9,7,0,0,0,1,0,0,37,0,0,6,13,4,0,-0.92,0.3,16.2,1
1,17,1,9773,1,1,136.0,132.5,1,3,1,2,3,1,0,0,1,0,0,19,0,0,6,7,6,0,1.74,1.4,10.8,0
4,39,2,8014,0,1,160.0,115.0,1,37,38,7,5,0,0,0,1,0,1,41,0,0,6,8,6,0,1.74,1.4,10.8,0
2,1,4,9500,1,1,140.0,128.0,1,1,37,4,9,0,0,0,1,0,1,18,0,0,7,7,6,0,0.32,2.6,7.6,0
1,43,1,9085,1,1,130.0,125.1,1,37,37,90,90,0,0,0,1,0,0,21,0,2,9,14,8,0,0.32,2.6,7.6,0
1,44,1,9003,1,1,140.0,140.0,1,1,19,3,9,1,0,1,0,0,0,23,0,0,6,13,5,0,1.79,0.5,12.4,1
1,17,2,9773,1,1,123.0,120.9,1,1,1,3,3,1,0,0,1,0,0,18,0,0,6,0,0,0,0.79,-0.3,13.9,1
1,1,6,9500,1,1,143.0,135.3,1,19,19,4,4,1,0,0,1,0,0,18,0,0,8,8,8,0,-3.12,-0.8,9.4,0
1,43,4,9085,1,1,133.1,125.2,1,34,34,99,99,0,0,0,1,0,0,21,0,0,6,0,0,0,0.32,2.6,7.6,1
1,1,2,9238,1,1,136.0,135.7,1,22,30,0,8,1,0,0,1,0,0,19,0,0,6,8,6,0,0.32,2.6,7.6,0
6,39,2,9147,1,1,133.1,110.0,1,37,37,9,9,0,0,0,1,0,0,47,0,0,5,0,0,0,-3.12,-0.8,9.4,1
6,39,1,8014,0,1,133.1,119.0,1,37,37,9,9,0,0,0,1,0,1,48,0,0,6,7,6,0,1.74,1.4,10.8,0
2,7,1,8014,0,3,110.0,110.0,1,37,37,9,9,0,0,0,1,0,0,39,0,9,13,19,12,0,-0.92,0.3,16.2,0
1,1,1,9500,1,1,118.0,115.2,1,38,38,7,7,1,0,0,1,0,0,19,0,0,7,9,6,0,2.02,0.6,11.1,0
1,43,1,9991,0,2,110.0,112.9,1,37,37,9,9,0,0,0,1,0,0,38,0,14,15,16,14,0,-3.12,-0.8,9.4,1
5,39,1,9003,1,19,133.1,119.4,1,19,1,9,9,0,0,1,0,0,0,27,0,0,6,6,0,0,3.51,1.4,8.9,1
1,1,1,171,1,1,162.0,152.9,1,19,19,4,7,1,0,0,1,0,1,18,0,0,0,0,0,0,1.79,0.5,12.4,0
1,39,1,8014,0,1,155.0,117.5,1,19,37,4,5,0,0,0,1,0,0,34,0,0,6,6,4,0,-1.7,3.7,12.7,0
2,39,1,9238,1,19,133.1,98.5,1,37,37,4,4,0,0,0,1,0,0,48,0,0,6,14,6,0,-4.06,2.8,15.5,1
1,39,1,9670,1,1,150.0,108.0,1,34,34,0,0,0,0,0,1,0,0,25,0,0,5,6,1,0,0.32,2.6,7.6,1
2,39,1,9500,1,1,133.1,120.0,1,19,37,6,6,0,0,0,1,0,1,32,0,0,8,9,7,0,-1.7,3.7,12.7,0
1,1,1,9773,1,1,154.0,150.2,1,37,37,9,7,0,0,0,1,0,1,18,0,0,6,6,6,0,-0.92,0.3,16.2,0
1,44,1,8014,0,39,140.0,139.2,1,1,3,4,6,0,0,1,1,0,0,20,0,3,6,6,6,0,1.79,0.5,12.4,0
1,1,1,9147,1,1,158.0,130.0,1,19,37,9,7,1,0,0,1,0,0,20,0,0,5,8,4,0,0.32,2.6,7.6,0
1,1,1,171,1,1,122.0,115.7,1,37,37,9,3,1,0,0,1,0,0,20,0,0,0,0,0,0,-3.12,-0.8,9.4,1
1,1,3,9500,1,1,136.0,127.0,1,1,1,4,4,1,0,0,1,0,0,19,0,0,8,10,1,7,-3.12,-0.8,9.4,0
1,39,1,9991,0,9,133.1,118.1,1,37,34,90,90,1,0,0,1,0,0,39,0,0,5,9,0,0,0.32,2.6,7.6,1
1,1,1,9130,1,1,132.0,119.1,1,6,6,0,4,1,0,1,1,0,0,29,0,0,5,10,1,4,1.74,1.4,10.8,1
1,39,1,9991,0,1,130.0,111.9,1,37,37,6,6,0,0,1,1,0,0,36,0,0,5,5,0,0,-1.7,3.7,12.7,1
1,1,6,9500,1,1,144.0,130.5,1,19,19,9,9,1,0,0,1,0,0,18,0,0,8,12,7,0,-1.7,3.7,12.7,0
2,39,1,8014,0,12,133.1,135.0,1,34,34,0,0,0,0,0,1,0,0,51,0,0,6,12,0,0,0.32,2.6,7.6,1
1,43,1,9773,1,1,133.1,130.0,22,34,34,90,90,0,0,1,1,0,0,23,1,0,6,11,1,0,0.32,2.6,7.6,1
1,44,1,9085,1,1,150.0,150.0,1,29,10,6,6,1,0,0,1,0,0,21,0,0,6,0,0,0,1.74,1.4,10.8,1
1,43,5,9853,1,1,150.0,150.2,1,34,34,0,0,1,0,0,0,0,0,28,0,0,6,9,4,1,-3.12,-0.8,9.4,1
2,39,1,9991,0,1,110.0,127.1,1,37,37,9,3,0,0,0,1,0,0,34,0,0,5,9,4,0,0.32,2.6,7.6,0
1,39,1,8014,0,1,100.0,107.5,1,37,37,6,5,0,0,0,1,0,0,41,0,0,2,2,0,0,-1.7,3.7,12.7,1
4,39,1,8014,0,3,100.0,130.0,1,37,37,9,9,0,0,0,1,0,1,43,0,0,6,7,5,0,-3.12,-0.8,9.4,0
2,39,2,9556,1,1,133.1,152.8,105,1,3,9,2,1,0,0,1,0,0,28,1,0,7,9,7,0,1.79,0.5,12.4,0
1,1,1,171,1,1,145.0,160.1,1,40,1,2,4,0,0,0,1,0,1,19,0,6,12,12,12,0,3.51,1.4,8.9,0
1,39,1,9003,1,1,130.0,140.0,1,19,19,9,1,0,0,0,1,0,0,26,0,6,12,13,6,0,-4.06,2.8,15.5,0
1,1,4,9500,1,1,118.0,110.7,1,4,3,2,3,1,0,0,1,0,0,18,0,0,7,7,7,0,1.79,0.5,12.4,0
2,39,1,9853,1,1,133.1,138.3,1,37,19,9,5,0,0,0,1,0,0,45,0,0,7,12,4,0,2.02,0.6,11.1,1
1,44,1,9853,1,39,150.0,150.0,1,3,37,2,7,0,0,0,1,0,0,19,0,0,6,0,0,0,1.79,0.5,12.4,1
1,17,6,9670,1,1,113.0,112.3,1,4,1,3,10,0,0,0,1,0,0,20,0,0,6,9,6,0,2.02,0.6,11.1,0
1,1,6,9853,1,1,136.0,122.0,1,1,19,5,5,0,0,0,1,0,0,18,0,0,6,6,6,0,0.32,2.6,7.6,0
1,39,1,9085,1,1,140.0,141.7,1,3,3,4,2,1,0,0,1,0,0,27,0,0,6,13,3,0,1.79,0.5,12.4,1
2,1,1,9003,1,1,131.0,118.4,1,19,38,5,5,0,0,0,1,0,0,20,0,0,6,11,6,0,0.79,-0.3,13.9,0
1,1,3,9085,1,1,138.0,128.7,1,1,1,4,8,1,0,0,1,0,0,18,0,0,6,7,6,0,3.51,1.4,8.9,0
2,39,2,9670,1,1,100.0,100.0,1,37,37,9,9,0,0,0,1,0,0,35,0,0,5,8,5,0,-3.12,-0.8,9.4,0
1,39,1,171,1,1,140.0,100.8,1,37,37,9,9,0,1,0,1,0,0,26,0,0,0,0,0,0,-0.92,0.3,16.2,1
4,39,1,9238,1,1,120.0,125.5,1,37,37,9,9,1,0,0,1,0,1,39,0,0,6,7,6,0,-1.7,3.7,12.7,0
1,1,1,171,1,1,139.0,124.0,1,37,37,9,9,1,0,0,1,0,0,18,0,0,0,0,0,0,0.32,2.6,7.6,0
1,7,1,9500,1,3,130.0,130.0,1,37,37,9,5,0,0,0,1,0,0,36,0,0,7,7,0,7,-0.92,0.3,16.2,1
2,39,1,8014,0,3,110.0,160.5,1,37,37,9,9,0,0,0,1,0,0,38,0,8,11,11,11,0,0.79,-0.3,13.9,0
2,39,1,9853,1,19,133.1,100.0,1,37,19,3,7,0,0,0,1,0,0,45,0,0,6,11,3,0,0.32,2.6,7.6,1
5,39,1,9254,1,1,133.1,103.0,1,2,2,2,2,0,0,0,1,0,0,62,0,0,6,7,6,0,1.74,1.4,10.8,0
1,1,1,9670,1,1,133.1,103.0,1,1,1,9,1,1,0,0,1,0,1,20,0,0,6,8,4,0,1.74,1.4,10.8,0
1,1,1,9500,1,1,139.0,131.5,1,19,37,9,9,1,0,0,1,0,0,18,0,0,8,8,7,0,1.74,1.4,10.8,0
1,18,3,9070,1,1,134.0,121.4,1,1,1,3,4,0,0,0,1,0,0,18,0,0,6,6,2,0,-3.12,-0.8,9.4,1
2,1,1,9991,0,3,160.0,137.3,1,1,3,4,9,0,0,0,1,0,0,23,0,0,5,5,5,0,-3.12,-0.8,9.4,0
1,1,1,9070,1,1,124.0,138.4,1,19,19,9,9,1,0,1,1,0,1,19,0,1,6,8,6,1,0.79,-0.3,13.9,1
1,17,1,9147,1,1,137.0,131.1,1,1,3,7,3,1,0,1,1,0,1,19,0,0,5,7,5,0,3.51,1.4,8.9,0
1,42,1,9500,1,1,157.0,100.0,1,3,3,3,3,0,0,0,1,0,0,18,0,0,7,8,7,0,0.79,-0.3,13.9,0
1,17,4,9500,1,1,138.0,133.0,1,4,1,2,1,1,0,0,1,0,0,18,0,0,8,8,0,5,-3.12,-0.8,9.4,0
1,39,2,8014,0,1,100.0,100.0,1,35,37,90,90,0,0,0,1,0,0,41,0,0,6,10,4,0,0.32,2.6,7.6,0
1,39,1,9670,1,1,130.0,159.0,1,19,3,4,2,0,0,0,1,0,1,51,0,0,6,8,5,0,1.79,0.5,12.4,0
1,43,2,9238,1,1,133.1,120.6,1,19,19,4,5,1,0,0,1,0,0,24,0,6,10,16,10,0,-0.92,0.3,16.2,0
1,39,1,9991,0,3,120.0,134.0,1,19,1,9,5,0,0,0,1,0,0,25,0,0,5,14,1,0,-0.92,0.3,16.2,1
1,5,1,9085,1,1,150.0,139.4,1,1,1,4,4,0,0,0,1,0,0,18,0,0,5,9,3,1,0.32,2.6,7.6,0
1,16,6,9147,1,1,128.0,116.5,1,37,37,9,9,1,0,0,1,0,0,20,0,0,5,8,4,0,0.32,2.6,7.6,0
1,1,1,171,1,1,124.0,113.9,1,1,19,123,103,1,1,0,1,0,0,19,0,0,0,0,0,0,0.79,-0.3,13.9,1
5,43,1,9991,0,3,130.0,130.0,1,3,3,1,1,0,0,0,1,0,0,41,0,5,10,14,10,0,-0.92,0.3,16.2,0
1,1,2,9254,1,1,132.0,129.9,1,1,19,9,9,1,0,0,1,0,1,19,0,0,6,8,6,0,3.51,1.4,8.9,0
1,42,1,9853,1,12,133.1,133.7,1,1,3,3,2,0,0,0,1,0,0,28,0,14,18,23,14,2,-0.92,0.3,16.2,1
1,1,3,9070,1,1,129.0,124.8,1,5,3,5,7,1,0,0,1,0,0,21,0,0,6,6,6,0,1.79,0.5,12.4,0
1,1,1,9085,1,1,135.0,133.6,1,3,2,1,1,1,0,0,0,0,0,22,0,0,5,12,4,3,-3.12,-0.8,9.4,1
1,17,4,9773,1,1,138.0,133.5,1,37,19,5,7,1,0,0,0,0,0,18,0,0,6,7,6,0,1.74,1.4,10.8,0
1,1,1,9070,1,1,135.0,128.0,1,19,37,9,9,1,0,0,1,0,1,19,0,0,6,6,6,0,1.74,1.4,10.8,0
1,17,6,9500,1,1,131.0,127.2,1,3,19,5,5,1,0,0,1,0,1,19,0,0,7,7,7,0,2.02,0.6,11.1,0
1,7,1,9853,1,3,150.0,150.0,1,19,19,4,5,0,0,1,0,0,0,25,0,1,6,7,6,0,1.74,1.4,10.8,0
1,42,4,9500,1,6,133.0,127.8,1,1,19,2,9,1,0,0,1,0,1,18,0,0,7,7,6,0,0.32,2.6,7.6,0
1,17,1,9070,1,1,135.0,125.2,1,37,19,9,9,1,0,0,1,0,0,19,0,0,6,6,6,0,-1.7,3.7,12.7,0
1,43,2,9853,1,1,118.0,110.0,1,19,1,5,4,1,0,0,1,0,0,20,0,0,6,10,4,0,1.74,1.4,10.8,0
2,39,1,8014,0,19,100.0,100.0,1,34,34,0,0,0,0,0,1,0,0,46,0,0,6,9,6,0,0.32,2.6,7.6,0
1,17,1,171,1,1,158.0,151.4,1,3,3,3,3,1,0,0,0,0,0,19,0,6,12,12,12,0,3.51,1.4,8.9,0
1,1,2,9254,1,1,137.0,125.1,1,38,19,9,7,1,0,0,1,0,0,18,0,0,6,10,4,0,0.32,2.6,7.6,0
1,1,1,9130,1,1,172.0,163.3,1,19,19,9,9,1,0,0,1,0,1,18,0,0,6,8,6,0,0.79,-0.3,13.9,0
1,18,1,9500,1,1,123.0,118.0,1,37,37,3,3,1,0,0,1,0,1,19,0,0,8,8,7,0,1.74,1.4,10.8,0
1,1,2,9773,1,1,144.0,140.2,1,3,3,3,2,1,0,0,1,0,0,20,0,0,6,0,0,0,-0.92,0.3,16.2,1
2,39,1,8014,0,1,140.0,128.5,1,37,37,5,6,0,0,0,1,0,1,38,0,0,6,6,5,0,-3.12,-0.8,9.4,0
1,17,1,9773,1,1,136.0,131.5,1,1,38,9,8,1,0,0,1,0,0,18,0,0,6,7,6,0,0.79,-0.3,13.9,0
1,17,5,9500,1,1,137.0,132.6,1,1,1,5,5,1,0,0,1,0,1,18,0,0,7,7,7,0,0.79,-0.3,13.9,0
1,17,1,9238,1,1,128.0,122.1,1,19,1,0,5,1,0,0,1,0,0,18,0,0,6,9,5,0,0.79,-0.3,13.9,0
1,17,1,9147,1,1,120.0,112.0,1,3,3,2,2,0,0,0,1,0,0,20,0,0,5,10,4,0,-4.06,2.8,15.5,0
1,1,1,9130,1,1,130.0,133.0,1,3,19,4,8,1,0,0,1,0,0,19,0,0,6,6,6,0,1.79,0.5,12.4,0
4,39,1,8014,0,1,138.0,127.0,1,19,19,90,90,0,0,0,0,0,0,37,0,0,4,4,0,0,1.74,1.4,10.8,1
1,39,1,9500,1,1,148.0,130.0,1,3,19,2,5,0,0,0,1,0,0,24,0,0,8,12,7,0,-1.7,3.7,12.7,0
1,1,2,9500,1,1,139.0,136.4,1,4,1,2,10,1,0,0,1,0,0,19,0,0,7,9,7,0,-4.06,2.8,15.5,0
1,1,3,9773,1,1,136.0,129.0,1,3,1,5,3,1,0,0,1,0,1,19,0,0,6,7,6,0,0.79,-0.3,13.9,1
1,17,3,9556,1,1,126.0,119.0,1,19,19,9,4,1,0,0,1,0,1,19,0,0,7,8,7,0,-0.92,0.3,16.2,1
1,17,1,9147,1,1,135.0,128.0,1,37,38,9,9,1,0,1,1,0,1,18,0,0,5,5,5,0,2.02,0.6,11.1,0
1,1,4,9500,1,1,122.0,117.1,1,19,38,7,7,1,0,0,1,0,1,18,0,0,7,7,7,0,1.79,0.5,12.4,0
1,1,4,9147,1,1,137.0,136.3,1,1,19,4,5,0,0,0,1,0,0,18,0,0,5,9,4,0,3.51,1.4,8.9,0
1,17,5,9147,1,1,127.0,124.6,1,1,38,4,5,1,0,0,1,0,1,19,0,0,5,12,2,0,2.02,0.6,11.1,0
1,1,1,9130,1,1,137.0,130.7,1,40,19,2,9,1,0,0,1,0,0,18,0,0,6,8,5,0,3.51,1.4,8.9,1
1,1,4,9500,1,1,125.0,115.2,1,1,12,3,6,1,0,0,1,0,0,20,0,0,7,7,7,0,1.79,0.5,12.4,0
1,17,1,9085,1,1,141.0,130.2,1,3,2,2,3,1,0,0,1,0,0,20,0,0,6,14,6,0,-4.06,2.8,15.5,0
1,1,1,9085,1,1,132.0,128.5,1,2,2,6,6,0,0,0,1,0,0,18,0,0,6,11,5,0,1.79,0.5,12.4,1
1,16,1,9500,1,1,133.1,95.0,1,37,37,9,9,1,0,0,1,0,0,20,0,0,7,7,6,0,1.79,0.5,12.4,0
1,17,1,9670,1,1,132.0,119.4,1,1,1,3,3,1,0,0,1,0,1,18,0,0,6,7,6,0,3.51,1.4,8.9,0
1,1,6,9500,1,1,142.0,123.5,1,1,37,7,7,1,0,0,1,0,0,19,0,0,7,0,0,0,-1.7,3.7,12.7,1
1,1,4,9500,1,1,136.0,133.9,1,38,1,5,6,1,0,0,1,0,0,18,0,0,7,9,7,0,-4.06,2.8,15.5,0
1,53,1,9085,1,42,150.0,145.2,1,1,19,4,8,1,0,0,1,0,0,20,0,7,11,13,11,0,3.51,1.4,8.9,0
1,1,1,9500,1,1,130.0,118.8,1,3,3,1,5,0,0,0,1,0,0,18,0,0,7,7,7,0,2.02,0.6,11.1,0
1,16,2,9085,1,1,136.0,123.4,1,37,37,9,9,1,0,0,1,0,1,19,0,0,5,8,5,2,-3.12,-0.8,9.4,0
1,17,6,9238,1,1,138.0,123.0,1,3,3,1,2,1,0,0,1,0,0,19,0,0,6,11,5,0,-4.06,2.8,15.5,0
1,17,1,9130,1,1,131.0,118.4,1,19,9,5,3,0,0,0,1,0,0,19,0,0,5,8,3,0,0.32,2.6,7.6,0
1,1,1,9500,1,1,147.0,131.6,1,3,1,2,3,0,0,0,1,0,0,18,0,0,7,8,6,0,2.02,0.6,11.1,0
1,17,1,9853,1,1,140.0,122.3,1,38,19,4,10,1,0,0,1,0,0,19,0,0,6,9,4,0,-1.7,3.7,12.7,1
1,1,2,171,1,1,152.0,151.7,1,38,19,9,9,1,0,0,1,0,1,24,0,0,0,0,0,0,2.02,0.6,11.1,0
1,1,1,171,1,1,169.0,176.0,1,19,37,9,7,1,0,0,1,0,1,18,0,0,0,0,0,0,1.79,0.5,12.4,0
1,1,6,9500,1,1,149.0,133.0,1,1,1,4,9,1,0,0,1,0,1,18,0,0,8,8,7,0,-1.7,3.7,12.7,0
1,1,4,9773,1,1,137.0,139.8,1,3,19,2,3,1,1,0,1,0,0,18,0,0,6,10,6,0,1.74,1.4,10.8,0
1,1,4,9773,1,1,122.0,119.6,1,41,1,4,3,1,0,0,1,0,0,19,0,0,6,6,4,0,2.02,0.6,11.1,1
1,39,1,8014,0,1,130.0,134.0,1,37,37,9,6,0,0,0,1,0,1,35,0,2,8,8,8,0,3.51,1.4,8.9,0
1,17,6,9147,1,1,145.0,132.0,1,37,37,9,9,1,0,0,1,0,0,19,0,0,5,7,4,0,0.32,2.6,7.6,0
1,7,1,9853,1,3,130.0,130.0,1,37,37,9,9,0,0,0,1,0,0,28,0,14,15,25,14,1,0.32,2.6,7.6,1
1,43,1,9500,1,1,157.0,141.4,1,38,3,5,2,0,0,0,1,0,0,21,0,3,7,8,7,0,0.79,-0.3,13.9,0
1,18,2,9500,1,1,135.0,128.9,1,19,1,5,5,1,0,0,1,0,1,19,0,0,7,8,6,0,2.02,0.6,11.1,0
1,5,2,9238,1,1,123.0,118.1,1,40,38,2,9,1,0,0,1,0,0,19,0,0,6,6,6,0,3.51,1.4,8.9,0
1,1,1,9085,1,1,139.0,130.6,1,3,4,2,2,0,0,0,1,0,0,18,0,0,5,12,5,2,-3.12,-0.8,9.4,0
1,1,1,9254,1,1,136.0,122.0,1,12,1,4,4,1,0,0,1,0,0,18,0,0,6,8,6,0,0.32,2.6,7.6,0
1,1,2,9500,1,1,135.0,123.0,1,3,3,2,2,1,0,0,0,0,0,19,0,0,7,0,0,0,-1.7,3.7,12.7,1
1,1,1,9670,1,1,126.0,126.7,1,1,1,9,10,1,0,0,1,0,1,20,0,0,6,6,6,0,3.51,1.4,8.9,0
1,1,1,9773,1,1,122.0,126.6,1,38,19,9,9,1,0,0,1,0,0,18,0,0,6,6,6,0,3.51,1.4,8.9,0
1,1,1,9853,1,1,125.0,125.4,1,38,38,9,9,0,0,1,0,0,0,19,0,0,7,11,4,0,-0.92,0.3,16.2,1
1,1,3,9773,1,1,134.0,136.1,1,1,19,9,9,1,0,0,1,0,1,20,0,0,6,6,6,0,1.79,0.5,12.4,1
1,17,5,9500,1,1,130.0,128.8,1,19,1,9,4,1,0,0,1,0,0,18,0,0,7,8,6,0,2.02,0.6,11.1,0
1,17,4,9670,1,1,110.0,111.1,1,1,37,7,7,1,0,0,0,0,0,18,0,0,6,6,6,0,3.51,1.4,8.9,0
1,1,1,9070,1,1,131.0,135.9,1,3,3,3,3,0,0,0,1,0,1,21,0,1,6,8,6,1,0.79,-0.3,13.9,0
1,5,5,9254,1,1,122.0,119.6,1,1,37,9,7,1,0,0,1,0,1,19,0,0,6,6,6,0,1.79,0.5,12.4,0
1,17,2,9853,1,1,123.0,116.7,1,1,1,3,9,1,0,0,1,0,0,19,0,0,6,8,5,0,-3.12,-0.8,9.4,0
1,1,1,9085,1,1,146.0,126.0,1,1,1,9,7,0,0,0,1,0,0,19,0,0,5,7,3,0,0.32,2.6,7.6,0
1,1,4,9773,1,1,137.0,134.2,1,37,37,0,90,1,0,0,1,0,0,18,0,0,6,6,6,0,1.74,1.4,10.8,1
1,1,1,9147,1,1,130.0,123.0,1,1,19,3,3,0,0,0,1,0,1,18,0,0,5,7,5,0,-1.7,3.7,12.7,0
1,1,2,9085,1,1,127.0,123.9,1,38,37,5,7,1,0,0,1,0,0,18,0,0,5,9,4,0,1.74,1.4,10.8,0
2,39,1,9556,1,1,160.0,120.0,1,37,37,9,6,0,0,0,1,0,0,31,0,0,7,21,5,3,-1.7,3.7,12.7,1
1,42,1,9147,1,1,139.0,112.3,1,3,38,2,5,1,0,0,1,0,0,19,0,0,5,8,2,0,1.74,1.4,10.8,0
1,16,1,9085,1,1,138.0,123.0,1,37,37,9,9,1,0,0,1,0,1,20,0,0,6,7,6,0,0.79,-0.3,13.9,0
1,17,1,9085,1,1,137.0,122.3,1,38,19,0,90,0,0,0,1,0,1,19,0,0,5,5,5,0,0.32,2.6,7.6,1
1,17,1,9238,1,1,127.0,122.8,1,38,38,9,6,0,0,0,1,0,1,19,0,0,6,8,6,0,-0.92,0.3,16.2,0
5,7,1,9130,1,3,160.0,160.0,1,19,38,9,6,0,0,0,0,0,0,27,0,1,5,8,3,2,1.74,1.4,10.8,1
1,17,2,9773,1,1,132.0,120.1,1,19,19,9,6,1,0,0,1,0,1,18,0,0,6,6,6,0,3.51,1.4,8.9,0
1,1,1,8014,0,1,126.0,142.4,1,34,34,0,0,0,0,0,1,0,0,32,0,0,6,0,0,0,0.32,2.6,7.6,1
1,1,4,9500,1,1,133.0,127.3,1,38,19,8,7,1,0,0,1,0,0,18,0,0,8,8,7,0,-1.7,3.7,12.7,0
1,1,3,9500,1,1,140.0,125.5,1,19,37,9,9,1,0,0,1,0,1,19,0,0,8,8,7,0,1.74,1.4,10.8,0
1,1,2,9773,1,1,130.0,137.4,1,19,19,5,6,0,0,0,1,0,0,19,0,0,6,6,6,0,-4.06,2.8,15.5,0
1,17,2,9254,1,1,129.0,122.0,1,12,37,9,9,1,0,0,1,0,0,18,0,0,6,15,2,0,1.74,1.4,10.8,1
1,17,3,9670,1,1,110.0,107.5,1,19,1,4,4,1,0,0,1,0,1,18,0,0,6,11,4,0,-1.7,3.7,12.7,1
1,39,1,9773,1,19,133.1,104.0,1,19,19,171,163,0,0,1,0,0,1,24,0,0,6,6,6,0,2.02,0.6,11.1,0
1,17,2,9238,1,1,132.0,133.1,1,38,1,7,7,1,0,0,1,0,1,19,0,0,6,8,5,0,-3.12,-0.8,9.4,0
1,17,2,9254,1,1,115.0,113.3,1,19,19,9,7,1,0,1,1,0,0,21,0,0,6,0,0,0,2.02,0.6,11.1,1
1,44,1,9070,1,39,130.0,130.0,1,1,1,4,10,1,0,0,1,0,0,19,0,2,7,11,6,0,-0.92,0.3,16.2,0
1,1,3,9500,1,1,140.0,124.3,6,2,3,5,2,1,0,0,1,0,0,19,1,0,7,9,5,0,1.79,0.5,12.4,0
1,39,1,9556,1,1,140.0,105.0,1,37,37,9,8,1,0,0,1,0,1,36,0,0,7,11,6,0,3.51,1.4,8.9,0
1,39,1,9085,1,12,133.1,144.0,1,37,37,10,9,0,0,0,1,1,0,51,0,0,6,0,0,0,1.79,0.5,12.4,1
1,1,3,9670,1,1,121.0,111.9,1,1,19,5,5,1,0,0,1,1,1,20,0,0,6,7,6,0,1.74,1.4,10.8,0
1,39,1,8014,0,38,133.1,107.5,1,1,1,4,4,0,0,1,0,1,0,29,0,0,6,6,0,0,3.51,1.4,8.9,1
1,44,1,9238,1,39,130.0,127.4,1,1,19,4,5,0,0,1,0,1,0,27,0,3,6,8,5,0,0.79,-0.3,13.9,1
1,39,1,9119,1,1,130.0,149.0,1,19,37,9,4,1,0,0,1,1,0,33,0,0,5,10,4,0,0.32,2.6,7.6,0
2,2,1,9147,1,2,120.0,120.0,1,37,37,9,9,0,0,0,0,1,0,57,0,12,15,17,12,0,-3.12,-0.8,9.4,1
1,1,1,9670,1,1,132.0,143.6,1,4,2,123,112,1,0,0,1,1,0,20,0,0,6,8,5,0,0.79,-0.3,13.9,0
1,39,1,9670,1,1,100.0,120.0,1,1,1,4,4,0,0,0,1,1,0,26,0,0,5,7,3,0,-3.12,-0.8,9.4,1
1,43,1,9119,1,1,130.0,128.0,1,1,1,9,2,0,0,1,0,1,0,27,0,0,5,5,0,0,0.79,-0.3,13.9,0
1,1,1,9670,1,1,129.0,118.2,1,1,37,4,9,0,0,0,1,1,0,19,0,0,5,5,5,0,-3.12,-0.8,9.4,0
1,44,1,9085,1,39,160.0,160.0,1,12,38,4,8,1,0,0,1,1,0,23,0,1,6,10,5,0,1.79,0.5,12.4,1
1,39,1,9991,0,1,120.0,152.4,1,19,38,5,5,0,0,0,1,1,0,27,0,0,5,5,5,0,1.74,1.4,10.8,0
1,1,6,9500,1,1,122.0,116.6,1,19,37,3,5,1,0,1,1,1,1,20,0,0,7,7,7,0,1.79,0.5,12.4,0
1,18,1,9070,1,1,143.0,141.6,1,38,38,7,5,0,0,0,1,0,1,19,0,6,12,12,11,0,1.74,1.4,10.8,0
1,1,1,9130,1,1,110.0,105.5,1,3,19,2,9,1,0,1,0,0,0,19,0,0,6,0,0,0,2.02,0.6,11.1,1
1,1,1,9070,1,1,124.0,116.3,1,37,19,9,3,1,0,0,1,0,0,20,0,0,6,8,5,0,-0.92,0.3,16.2,0
2,7,1,9147,1,3,110.0,110.0,1,19,1,9,9,0,0,0,1,0,0,33,0,5,8,10,6,0,2.02,0.6,11.1,0
1,43,1,9991,0,1,130.0,119.5,1,37,37,9,9,1,0,0,1,0,0,22,0,9,15,17,15,0,0.32,2.6,7.6,0
1,1,6,9147,1,1,139.0,125.0,1,19,12,4,4,1,0,0,1,0,0,18,0,0,5,8,3,0,0.32,2.6,7.6,0
5,39,1,9500,1,3,140.0,160.0,1,37,38,9,9,0,0,0,1,0,0,27,0,0,8,8,7,0,-1.7,3.7,12.7,0
1,39,1,9991,0,1,150.0,150.0,1,37,37,9,7,0,0,0,1,0,0,27,0,0,5,0,0,0,-4.06,2.8,15.5,1
1,1,1,9238,1,1,123.0,115.0,1,37,37,9,9,1,0,0,1,0,0,19,0,0,6,10,4,0,2.02,0.6,11.1,0
1,17,1,9853,1,1,128.0,128.4,1,38,38,9,7,1,0,0,1,0,1,20,0,0,6,10,5,0,-3.12,-0.8,9.4,0
1,1,1,8014,0,1,100.0,112.8,1,38,19,6,10,0,0,0,1,0,1,23,0,0,6,6,6,0,-1.7,3.7,12.7,0
1,43,1,9500,1,1,148.0,131.0,1,29,38,90,3,1,0,0,1,0,1,22,0,18,23,23,20,3,0.32,2.6,7.6,0
1,17,2,9254,1,1,130.0,121.6,1,19,19,7,7,1,0,0,1,0,1,18,0,0,6,9,1,1,-1.7,3.7,12.7,1
1,1,4,9238,1,1,118.0,110.0,1,19,38,9,9,0,0,0,1,0,1,18,0,0,6,7,6,0,1.79,0.5,12.4,0
1,39,1,8014,0,1,120.0,148.5,1,38,38,9,9,0,0,0,1,0,1,31,0,0,6,6,6,0,1.74,1.4,10.8,0
1,17,4,9773,1,1,119.0,118.3,1,38,19,9,9,0,0,0,1,0,0,19,0,0,6,8,4,0,-4.06,2.8,15.5,1
1,1,1,9238,1,1,138.0,135.9,1,37,37,9,9,1,0,0,1,0,0,19,0,0,6,11,5,0,0.32,2.6,7.6,0
1,17,1,8014,0,1,127.0,115.8,1,19,37,4,7,0,0,0,1,0,0,24,0,0,6,12,1,0,1.74,1.4,10.8,1
1,1,1,9500,1,1,134.0,121.2,1,38,19,3,10,0,0,0,1,0,0,19,0,0,7,10,7,0,-4.06,2.8,15.5,0
1,17,4,9147,1,1,133.0,136.2,1,1,1,4,5,1,0,0,1,0,0,19,0,0,5,6,5,0,0.32,2.6,7.6,0
1,39,1,9670,1,1,133.1,100.2,1,37,37,9,9,1,0,0,0,0,0,26,0,0,6,9,3,0,-0.92,0.3,16.2,1
1,1,1,171,1,1,180.0,152.7,41,37,37,9,9,1,0,1,0,1,0,27,1,0,0,0,0,0,0.32,2.6,7.6,1
1,17,4,9238,1,1,129.0,123.1,1,19,19,4,7,1,0,0,1,0,0,19,0,0,6,7,6,0,2.02,0.6,11.1,0
2,39,1,9085,1,1,120.0,130.0,1,19,19,1,4,0,0,0,1,0,0,29,0,0,5,8,5,2,-3.12,-0.8,9.4,1
1,1,6,9500,1,1,141.0,125.0,1,1,38,4,5,1,0,0,1,0,1,18,0,0,8,8,8,0,-3.12,-0.8,9.4,0
1,1,1,9500,1,1,118.0,113.1,1,1,19,9,10,1,0,0,1,0,0,19,0,0,7,7,7,0,2.02,0.6,11.1,0
1,1,5,9773,1,1,127.0,121.1,1,38,1,4,5,1,0,0,1,0,0,18,0,0,6,6,6,0,-4.06,2.8,15.5,0
1,1,1,9147,1,1,177.0,162.3,1,1,38,3,9,0,0,0,1,0,1,18,0,0,5,6,5,0,-4.06,2.8,15.5,0
1,42,1,171,1,1,132.0,132.0,1,1,1,1,4,1,0,0,1,0,0,19,0,0,0,0,0,0,-1.7,3.7,12.7,1
1,17,4,9500,1,1,133.0,130.7,1,4,4,4,4,1,0,0,1,0,0,19,0,0,7,7,7,0,1.79,0.5,12.4,0
1,17,4,9254,1,1,124.0,122.3,1,1,1,4,4,1,0,0,1,0,0,19,0,0,6,7,6,0,0.79,-0.3,13.9,1
1,1,1,9670,1,1,143.0,144.1,1,3,38,2,9,1,0,0,1,0,0,19,0,0,6,7,5,0,1.74,1.4,10.8,0
1,1,1,9773,1,1,128.0,118.2,1,1,19,9,7,0,0,0,1,0,0,19,0,0,6,6,6,0,-1.7,3.7,12.7,0
1,1,1,9238,1,1,138.0,133.5,1,19,38,5,8,0,0,0,1,0,1,19,0,0,6,6,6,0,3.51,1.4,8.9,0
1,1,5,9500,1,1,144.0,126.8,1,37,37,7,9,1,0,1,0,0,0,18,0,0,7,0,0,0,-3.12,-0.8,9.4,1
1,1,4,9773,1,1,122.0,121.0,1,19,19,9,7,1,0,0,1,0,0,20,0,0,6,7,6,0,0.79,-0.3,13.9,0
1,17,1,9254,1,1,111.0,117.7,1,19,19,3,10,0,0,0,1,0,0,20,0,0,6,8,5,0,-3.12,-0.8,9.4,0
1,1,1,9085,1,1,133.1,115.0,1,38,37,1,1,1,0,0,1,0,0,21,0,0,5,8,3,1,-1.7,3.7,12.7,0
2,1,1,9991,0,2,120.0,129.2,1,37,37,6,3,0,0,0,1,0,0,31,0,4,10,16,5,0,-3.12,-0.8,9.4,1
1,1,1,9556,1,1,135.0,125.8,1,37,38,7,9,0,0,0,1,0,1,20,0,0,7,14,7,0,-1.7,3.7,12.7,0
1,17,5,9670,1,1,125.0,118.4,1,19,30,7,7,1,0,0,1,0,1,19,0,0,5,8,3,0,0.32,2.6,7.6,0
1,1,1,9500,1,1,147.0,142.0,1,38,38,9,9,1,0,0,1,0,0,18,0,0,7,7,6,0,0.32,2.6,7.6,0
1,17,3,9500,1,1,137.0,126.7,1,19,37,7,7,1,0,0,1,0,1,19,0,0,7,7,7,0,-0.92,0.3,16.2,0
1,43,1,9238,1,1,117.0,109.3,1,34,34,0,0,0,0,0,1,0,0,30,0,9,16,19,15,0,-3.12,-0.8,9.4,0
1,17,1,9238,1,1,126.0,116.9,1,37,19,9,8,1,0,0,1,0,0,21,0,0,6,11,6,0,-1.7,3.7,12.7,0
1,18,1,9147,1,1,128.0,121.7,1,19,19,9,5,1,0,0,1,0,0,19,0,0,5,8,5,0,1.79,0.5,12.4,0
1,1,6,9147,1,1,115.0,117.1,1,1,37,4,9,1,0,1,1,0,0,22,0,0,5,5,5,0,0.32,2.6,7.6,0
1,1,1,9773,1,1,121.0,114.4,1,1,38,4,9,0,0,0,1,0,1,18,0,0,6,6,6,0,2.02,0.6,11.1,0
1,17,1,9238,1,1,134.0,133.0,1,3,1,3,4,1,0,0,1,0,0,18,0,0,6,8,6,0,-1.7,3.7,12.7,0
1,1,3,9500,1,1,126.0,118.8,1,38,38,9,8,1,0,0,1,0,1,19,0,0,8,8,7,0,-1.7,3.7,12.7,0
1,1,1,9130,1,1,151.0,151.0,1,3,1,2,4,1,0,0,1,0,0,18,0,0,6,11,6,0,-0.92,0.3,16.2,0
1,1,6,9500,1,1,122.0,119.6,1,1,1,4,4,1,0,0,1,0,0,21,0,0,7,8,6,0,0.79,-0.3,13.9,0
1,17,1,9500,1,1,141.0,135.4,1,2,38,2,10,1,0,0,1,0,0,18,0,0,7,9,7,0,0.79,-0.3,13.9,0
1,1,1,171,1,1,138.0,149.9,1,1,40,4,3,1,0,0,1,0,0,20,0,0,0,0,0,0,2.02,0.6,11.1,0
1,1,1,9085,1,1,133.0,120.1,1,38,37,9,7,1,0,0,1,0,0,18,0,0,5,8,4,1,-1.7,3.7,12.7,0
1,39,1,9085,1,3,150.0,173.3,1,2,3,4,7,1,0,0,1,0,0,25,0,1,6,7,6,0,0.79,-0.3,13.9,0
1,1,1,9773,1,1,136.0,126.2,1,19,19,4,3,0,0,0,1,0,0,19,0,0,6,6,6,0,-0.92,0.3,16.2,0
1,1,1,9853,1,1,129.0,126.9,1,19,38,2,7,1,0,0,1,0,1,19,0,0,6,9,5,0,0.32,2.6,7.6,0
1,39,1,9085,1,1,128.0,157.4,1,19,1,9,10,1,0,0,1,0,0,26,0,0,6,7,6,0,3.51,1.4,8.9,0
1,17,2,9147,1,1,131.0,120.2,1,1,19,4,5,1,0,0,1,0,0,21,0,0,5,10,4,0,1.79,0.5,12.4,0
1,1,1,9147,1,1,130.0,124.8,1,38,38,2,9,0,0,0,1,0,0,19,0,0,5,14,1,0,0.79,-0.3,13.9,1
1,17,1,9500,1,1,150.0,130.3,1,37,37,9,9,0,0,0,1,0,1,19,0,0,8,8,7,0,-1.7,3.7,12.7,0
1,1,1,9238,1,1,165.0,152.4,1,37,38,9,8,1,0,0,1,0,1,18,0,0,6,8,6,0,-0.92,0.3,16.2,0
2,43,1,9991,0,1,133.1,113.5,1,37,37,9,7,0,0,0,1,0,1,32,0,3,10,12,7,0,1.74,1.4,10.8,0
1,1,1,9238,1,1,126.0,125.7,1,3,1,5,5,0,0,0,1,0,1,18,0,0,6,6,6,0,-4.06,2.8,15.5,0
1,1,5,9500,1,1,101.0,102.4,1,1,1,3,4,0,0,0,1,0,0,20,0,0,7,9,5,0,1.79,0.5,12.4,0
1,17,3,9147,1,1,125.0,125.7,1,38,19,7,7,0,0,0,1,0,0,20,0,0,5,7,5,0,-4.06,2.8,15.5,0
4,39,1,9670,1,1,100.0,120.0,1,37,37,4,10,0,0,1,1,0,1,39,0,0,5,6,5,0,-3.12,-0.8,9.4,0
1,1,1,9130,1,1,117.0,109.3,1,1,1,9,9,1,0,0,1,0,0,20,0,0,5,10,4,0,-1.7,3.7,12.7,0
1,1,1,171,1,1,159.0,162.2,1,3,1,4,4,1,0,1,0,0,0,18,0,0,0,0,0,0,1.79,0.5,12.4,1
1,17,1,9773,1,1,177.0,155.7,1,2,1,123,135,0,0,1,1,0,1,18,0,0,6,6,6,0,3.51,1.4,8.9,0
1,1,1,171,1,1,156.0,147.7,1,3,3,2,2,1,0,0,1,0,0,21,0,6,12,12,12,0,3.51,1.4,8.9,0
1,1,5,9500,1,1,125.0,115.6,1,1,1,3,8,1,0,0,1,0,0,18,0,0,7,9,6,0,-0.92,0.3,16.2,0
1,1,2,9147,1,1,130.0,117.8,1,37,37,9,9,0,0,0,1,0,0,18,0,0,5,8,2,0,0.32,2.6,7.6,0
1,43,1,9003,1,1,125.0,125.0,1,1,38,4,7,1,0,0,1,0,0,21,0,9,14,23,9,2,-4.06,2.8,15.5,0
1,1,1,9147,1,1,127.0,129.8,1,19,19,5,5,1,0,0,1,0,0,22,0,0,5,8,3,0,0.32,2.6,7.6,1
1,17,1,9254,1,1,121.0,123.1,1,1,1,4,4,1,0,0,1,1,0,21,0,0,6,11,6,0,0.32,2.6,7.6,0
1,43,1,9070,1,1,135.0,122.8,1,19,19,9,9,1,0,0,1,1,1,20,0,0,6,8,3,0,1.74,1.4,10.8,0
1,1,2,171,1,1,125.0,117.3,1,38,19,9,9,1,0,0,1,1,1,21,0,0,0,0,0,0,1.74,1.4,10.8,0
1,1,1,9254,1,1,138.0,126.5,41,1,1,9,9,1,0,0,1,0,1,20,1,0,6,7,6,0,3.51,1.4,8.9,0
1,1,4,9500,1,1,136.0,123.0,1,19,38,9,9,1,0,0,1,0,0,19,0,0,8,8,7,0,1.74,1.4,10.8,0
1,1,1,9238,1,1,142.0,127.7,1,1,38,5,7,0,0,0,1,0,1,20,0,0,6,7,6,0,0.79,-0.3,13.9,0
1,1,1,9085,1,1,129.0,117.5,1,19,37,9,9,1,0,0,1,0,0,19,0,0,5,9,5,1,-1.7,3.7,12.7,0
1,1,1,9085,1,1,134.0,128.4,1,1,1,2,7,1,0,0,1,0,1,18,0,0,5,12,5,2,-3.12,-0.8,9.4,0
1,17,2,9853,1,1,123.0,124.1,1,3,1,2,3,1,0,0,1,0,0,18,0,0,6,7,2,0,-4.06,2.8,15.5,1
1,39,1,9991,0,1,150.0,140.9,1,19,38,9,8,0,1,0,1,0,0,24,0,0,5,7,3,0,1.74,1.4,10.8,1
1,1,1,9254,1,1,129.0,126.2,1,1,1,4,2,0,0,1,0,0,1,21,0,0,6,7,6,0,3.51,1.4,8.9,1
1,1,3,9500,1,1,134.0,120.5,1,1,37,8,7,1,0,0,1,1,1,18,0,0,7,12,7,0,-4.06,2.8,15.5,0
1,17,1,9147,1,1,127.0,121.1,1,1,37,4,8,1,0,0,1,1,1,20,0,0,5,11,4,0,2.02,0.6,11.1,0
1,18,2,9853,1,1,123.0,123.7,1,1,3,9,2,1,0,1,0,0,0,20,0,0,6,11,5,0,1.74,1.4,10.8,1
1,17,3,9254,1,1,127.0,116.9,1,12,38,5,7,1,0,1,1,0,0,18,0,0,6,7,5,0,1.79,0.5,12.4,1
1,39,1,9556,1,1,133.1,100.0,1,38,19,9,6,1,0,0,1,0,1,25,0,0,7,11,5,0,3.51,1.4,8.9,0
1,17,5,9238,1,1,131.0,120.2,1,19,37,5,7,1,0,0,1,0,1,19,0,0,6,9,5,0,0.79,-0.3,13.9,0
2,39,1,33,1,1,120.0,153.8,1,38,1,9,5,0,0,1,1,1,0,35,0,0,7,9,0,0,2.02,0.6,11.1,1
1,1,4,9500,1,1,133.0,120.1,1,19,19,9,5,1,0,0,1,0,1,19,0,0,7,9,6,0,0.79,-0.3,13.9,0
1,1,1,9670,1,1,133.0,128.1,1,38,38,9,9,1,0,0,1,1,1,18,0,0,6,6,6,0,0.79,-0.3,13.9,1
1,1,1,9500,1,1,143.0,126.8,1,3,19,3,10,0,0,0,1,1,0,19,0,0,8,8,7,0,1.74,1.4,10.8,0
1,43,1,9500,1,1,140.0,125.7,1,19,38,9,7,1,0,0,1,1,1,19,0,0,7,8,5,0,0.32,2.6,7.6,0
1,17,1,9070,1,1,157.0,146.2,1,3,3,3,3,0,0,0,1,1,0,18,0,0,6,6,6,0,1.79,0.5,12.4,0
1,39,1,9130,1,19,133.1,140.0,1,19,3,9,2,1,0,1,1,1,0,24,0,0,6,13,5,0,-0.92,0.3,16.2,1
1,43,1,8014,0,1,145.0,134.5,6,34,34,0,0,1,0,0,1,1,0,25,1,8,14,23,11,0,-3.12,-0.8,9.4,0
1,39,1,9119,1,1,130.0,137.0,1,37,3,9,3,1,0,0,1,1,0,28,0,0,5,11,4,0,0.32,2.6,7.6,0
1,1,1,9085,1,1,111.0,107.5,1,1,38,5,9,0,0,0,1,1,1,19,0,0,6,9,6,0,2.02,0.6,11.1,0
1,17,2,9119,1,1,116.0,112.2,1,19,1,9,7,0,0,0,1,1,0,19,0,0,5,0,0,0,-0.92,0.3,16.2,1
1,39,1,9130,1,10,133.1,128.2,1,12,36,90,90,0,0,0,0,1,1,30,0,0,5,13,0,3,-3.12,-0.8,9.4,1
1,1,1,9500,1,1,135.0,126.8,1,19,19,4,5,1,0,0,1,1,0,19,0,0,7,9,0,0,-4.06,2.8,15.5,1
1,17,1,9147,1,1,145.0,132.1,1,19,38,4,4,1,0,0,1,1,0,21,0,0,5,10,1,0,2.02,0.6,11.1,1
1,1,1,171,1,1,118.0,110.0,1,37,37,3,5,0,0,0,1,1,0,19,0,0,0,0,0,0,0.79,-0.3,13.9,1
1,39,1,9003,1,1,130.0,100.0,1,19,19,9,5,0,0,0,0,1,0,29,0,0,6,9,0,0,0.79,-0.3,13.9,1
1,1,1,9670,1,1,115.0,114.3,1,19,37,9,9,0,0,0,1,1,0,18,0,0,6,7,4,0,1.79,0.5,12.4,1
1,1,2,9147,1,1,122.0,116.4,1,1,38,4,5,0,0,0,1,1,0,21,0,0,5,10,3,0,-4.06,2.8,15.5,0
1,42,1,9070,1,1,120.0,116.9,1,3,2,3,1,0,0,0,1,1,0,20,0,6,7,13,7,0,0.79,-0.3,13.9,1
1,51,1,9991,0,1,120.0,128.2,1,38,3,5,3,0,0,1,1,1,0,24,0,3,10,15,7,0,1.79,0.5,12.4,0
1,17,2,9773,1,1,120.0,127.0,1,1,1,2,5,1,0,0,0,1,0,18,0,0,6,6,0,0,3.51,1.4,8.9,1
1,42,1,9003,1,1,140.0,140.0,1,1,3,4,2,1,0,0,1,1,0,23,0,0,6,14,5,0,-4.06,2.8,15.5,0
1,1,6,9147,1,1,127.0,120.0,1,1,19,1,6,1,0,0,1,1,0,19,0,0,5,6,5,0,3.51,1.4,8.9,0
1,7,1,9254,1,3,110.0,110.0,1,19,19,3,3,0,0,0,1,1,0,35,0,0,6,7,0,0,-0.92,0.3,16.2,1
1,1,1,9500,1,1,148.0,127.0,1,1,1,9,9,1,0,0,1,1,0,20,0,0,8,8,7,0,1.74,1.4,10.8,0
2,39,1,9238,1,42,170.0,159.5,1,19,38,8,8,0,0,0,1,1,0,33,0,0,6,6,0,0,3.51,1.4,8.9,1
1,1,1,9773,1,1,146.0,135.2,1,1,3,4,1,1,0,0,1,1,0,18,0,0,6,7,6,0,-3.12,-0.8,9.4,0
1,1,1,9773,1,1,127.0,122.8,1,5,3,4,4,1,0,0,1,1,0,20,0,0,6,7,6,0,1.79,0.5,12.4,0
1,17,1,9773,1,1,125.0,118.0,1,3,3,2,3,1,0,0,1,1,0,19,0,0,6,12,4,0,0.79,-0.3,13.9,1
1,17,5,9773,1,1,139.0,123.6,1,38,1,4,4,1,0,0,1,1,0,18,0,0,6,6,6,0,0.32,2.6,7.6,1
1,39,1,9991,0,1,133.1,111.0,1,37,37,7,9,0,0,0,0,1,0,28,0,0,5,0,0,0,3.51,1.4,8.9,1
1,1,1,9147,1,1,146.0,144.6,1,5,1,1,5,0,0,0,1,1,0,18,0,0,5,5,5,0,-0.92,0.3,16.2,0
1,1,1,9773,1,1,109.0,111.8,1,2,3,3,3,1,0,1,1,1,0,25,0,0,6,8,6,0,-4.06,2.8,15.5,1
1,1,1,9238,1,1,135.0,122.1,1,1,38,4,6,0,1,1,0,1,0,19,0,0,6,6,4,0,3.51,1.4,8.9,1
1,18,2,9070,1,1,122.0,119.9,1,38,19,5,5,0,0,0,1,1,0,18,0,0,6,8,5,0,-3.12,-0.8,9.4,0
1,7,1,9003,1,3,130.0,130.0,1,3,3,6,2,1,0,0,1,1,0,29,0,1,6,10,6,0,0.79,-0.3,13.9,0
1,1,1,171,1,1,124.0,118.4,1,2,2,3,2,1,0,0,1,1,0,18,0,0,0,0,0,0,0.32,2.6,7.6,0
1,1,1,9254,1,1,115.0,112.6,1,3,2,4,5,0,0,0,1,1,1,20,0,0,6,9,6,0,3.51,1.4,8.9,0
1,44,1,9003,1,39,150.0,150.0,1,3,19,2,6,0,0,0,1,1,0,20,0,0,6,6,0,0,-4.06,2.8,15.5,1
1,1,4,9070,1,1,170.0,165.8,1,3,3,2,2,1,0,0,1,1,0,18,0,0,6,7,6,0,-3.12,-0.8,9.4,0
1,1,6,9254,1,1,102.0,101.7,1,3,1,2,2,1,0,0,1,1,1,21,0,0,6,6,6,0,1.79,0.5,12.4,0
1,17,2,9254,1,1,140.0,124.3,1,3,3,2,2,0,0,0,0,1,0,18,0,0,6,9,5,0,-3.12,-0.8,9.4,1
1,1,5,9119,1,1,135.0,122.1,1,37,37,90,90,1,0,0,1,1,0,20,0,0,5,10,3,0,0.32,2.6,7.6,0
1,43,1,8014,0,1,148.0,134.7,1,37,37,9,9,0,0,0,1,0,0,23,0,9,13,15,9,0,-4.06,2.8,15.5,0
1,39,1,9991,0,1,140.0,154.5,1,1,37,9,8,0,0,0,1,0,0,26,0,0,1,2,0,0,-0.92,0.3,16.2,1
1,17,3,9670,1,1,147.0,128.8,1,37,37,8,8,0,0,1,1,0,0,19,0,0,5,5,1,0,-3.12,-0.8,9.4,1
1,39,1,9556,1,1,140.0,106.0,1,37,38,9,9,1,0,1,0,0,1,24,0,0,7,14,5,0,3.51,1.4,8.9,1
1,1,1,9670,1,1,157.0,146.2,1,19,38,9,7,1,0,0,1,0,1,20,0,0,6,8,6,0,2.02,0.6,11.1,0
1,17,1,9991,0,1,120.0,116.9,1,38,3,9,3,1,0,1,0,0,0,26,0,0,5,5,0,0,1.74,1.4,10.8,1
1,39,1,9147,1,12,133.1,118.2,1,19,37,7,9,0,0,0,1,0,0,31,0,0,5,8,1,2,1.74,1.4,10.8,1
2,43,1,9500,1,1,140.0,105.7,1,37,37,9,10,1,0,0,1,0,0,27,0,0,8,8,8,0,-3.12,-0.8,9.4,0
1,1,1,9085,1,1,130.0,126.9,1,19,38,9,9,0,0,1,1,0,0,24,0,0,6,8,6,0,2.02,0.6,11.1,0
1,44,1,9085,1,39,150.0,150.0,1,19,38,194,193,1,0,0,1,0,0,23,0,0,6,11,4,0,3.51,1.4,8.9,0
1,1,2,9500,1,1,115.0,108.4,1,38,38,9,8,1,0,0,1,0,1,20,0,0,7,8,7,0,0.79,-0.3,13.9,0
1,1,6,9500,1,1,118.0,114.2,1,38,38,5,5,1,0,0,1,0,0,20,0,0,7,9,6,0,2.02,0.6,11.1,0
1,39,1,9500,1,1,130.0,140.0,1,38,1,9,4,1,0,0,1,0,0,24,0,0,8,8,7,0,-1.7,3.7,12.7,0
2,39,1,9147,1,1,130.0,142.5,1,37,37,9,9,0,0,0,1,0,0,39,0,0,5,8,4,0,2.02,0.6,11.1,0
1,1,2,9773,1,1,130.0,126.5,1,19,38,3,9,1,0,0,1,0,0,18,0,0,6,8,4,0,-1.7,3.7,12.7,0
1,17,3,9085,1,1,120.0,111.3,1,37,38,9,9,0,0,0,1,0,0,20,0,0,6,0,0,0,2.02,0.6,11.1,1
1,1,2,9500,1,1,130.0,125.1,1,1,1,4,3,1,0,0,1,0,0,18,0,0,7,10,7,0,-4.06,2.8,15.5,0
1,1,2,9500,1,1,141.0,126.3,1,37,37,9,7,1,0,0,1,0,0,19,0,0,7,10,7,0,-4.06,2.8,15.5,0
1,17,1,9085,1,1,138.0,142.2,1,1,19,4,9,1,0,0,1,0,0,18,0,0,5,7,5,0,1.74,1.4,10.8,0
1,1,1,9670,1,1,113.0,110.2,1,37,19,9,9,1,0,0,1,0,0,22,0,0,5,7,3,0,0.32,2.6,7.6,0
1,17,4,9500,1,1,135.0,127.0,1,1,1,4,4,1,0,0,1,0,0,18,0,0,7,7,7,0,2.02,0.6,11.1,0
1,1,1,9238,1,1,137.0,128.6,1,3,1,4,9,0,0,0,1,0,1,18,0,0,6,7,6,0,1.79,0.5,12.4,0
4,39,1,9991,0,1,133.1,130.4,1,37,37,9,9,0,0,0,1,0,0,30,0,0,5,10,3,0,-1.7,3.7,12.7,0
2,43,1,9238,1,12,100.0,134.4,1,37,37,9,9,0,0,0,1,0,0,34,0,9,16,20,14,1,0.32,2.6,7.6,0
1,39,1,8014,0,19,133.1,100.0,1,37,37,9,9,0,0,0,1,0,0,38,0,0,6,10,3,0,0.79,-0.3,13.9,1
1,1,1,9500,1,1,142.0,133.0,1,37,19,7,7,1,0,0,1,0,1,19,0,0,8,8,8,0,-3.12,-0.8,9.4,0
1,17,3,9853,1,1,140.0,126.7,1,38,38,5,7,1,0,0,1,0,0,19,0,0,6,9,5,0,1.74,1.4,10.8,1
1,43,1,9773,1,1,129.0,129.0,1,1,1,4,8,0,0,0,0,0,0,21,0,0,6,7,6,0,1.74,1.4,10.8,1
1,17,1,9773,1,1,141.0,133.7,1,2,3,2,2,1,0,0,1,0,1,18,0,0,6,6,6,0,2.02,0.6,11.1,0
1,17,5,9085,1,1,118.0,122.2,1,1,38,4,7,1,0,0,1,0,1,20,0,0,6,7,6,0,0.79,-0.3,13.9,0
1,17,5,9147,1,1,131.0,128.9,1,37,38,5,5,0,0,0,1,0,1,18,0,0,5,7,5,0,-0.92,0.3,16.2,0
1,1,3,9070,1,1,161.0,154.4,1,38,37,5,5,1,0,0,1,0,0,18,0,0,6,6,6,0,-0.92,0.3,16.2,0
1,7,1,9556,1,2,130.0,130.0,1,37,37,9,9,1,0,0,1,0,1,36,0,0,7,9,1,0,-1.7,3.7,12.7,1
1,17,4,9147,1,1,121.0,113.0,1,38,37,6,7,1,0,0,1,0,1,18,0,0,5,12,4,0,0.79,-0.3,13.9,0
1,43,1,9130,1,6,133.1,123.3,1,1,29,4,90,1,0,0,1,0,1,21,0,0,5,7,0,0,0.32,2.6,7.6,1
1,44,1,9130,1,39,130.0,130.0,1,1,3,9,2,1,0,1,1,0,1,21,0,1,6,13,3,0,0.79,-0.3,13.9,1
1,15,1,9085,1,1,133.1,101.3,41,3,3,4,2,0,0,0,1,0,0,18,1,0,6,13,6,0,2.02,0.6,11.1,0
1,17,6,9670,1,1,120.0,113.7,1,1,14,4,5,1,0,0,1,0,0,18,0,0,5,7,4,0,-3.12,-0.8,9.4,0
1,1,2,9500,1,1,140.0,138.8,1,38,38,9,7,1,0,0,1,0,0,19,0,0,7,7,6,0,0.32,2.6,7.6,0
2,39,1,9003,1,19,133.1,140.0,1,37,19,9,4,0,0,1,1,0,0,29,0,0,6,11,5,0,2.02,0.6,11.1,0
1,44,1,9147,1,39,130.0,130.0,1,19,1,9,3,0,0,0,1,0,1,20,0,4,7,8,7,0,2.02,0.6,11.1,0
1,17,2,9500,1,1,140.0,132.5,1,37,37,9,9,1,0,0,1,0,0,18,0,0,7,7,6,0,0.32,2.6,7.6,0
1,1,1,9085,1,1,124.0,117.4,1,2,1,4,10,1,0,0,1,0,0,19,0,0,5,7,4,0,1.74,1.4,10.8,0
1,1,3,9147,1,1,115.0,109.8,1,1,38,3,8,1,0,0,1,0,1,19,0,0,5,5,5,0,3.51,1.4,8.9,0
1,39,1,8014,0,1,100.0,116.5,1,12,5,9,4,0,0,1,0,0,0,37,0,0,6,6,0,0,3.51,1.4,8.9,1
1,1,2,9085,1,1,162.0,165.2,1,37,1,9,9,1,0,0,1,0,1,18,0,0,5,6,4,0,1.74,1.4,10.8,0
1,1,1,9853,1,1,121.0,113.0,1,19,19,7,7,1,0,0,1,0,0,21,0,0,6,9,5,0,-1.7,3.7,12.7,1
1,17,1,9238,1,1,125.0,123.3,1,1,38,144,181,0,0,0,1,0,1,19,0,0,6,8,6,0,1.79,0.5,12.4,0
1,17,2,9670,1,1,123.0,116.7,1,3,1,3,1,0,0,0,1,0,0,19,0,0,5,5,5,0,-3.12,-0.8,9.4,0
2,39,1,9991,0,39,140.0,110.0,1,38,19,9,5,0,0,0,1,0,1,35,0,0,5,9,3,0,-1.7,3.7,12.7,0
2,39,1,9500,1,1,133.1,118.9,1,37,38,9,8,0,0,0,1,0,0,30,0,0,7,0,0,0,0.79,-0.3,13.9,1
1,43,2,9773,1,1,120.0,103.6,1,34,34,0,0,1,0,0,1,0,0,27,0,4,8,11,7,0,-3.12,-0.8,9.4,1
2,1,1,9254,1,1,136.0,122.7,1,37,37,9,9,0,0,0,1,0,1,45,0,0,6,10,4,0,0.32,2.6,7.6,1
2,39,1,8014,0,1,133.1,113.5,1,38,38,9,9,0,0,0,1,0,1,50,0,3,9,11,8,0,-1.7,3.7,12.7,0
4,42,1,9147,1,1,110.0,128.2,1,37,37,9,9,0,0,0,1,0,0,41,0,8,14,24,11,3,-3.12,-0.8,9.4,0
1,43,1,9500,1,1,120.0,120.0,1,37,37,9,6,1,0,0,1,0,0,26,0,0,7,8,6,0,0.32,2.6,7.6,0
1,39,1,9003,1,19,133.1,130.0,1,37,37,9,9,0,0,0,1,0,0,44,0,0,6,10,1,0,2.02,0.6,11.1,1
5,7,1,9147,1,40,110.0,110.0,1,37,37,9,9,0,0,0,1,0,0,23,0,10,15,15,13,0,-4.06,2.8,15.5,0
1,51,1,33,1,1,130.0,117.7,1,19,19,9,9,0,0,0,1,0,0,34,0,10,12,12,10,0,2.02,0.6,11.1,1
1,1,1,9147,1,1,102.0,99.6,1,38,38,9,9,1,0,0,1,0,1,21,0,0,5,10,5,0,2.02,0.6,11.1,0
1,43,3,9147,1,1,127.0,117.9,21,3,37,3,3,1,0,0,1,0,0,22,1,0,5,8,1,0,0.32,2.6,7.6,1
4,39,1,8014,0,1,133.1,113.0,1,37,37,9,8,0,0,0,1,0,1,32,0,0,6,18,2,0,-0.92,0.3,16.2,0
1,17,2,9556,1,1,137.0,124.4,41,1,1,7,7,1,0,0,1,0,0,20,1,0,7,8,7,0,-4.06,2.8,15.5,0
2,7,1,8014,0,3,130.0,140.0,1,35,35,90,90,0,0,0,0,0,0,59,0,10,15,22,12,0,1.74,1.4,10.8,1
2,53,1,9147,1,42,130.0,132.4,1,19,19,175,152,0,0,0,1,0,0,30,0,6,11,20,9,0,3.51,1.4,8.9,0
1,1,4,9254,1,1,131.0,124.0,1,38,36,9,9,1,0,0,1,0,1,18,0,0,6,7,6,0,-3.12,-0.8,9.4,0
2,39,1,9991,0,1,162.0,132.0,1,37,37,9,6,0,0,1,1,1,0,25,0,0,5,8,4,0,0.32,2.6,7.6,0
4,43,1,9991,0,1,140.0,149.8,1,37,37,5,5,0,0,0,1,1,0,36,0,0,5,5,5,0,-1.7,3.7,12.7,0
1,7,1,9556,1,43,160.0,160.0,1,38,19,9,9,0,0,0,1,1,0,36,0,0,7,16,1,0,2.02,0.6,11.1,1
1,17,6,9670,1,1,117.0,114.6,1,38,19,0,1,0,0,0,0,1,0,19,0,0,6,9,4,0,1.74,1.4,10.8,1
1,39,1,9991,0,1,150.0,120.0,1,1,37,4,6,0,0,0,1,1,0,25,0,0,5,6,4,0,-3.12,-0.8,9.4,0
1,39,1,9003,1,19,133.1,100.0,1,37,37,9,7,0,0,0,1,1,0,35,0,17,18,20,18,0,-4.06,2.8,15.5,0
1,1,1,9238,1,1,125.0,128.5,1,1,1,5,5,0,0,0,1,1,0,20,0,0,6,13,1,0,-0.92,0.3,16.2,1
1,39,1,9003,1,1,130.0,113.0,1,37,37,9,7,1,0,0,0,1,0,35,0,0,6,17,1,0,-4.06,2.8,15.5,1
1,1,1,9238,1,1,170.0,150.8,1,37,37,0,0,1,0,0,1,0,0,27,0,0,6,13,2,0,0.32,2.6,7.6,1
1,17,3,9500,1,1,132.0,130.8,1,19,3,9,5,1,0,0,1,0,0,18,0,0,8,8,7,0,1.74,1.4,10.8,0
1,43,1,9500,1,1,133.1,114.5,1,38,19,9,10,0,0,0,1,0,0,23,0,0,7,11,6,0,-0.92,0.3,16.2,0
1,17,2,8014,0,1,120.0,114.8,1,19,1,5,10,1,0,0,1,0,0,19,0,0,6,8,4,0,1.74,1.4,10.8,0
1,17,2,9500,1,1,126.0,126.2,1,37,37,7,7,1,0,0,1,0,1,18,0,0,7,10,5,0,2.02,0.6,11.1,0
1,39,1,9500,1,1,130.0,129.0,1,19,19,3,7,0,0,1,0,0,0,26,0,0,7,11,4,0,1.79,0.5,12.4,1
1,17,1,9238,1,1,133.1,110.5,1,1,38,9,7,0,0,0,1,0,0,19,0,0,6,10,6,0,-0.92,0.3,16.2,0
1,1,5,9500,1,1,141.0,132.5,1,38,19,7,7,1,0,0,0,0,0,19,0,0,7,0,0,0,-1.7,3.7,12.7,1
1,1,1,171,1,1,138.0,130.7,1,19,19,5,1,1,0,0,1,0,0,18,0,0,0,0,0,0,0.79,-0.3,13.9,1
1,17,1,9500,1,1,130.0,130.4,1,19,1,9,7,1,0,0,1,0,1,19,0,0,7,7,7,0,2.02,0.6,11.1,0
1,17,1,9500,1,1,128.0,124.3,1,37,37,9,8,1,0,0,1,0,1,19,0,0,7,8,7,0,-4.06,2.8,15.5,0
1,1,4,9085,1,1,135.0,132.6,1,38,37,9,9,1,0,0,1,0,1,19,0,0,5,5,5,0,1.74,1.4,10.8,0
1,44,1,8014,0,39,150.0,146.7,1,1,37,9,7,0,0,0,1,0,1,21,0,3,6,6,6,0,1.79,0.5,12.4,0
1,1,3,9773,1,1,135.0,130.1,1,1,1,3,5,1,0,0,1,0,0,18,0,0,6,6,6,0,-4.06,2.8,15.5,0
2,43,1,9254,1,3,120.0,120.0,1,38,37,9,3,1,0,0,1,0,0,33,0,9,12,22,10,0,-3.12,-0.8,9.4,0
1,7,1,8014,0,3,120.0,121.3,1,19,37,5,3,0,0,0,1,0,0,32,0,7,11,13,11,0,-1.7,3.7,12.7,0
1,1,6,9500,1,1,140.0,133.3,1,19,19,1,4,1,0,0,1,0,1,17,0,0,8,8,8,0,-3.12,-0.8,9.4,0
2,39,1,9500,1,1,140.0,110.5,1,19,19,9,7,0,0,0,1,0,0,31,0,0,7,0,0,0,-1.7,3.7,12.7,1
2,39,1,8014,0,1,140.0,102.5,1,19,19,9,7,0,0,0,1,0,1,32,0,0,6,6,6,0,-4.06,2.8,15.5,0
1,1,2,9085,1,1,156.0,150.9,1,40,40,3,7,1,0,0,1,0,0,18,0,0,6,8,6,0,2.02,0.6,11.1,1
1,51,1,9070,1,12,133.1,106.6,1,37,19,3,7,0,0,1,1,0,0,31,0,2,6,8,5,0,3.51,1.4,8.9,0
1,1,1,9254,1,1,120.0,118.3,1,1,1,9,10,0,0,0,1,1,0,20,0,0,6,8,6,0,3.51,1.4,8.9,0
1,43,1,9991,0,1,100.0,117.9,1,3,19,1,1,0,0,0,0,1,0,40,0,0,5,5,0,0,1.74,1.4,10.8,1
2,1,1,9991,0,1,120.0,135.0,1,37,19,9,9,1,0,0,1,1,0,32,0,0,5,5,5,0,0.32,2.6,7.6,0
1,7,1,9119,1,3,120.0,120.0,1,19,19,1,1,0,0,0,0,1,0,40,0,1,5,7,1,0,-1.7,3.7,12.7,1
1,1,1,171,1,1,172.0,167.1,1,1,1,4,9,0,0,0,1,1,1,18,0,0,0,0,0,0,-0.92,0.3,16.2,0
1,43,1,9991,0,1,120.0,115.8,1,37,37,9,9,0,0,1,0,1,0,28,0,4,9,14,4,0,-1.7,3.7,12.7,1
1,16,2,9070,1,1,137.0,141.2,1,1,1,3,1,1,0,1,1,1,0,19,0,0,6,11,5,0,-3.12,-0.8,9.4,0
1,1,1,9773,1,1,117.0,118.4,1,1,37,5,9,0,0,0,1,1,1,19,0,0,6,8,6,0,-4.06,2.8,15.5,0
1,1,6,9147,1,1,142.0,134.3,1,38,37,7,7,0,1,0,1,1,0,21,0,0,5,0,0,0,1.74,1.4,10.8,1
1,17,4,9147,1,1,135.0,128.7,1,19,1,0,4,1,0,0,1,1,0,22,0,0,5,8,2,0,0.32,2.6,7.6,1
1,17,3,9119,1,1,115.0,116.1,1,3,1,3,3,1,0,0,0,1,0,18,0,0,5,8,5,0,1.79,0.5,12.4,1
1,39,1,171,1,1,110.0,100.0,1,12,3,5,2,1,0,0,1,1,0,27,0,0,0,0,0,0,-3.12,-0.8,9.4,1
1,1,1,171,1,1,123.0,118.8,1,1,3,2,2,0,0,0,1,1,0,19,0,4,10,10,5,0,3.51,1.4,8.9,0
2,43,1,9991,0,1,140.0,130.0,1,37,37,9,9,1,0,0,1,1,0,30,0,6,10,14,9,0,-3.12,-0.8,9.4,0
1,39,1,9130,1,39,150.0,150.0,1,1,3,4,1,0,0,0,1,1,0,28,0,0,6,9,0,0,-0.92,0.3,16.2,1
5,39,1,9119,1,1,120.0,116.0,1,37,37,9,9,0,0,1,1,1,1,34,0,0,5,14,1,0,-3.12,-0.8,9.4,0
1,17,1,9147,1,1,110.0,99.0,1,1,1,4,4,0,0,0,1,1,0,21,0,0,5,5,5,0,1.74,1.4,10.8,0
1,1,1,9238,1,1,133.0,132.0,1,1,19,9,9,0,0,0,1,1,1,20,0,0,6,11,5,0,-0.92,0.3,16.2,0
1,43,1,9254,1,1,110.0,125.0,1,12,19,9,9,0,0,0,0,1,0,31,0,3,8,19,5,0,0.32,2.6,7.6,1
1,17,1,9119,1,1,126.0,116.2,1,1,1,9,9,0,0,1,0,1,0,21,0,0,5,9,2,0,0.32,2.6,7.6,1
1,39,2,9670,1,19,133.1,100.0,1,34,34,0,0,1,0,0,0,1,0,27,0,0,5,8,1,0,0.32,2.6,7.6,1
1,1,6,9773,1,1,136.0,132.9,1,38,38,9,9,1,0,0,1,1,0,19,0,0,6,10,4,0,0.32,2.6,7.6,0
1,17,4,9773,1,1,129.0,132.5,1,3,1,2,7,1,0,0,1,1,0,21,0,0,6,7,0,0,1.74,1.4,10.8,0
1,44,1,9003,1,39,140.0,140.0,1,19,19,4,4,1,0,0,0,1,0,21,0,0,6,17,2,0,-0.92,0.3,16.2,1
1,43,1,9670,1,1,160.0,100.1,1,34,34,99,99,0,0,0,0,1,0,35,0,6,10,10,7,0,0.32,2.6,7.6,1
1,39,1,9085,1,1,133.1,128.2,1,37,36,90,7,0,0,0,1,1,0,28,0,0,5,8,3,0,0.32,2.6,7.6,1
1,17,1,9670,1,1,140.0,133.4,1,1,1,4,3,0,0,0,1,1,0,24,0,0,6,6,4,0,1.74,1.4,10.8,0
1,1,3,9773,1,1,142.0,136.1,1,34,1,5,10,1,0,0,0,1,0,19,0,0,4,8,0,1,-3.12,-0.8,9.4,1
1,17,1,9670,1,1,138.0,123.0,1,1,1,4,8,0,0,1,0,1,0,20,0,0,6,7,5,0,0.79,-0.3,13.9,0
1,1,1,9070,1,1,131.0,130.3,1,3,19,4,4,1,0,0,1,1,1,20,0,0,6,6,6,0,-0.92,0.3,16.2,0
1,1,1,9119,1,1,160.0,153.7,1,37,37,9,6,0,0,0,1,1,0,19,0,0,5,7,1,0,-3.12,-0.8,9.4,0
1,39,1,9085,1,1,110.0,142.5,1,40,1,5,6,0,0,1,0,1,0,37,0,5,7,7,5,0,3.51,1.4,8.9,1
1,1,1,9254,1,1,124.0,114.6,1,37,38,9,8,1,0,0,1,1,0,19,0,0,6,13,2,0,0.32,2.6,7.6,1
1,39,1,9500,1,1,120.0,108.5,1,37,37,9,8,0,0,0,1,1,0,36,0,0,7,18,0,0,0.79,-0.3,13.9,1
1,39,1,9147,1,12,133.1,140.0,1,37,37,9,9,0,0,0,1,1,0,29,0,0,5,0,0,0,-3.12,-0.8,9.4,1
1,39,1,9003,1,1,133.1,120.0,1,38,37,9,4,0,0,0,1,1,0,30,0,0,6,10,6,0,0.79,-0.3,13.9,0
1,51,1,9670,1,19,133.1,120.0,1,2,1,3,10,0,0,1,1,1,0,32,0,1,6,15,2,0,2.02,0.6,11.1,1
1,1,1,8014,0,1,123.0,127.6,1,3,1,2,9,1,0,0,1,1,0,26,0,0,6,6,6,0,1.74,1.4,10.8,0
2,44,1,9003,1,39,140.0,140.0,1,37,37,4,7,0,0,0,1,1,0,37,0,0,6,17,1,0,-0.92,0.3,16.2,1
1,39,1,9119,1,1,138.7,111.3,1,1,12,4,3,0,0,0,1,1,0,27,0,1,6,7,3,0,0.79,-0.3,13.9,1
1,1,1,9773,1,1,131.0,131.0,1,38,1,5,7,1,0,0,1,1,1,18,0,0,6,7,6,0,0.79,-0.3,13.9,0
1,1,1,9500,1,1,149.0,139.5,1,38,37,9,9,0,0,0,1,1,1,18,0,0,8,8,8,0,-3.12,-0.8,9.4,0
2,39,2,9003,1,19,133.1,110.0,1,38,19,4,1,0,0,0,0,1,0,32,0,2,8,12,2,2,-4.06,2.8,15.5,1
1,44,1,9119,1,39,130.0,130.0,1,3,19,3,4,0,0,0,1,1,0,20,0,0,5,12,1,0,1.79,0.5,12.4,0
1,43,1,9003,1,1,120.0,115.0,1,3,3,1,2,0,0,0,1,1,0,22,0,0,6,12,0,0,-0.92,0.3,16.2,1
4,39,1,9500,1,1,133.1,154.3,1,1,19,3,3,0,0,0,1,0,0,32,0,0,7,0,0,0,1.79,0.5,12.4,1
1,1,1,9147,1,1,143.0,135.0,1,1,37,9,9,1,0,0,1,0,0,21,0,0,5,8,4,0,0.32,2.6,7.6,0
1,17,4,9670,1,1,126.0,115.2,1,1,1,4,7,0,0,0,0,0,0,19,0,0,6,7,3,0,1.74,1.4,10.8,1
1,1,1,9773,1,1,125.0,130.6,1,19,1,9,9,1,0,0,1,0,1,18,0,0,6,6,6,0,3.51,1.4,8.9,0
1,1,4,9147,1,1,123.0,117.4,1,1,1,9,7,1,0,0,1,0,1,18,0,0,5,7,5,0,3.51,1.4,8.9,0
1,7,1,9147,1,2,150.0,150.0,1,3,37,2,5,1,0,1,0,0,0,38,0,0,5,6,0,0,-4.06,2.8,15.5,1
1,17,3,9853,1,1,132.0,131.3,1,34,34,0,0,1,0,0,1,0,0,21,0,0,6,8,5,0,0.32,2.6,7.6,1
1,1,1,9238,1,1,133.0,120.4,1,34,37,5,5,0,0,0,0,0,0,21,0,0,6,12,2,0,-3.12,-0.8,9.4,1
1,1,1,9991,0,1,122.0,113.6,1,37,37,9,3,0,0,0,1,1,0,26,0,0,5,11,2,0,0.32,2.6,7.6,0
1,1,4,9500,1,1,137.0,125.0,1,19,38,9,3,1,0,0,1,0,0,19,0,0,7,7,6,0,0.32,2.6,7.6,0
1,1,6,9500,1,1,145.0,132.3,1,19,37,9,9,1,0,0,1,0,1,19,0,0,8,8,7,0,1.74,1.4,10.8,0
1,17,1,9254,1,1,150.0,142.7,1,1,1,9,10,0,0,1,1,0,0,18,0,0,6,9,4,0,0.32,2.6,7.6,1
1,7,1,9147,1,3,130.0,130.0,1,37,37,9,9,0,0,0,1,0,0,25,0,0,5,0,0,0,-1.7,3.7,12.7,1
1,1,6,9500,1,1,136.0,120.8,1,37,1,5,4,1,0,0,1,0,0,19,0,6,14,22,7,5,0.32,2.6,7.6,0
1,17,2,9254,1,1,131.0,130.3,1,1,19,9,9,1,0,0,1,0,1,18,0,0,6,6,6,0,0.79,-0.3,13.9,0
1,17,1,9147,1,1,130.0,119.9,1,37,37,9,7,0,0,0,1,0,1,19,0,0,5,8,5,0,0.79,-0.3,13.9,0
1,1,1,9238,1,1,108.0,110.5,1,19,38,9,7,1,0,0,1,0,1,22,0,0,6,6,6,0,1.79,0.5,12.4,0
1,44,1,9003,1,39,160.0,160.0,1,38,38,6,6,1,0,0,1,0,0,21,0,0,6,11,6,0,-4.06,2.8,15.5,0
1,17,1,9085,1,1,113.0,118.6,1,19,37,9,9,1,0,0,1,0,1,21,0,0,6,6,6,0,3.51,1.4,8.9,0
1,1,1,9853,1,1,113.0,112.3,1,38,38,3,7,0,0,0,1,0,1,20,0,0,7,7,7,0,2.02,0.6,11.1,0
2,1,1,9147,1,1,137.0,124.4,1,19,37,9,9,0,0,0,1,0,0,19,0,0,5,6,4,0,1.74,1.4,10.8,0
1,1,4,9500,1,1,148.0,125.0,1,19,19,9,3,1,0,0,1,0,0,18,0,0,7,7,6,0,0.32,2.6,7.6,0
1,39,1,9500,1,1,130.0,105.8,1,19,19,9,8,0,0,0,1,0,0,26,0,0,7,12,3,0,0.79,-0.3,13.9,1
1,26,1,9147,1,2,133.1,121.5,1,34,34,0,0,1,0,0,1,0,0,31,0,13,15,17,13,0,0.32,2.6,7.6,1
1,17,1,9238,1,1,138.0,134.2,1,37,38,9,8,1,0,0,1,0,1,18,0,0,6,6,6,0,2.02,0.6,11.1,0
4,7,1,9147,1,3,130.0,130.0,1,19,1,5,5,0,0,0,1,0,0,35,0,0,5,5,0,0,2.02,0.6,11.1,1
1,1,1,9085,1,1,127.0,122.8,1,37,37,9,9,1,0,0,1,0,0,19,0,0,5,10,2,1,-1.7,3.7,12.7,0
1,1,1,9238,1,1,115.0,108.7,1,19,38,7,7,0,0,0,1,0,1,19,0,0,6,9,5,0,-4.06,2.8,15.5,0
1,1,2,9500,1,1,147.0,136.7,1,3,1,4,3,0,0,0,1,0,0,18,0,0,7,7,7,0,2.02,0.6,11.1,0
1,17,1,9085,1,1,132.0,119.1,1,38,38,4,9,0,0,0,1,0,0,20,0,0,6,8,6,0,1.79,0.5,12.4,0
1,1,4,171,1,1,146.0,151.3,1,1,1,9,5,1,0,0,1,0,1,19,0,6,12,12,12,0,3.51,1.4,8.9,0
1,43,1,9238,1,1,109.0,108.3,1,19,37,5,5,0,0,0,1,0,1,21,0,0,6,15,2,0,1.74,1.4,10.8,0
1,17,1,9853,1,1,133.0,127.4,1,38,38,9,9,0,0,1,1,0,1,18,0,0,7,7,7,0,-0.92,0.3,16.2,0
1,42,1,9500,1,1,124.0,124.0,1,19,19,4,9,0,0,0,1,0,0,23,0,0,8,8,8,0,-3.12,-0.8,9.4,0
1,1,1,9070,1,1,133.1,155.0,1,1,1,9,9,0,0,0,1,0,1,21,0,0,6,7,5,0,-0.92,0.3,16.2,0
1,1,1,9147,1,1,121.0,114.0,1,37,38,9,9,0,0,0,1,0,1,19,0,0,5,7,5,0,2.02,0.6,11.1,0
1,1,2,9147,1,1,129.0,118.9,1,38,19,3,7,1,0,0,1,0,0,19,0,0,5,8,4,0,1.74,1.4,10.8,0
1,53,1,9085,1,42,160.0,160.0,1,19,37,4,9,1,0,0,1,0,0,20,0,7,11,15,11,0,3.51,1.4,8.9,0
1,43,1,9147,1,1,131.0,126.1,1,3,19,2,9,0,0,0,1,0,0,18,0,0,5,5,0,0,-0.92,0.3,16.2,0
1,1,1,9500,1,1,150.0,136.5,1,37,37,9,7,1,0,0,1,0,1,18,0,0,8,8,8,0,-3.12,-0.8,9.4,0
2,1,5,9500,1,1,130.0,122.3,1,1,19,4,4,0,0,0,1,0,0,19,0,0,7,7,6,0,0.32,2.6,7.6,0
1,17,1,9070,1,1,133.1,128.0,1,38,19,5,5,0,0,0,1,0,1,21,0,0,6,6,6,0,-3.12,-0.8,9.4,0
1,1,1,9238,1,1,154.0,156.5,1,38,38,9,9,1,1,0,1,0,1,18,0,0,6,8,6,0,-1.7,3.7,12.7,0
1,1,1,9670,1,1,126.0,125.7,1,37,19,7,7,0,0,0,1,0,0,20,0,0,6,9,6,0,-4.06,2.8,15.5,0
1,1,1,9773,1,1,150.0,143.0,1,19,38,9,5,0,0,0,1,0,0,18,0,0,6,6,5,0,-1.7,3.7,12.7,0
1,17,5,9500,1,1,141.0,131.9,1,19,19,9,7,1,0,0,1,0,1,18,0,0,7,8,7,0,-4.06,2.8,15.5,0
2,43,1,9991,0,1,134.0,113.7,1,37,37,9,9,0,0,0,1,0,0,32,0,1,5,5,5,0,-3.12,-0.8,9.4,0
1,17,2,171,1,1,146.0,155.1,1,3,3,3,3,1,0,0,1,0,0,18,0,0,0,0,0,0,0.79,-0.3,13.9,0
1,16,3,9853,1,1,134.0,121.1,1,19,37,9,9,1,0,0,1,0,0,19,0,0,6,8,5,0,1.74,1.4,10.8,0
1,1,3,9500,1,1,139.0,130.3,1,1,19,9,3,1,0,0,1,0,1,18,0,0,8,8,8,0,-3.12,-0.8,9.4,0
1,1,6,9500,1,1,136.0,123.3,1,1,1,4,5,0,0,0,0,0,0,18,0,0,8,8,0,8,-3.12,-0.8,9.4,1
1,1,5,9773,1,1,110.0,117.4,1,19,38,3,5,1,0,0,1,0,0,20,0,0,6,7,6,0,2.02,0.6,11.1,0
1,5,1,9670,1,1,135.0,140.3,1,1,12,4,4,1,0,0,1,0,0,19,0,0,6,7,6,0,1.79,0.5,12.4,0
1,17,4,9500,1,1,129.0,120.0,1,38,37,9,5,1,0,0,1,0,0,19,0,0,8,8,7,0,1.74,1.4,10.8,0
1,17,1,9147,1,1,139.0,133.4,1,38,38,7,5,0,0,0,1,0,0,18,0,0,5,9,1,1,-3.12,-0.8,9.4,0
1,1,4,9500,1,1,137.0,126.7,1,1,19,4,7,1,0,0,1,0,0,18,0,0,7,0,0,0,-4.06,2.8,15.5,1
1,17,3,9500,1,1,138.0,129.3,1,1,19,7,8,1,0,0,1,0,1,18,0,0,7,8,6,0,1.79,0.5,12.4,0
1,17,6,9500,1,1,136.0,125.7,1,3,38,2,9,1,0,0,1,0,0,20,0,0,7,8,6,0,2.02,0.6,11.1,0
1,1,1,9773,1,1,143.0,144.8,1,3,3,2,5,0,0,0,1,0,0,19,0,0,6,6,6,0,-0.92,0.3,16.2,0
1,1,1,9254,1,1,133.1,98.6,1,38,19,3,3,0,0,0,1,0,0,21,0,0,6,16,2,0,-1.7,3.7,12.7,1
1,1,1,9853,1,1,136.0,126.9,1,38,37,9,9,1,0,0,1,0,1,19,0,0,7,7,7,0,2.02,0.6,11.1,0
1,17,1,9238,1,1,139.0,146.7,1,19,38,4,9,1,0,0,1,0,1,20,0,0,6,6,6,0,-4.06,2.8,15.5,0
1,1,1,9500,1,1,125.0,117.0,1,1,1,9,4,0,0,0,1,0,1,21,0,0,8,8,8,0,-3.12,-0.8,9.4,0
1,44,1,9085,1,39,130.0,130.0,1,37,38,9,6,1,0,0,1,0,0,23,0,0,6,7,0,0,2.02,0.6,11.1,1
1,17,1,9238,1,1,137.0,125.8,1,1,38,5,8,0,0,0,0,0,1,18,0,0,6,10,6,0,-1.7,3.7,12.7,1
2,39,1,9991,0,3,130.0,160.0,1,3,1,1,10,0,0,0,1,0,0,30,0,0,5,5,5,0,-1.7,3.7,12.7,1
1,1,1,9085,1,1,130.0,134.2,1,9,19,4,1,1,0,0,1,0,0,20,0,0,5,13,0,5,-3.12,-0.8,9.4,1
2,43,2,9147,1,1,160.0,96.0,1,37,37,9,9,0,0,0,0,0,0,29,0,3,5,7,3,0,1.74,1.4,10.8,1
1,18,1,9147,1,1,100.0,101.8,1,38,38,5,5,1,0,0,1,0,0,24,0,0,5,5,5,0,1.74,1.4,10.8,0
1,1,1,9238,1,1,136.0,125.2,1,19,1,4,3,1,0,0,1,0,0,20,0,0,6,7,6,0,0.32,2.6,7.6,0
1,43,1,8014,0,1,117.0,100.0,1,37,37,9,9,0,0,0,1,0,0,27,0,0,6,6,4,0,0.79,-0.3,13.9,1
2,7,1,9147,1,3,140.0,140.0,1,37,37,9,9,0,0,0,1,0,0,23,0,0,5,0,0,0,0.32,2.6,7.6,1
1,51,1,9070,1,1,132.0,120.0,1,19,19,153,153,0,0,0,1,0,1,23,0,0,6,6,6,0,2.02,0.6,11.1,0
1,1,3,9500,1,1,147.0,134.3,1,1,1,4,4,1,0,0,1,0,0,18,0,0,8,8,7,0,-1.7,3.7,12.7,0
1,1,1,9773,1,1,158.0,144.7,1,38,38,9,7,1,0,0,1,0,1,19,0,0,6,6,6,0,-1.7,3.7,12.7,0
1,17,6,9500,1,1,142.0,131.9,1,19,37,4,9,1,0,0,1,0,0,19,0,0,7,7,7,0,0.79,-0.3,13.9,1
1,1,1,9773,1,1,143.0,136.7,1,1,38,8,8,1,0,0,1,0,1,18,0,0,6,6,6,0,2.02,0.6,11.1,1
1,1,2,9070,1,1,135.0,129.8,1,1,1,4,7,1,0,0,1,0,0,19,0,0,6,6,6,0,-3.12,-0.8,9.4,0
1,1,1,9773,1,1,160.0,146.5,1,1,38,4,7,0,0,0,1,0,1,18,0,0,6,7,6,0,0.79,-0.3,13.9,0
1,43,1,9991,0,1,120.0,122.5,1,37,37,9,8,1,0,0,1,0,0,29,0,8,13,16,8,0,-3.12,-0.8,9.4,0
1,39,2,9556,1,19,133.1,117.8,1,37,37,3,7,0,0,0,1,0,0,24,0,0,7,10,6,0,0.79,-0.3,13.9,0
1,17,2,9556,1,1,133.1,106.0,1,37,38,9,8,1,0,0,1,0,0,19,0,0,7,16,2,0,3.51,1.4,8.9,1
1,17,1,9556,1,1,133.0,119.0,1,1,38,4,9,0,0,0,1,0,0,19,0,0,7,10,6,0,-1.7,3.7,12.7,0
1,1,1,9670,1,1,120.0,115.1,1,38,19,4,8,0,0,0,1,0,0,19,0,0,6,8,3,0,1.74,1.4,10.8,0
1,17,4,9254,1,1,106.0,116.9,1,37,19,9,7,1,0,0,1,0,0,20,0,0,6,7,6,0,2.02,0.6,11.1,0
1,1,2,9773,1,1,148.0,141.7,1,1,19,9,9,0,0,0,1,0,0,18,0,0,6,6,6,0,1.74,1.4,10.8,0
1,1,2,9070,1,1,134.0,127.7,1,1,19,3,3,1,0,0,0,0,0,18,0,1,6,8,6,1,0.79,-0.3,13.9,1
1,1,5,9500,1,1,130.0,122.1,1,19,1,9,5,1,0,0,1,0,1,19,0,0,7,8,7,0,1.79,0.5,12.4,0
1,16,1,9085,1,1,150.0,153.5,1,3,3,2,1,1,0,0,1,0,0,19,0,0,6,7,6,0,0.79,-0.3,13.9,1
1,1,1,171,1,1,141.0,141.4,1,1,19,5,8,1,0,0,1,0,1,18,0,0,0,0,0,0,0.79,-0.3,13.9,0
1,1,1,9773,1,1,140.0,135.8,1,19,37,9,6,1,0,0,1,0,1,19,0,0,6,6,6,0,1.74,1.4,10.8,0
1,1,2,9500,1,1,138.0,127.5,1,3,3,2,2,1,0,0,1,0,1,18,0,0,7,7,7,0,-0.92,0.3,16.2,0
1,39,1,9991,0,1,130.0,151.6,1,37,37,9,9,0,0,0,1,0,0,24,0,0,5,9,5,0,-0.92,0.3,16.2,0
1,39,1,9500,1,1,133.1,121.4,1,19,19,5,6,0,0,1,1,0,0,28,0,0,7,12,4,0,0.79,-0.3,13.9,0
1,42,1,9500,1,1,133.0,100.0,1,1,1,4,4,0,0,0,1,0,0,20,0,1,8,8,7,0,-1.7,3.7,12.7,0
1,1,6,9500,1,1,150.0,131.5,1,37,38,9,9,1,0,0,1,0,1,19,0,0,8,8,7,0,-1.7,3.7,12.7,0
1,17,1,9147,1,1,117.0,109.3,1,37,37,9,9,0,0,0,0,0,0,22,0,0,5,9,2,1,-3.12,-0.8,9.4,1
1,1,1,9238,1,1,145.0,127.9,1,19,1,6,5,1,0,0,1,0,0,19,0,0,6,7,6,0,-1.7,3.7,12.7,0
1,7,1,9238,1,3,140.0,140.0,1,37,37,9,9,1,0,0,1,0,0,36,0,10,14,21,13,0,-0.92,0.3,16.2,0
1,44,1,9003,1,39,160.0,160.0,1,37,38,9,7,0,0,0,1,0,1,19,0,0,6,7,6,0,-4.06,2.8,15.5,0
1,17,1,9238,1,1,125.0,119.8,1,4,3,1,1,0,0,0,1,0,0,18,0,0,6,9,5,0,-0.92,0.3,16.2,0
4,43,4,9991,0,12,133.1,153.0,1,37,37,9,9,0,0,0,0,0,0,40,0,0,5,10,0,0,0.32,2.6,7.6,1
1,1,2,9500,1,1,139.0,125.0,1,38,37,9,7,1,0,0,1,0,1,19,0,0,7,7,6,0,0.32,2.6,7.6,0
4,43,1,9500,1,1,130.0,103.7,1,37,37,9,9,0,0,0,1,0,0,38,0,1,8,12,5,1,1.74,1.4,10.8,0
1,7,1,9085,1,3,120.0,120.0,1,37,37,7,7,0,0,0,1,0,0,32,0,4,10,20,4,2,-4.06,2.8,15.5,1
1,1,1,9853,1,1,160.0,146.0,1,1,37,9,9,1,0,0,1,0,0,19,0,0,6,11,3,0,-3.12,-0.8,9.4,0
1,17,3,9070,1,1,120.0,116.9,1,3,1,4,4,1,0,0,1,0,0,19,0,0,6,6,6,0,3.51,1.4,8.9,0
2,39,1,9147,1,1,130.0,117.9,1,37,37,9,9,0,0,0,1,0,0,35,0,0,1,1,0,1,1.74,1.4,10.8,1
1,1,1,9147,1,1,124.0,128.6,1,38,19,3,10,1,0,0,1,0,0,20,0,0,5,5,4,0,0.32,2.6,7.6,0
1,17,1,9853,1,1,150.0,135.0,1,19,19,3,4,0,0,0,1,0,0,29,0,2,8,10,7,0,-1.7,3.7,12.7,0
1,1,1,9991,0,1,140.0,124.6,1,37,37,9,9,0,0,0,1,0,0,29,0,0,5,11,5,0,-4.06,2.8,15.5,0
1,1,5,9500,1,1,135.0,124.0,1,37,37,7,7,1,0,0,1,0,1,19,0,0,8,8,7,1,-3.12,-0.8,9.4,0
1,1,6,9500,1,1,143.0,129.5,1,38,19,7,9,1,0,0,1,0,1,18,0,0,8,8,7,0,1.74,1.4,10.8,0
2,39,1,8014,0,19,100.0,111.3,1,38,19,0,10,0,0,1,0,0,0,25,0,0,6,7,6,0,0.32,2.6,7.6,0
4,39,1,8014,0,19,133.1,95.0,1,37,37,9,9,0,0,1,0,0,0,50,0,0,6,11,0,0,3.51,1.4,8.9,1
2,1,1,9147,1,1,133.1,131.8,1,34,34,0,0,0,0,0,1,0,0,24,0,14,15,17,14,0,0.32,2.6,7.6,1
1,1,5,9119,1,1,132.0,119.1,1,38,19,5,3,0,0,0,1,0,0,18,0,0,5,11,0,0,-3.12,-0.8,9.4,1
1,17,1,9085,1,1,131.0,125.4,1,38,38,191,174,1,0,0,1,0,0,20,0,0,6,13,6,0,-4.06,2.8,15.5,0
1,16,1,9003,1,1,147.0,140.7,1,1,37,4,9,1,0,1,1,0,1,20,0,13,18,19,18,0,-4.06,2.8,15.5,0
1,43,1,9991,0,1,141.0,131.9,1,37,37,9,9,0,0,0,1,0,0,21,0,6,10,20,6,0,-3.12,-0.8,9.4,1
1,39,1,9238,1,1,160.0,124.0,1,38,1,9,3,0,0,1,1,1,0,28,0,2,8,15,7,0,1.74,1.4,10.8,0
1,1,1,9254,1,1,135.0,139.2,1,38,37,9,7,0,0,0,1,1,1,19,0,0,6,6,6,0,1.79,0.5,12.4,0
1,1,1,9500,1,1,133.0,121.8,1,37,37,9,7,0,0,0,1,1,1,18,0,0,8,8,8,0,-3.12,-0.8,9.4,0
1,17,1,171,1,1,142.0,132.9,1,37,37,9,9,0,0,0,1,1,0,22,0,0,0,0,0,0,-1.7,3.7,12.7,0
1,44,1,9003,1,39,130.0,130.0,1,37,37,9,10,0,0,0,1,1,0,25,0,0,6,6,0,0,-4.06,2.8,15.5,1
2,39,1,9500,1,1,133.1,130.1,1,37,37,9,9,0,0,0,0,1,0,37,0,0,7,10,5,0,2.02,0.6,11.1,1
1,39,1,9500,1,1,133.1,124.5,1,37,37,7,7,0,0,0,0,1,0,38,0,0,7,11,5,0,2.02,0.6,11.1,1
2,39,1,9670,1,1,130.0,162.3,1,19,38,9,9,0,0,0,1,1,0,36,0,0,6,13,3,0,0.79,-0.3,13.9,1
1,1,2,9500,1,1,149.0,137.8,1,19,1,9,9,1,0,0,1,1,0,18,0,0,8,8,7,0,-1.7,3.7,12.7,0
1,1,1,9670,1,1,130.0,119.5,1,1,1,0,0,0,0,0,0,1,0,19,0,0,5,5,0,0,-3.12,-0.8,9.4,1
1,39,1,9130,1,1,150.0,110.0,1,1,1,4,10,0,0,1,1,1,0,24,0,0,5,13,2,2,-3.12,-0.8,9.4,1
1,1,1,9238,1,1,106.0,105.0,1,1,1,3,3,0,0,0,1,1,0,20,0,0,6,9,5,0,2.02,0.6,11.1,0
1,1,1,171,1,1,162.0,142.8,1,37,37,9,9,1,0,0,1,1,0,21,0,0,0,0,0,0,-1.7,3.7,12.7,1
2,43,3,9991,0,1,120.0,128.2,1,37,37,9,9,1,0,0,1,1,0,32,0,0,5,5,0,0,0.32,2.6,7.6,1
2,39,1,9991,0,19,133.1,120.0,1,38,38,7,8,0,0,0,1,1,0,39,0,0,5,9,0,0,-1.7,3.7,12.7,1
1,7,1,9119,1,3,130.0,130.0,1,37,37,9,9,0,0,0,0,1,0,33,0,0,5,6,0,0,-1.7,3.7,12.7,1
1,17,2,9670,1,1,128.0,121.7,1,37,38,5,8,0,0,0,1,1,1,20,0,0,5,5,5,0,-3.12,-0.8,9.4,0
1,1,1,9003,1,1,124.0,116.0,1,38,19,9,7,0,0,0,1,1,0,19,0,0,6,8,6,0,-0.92,0.3,16.2,0
2,39,1,9991,0,1,133.1,133.2,1,37,37,5,8,0,0,0,0,1,0,43,0,0,5,13,2,0,0.79,-0.3,13.9,1
2,43,1,9991,0,1,114.0,116.7,1,37,37,7,8,0,0,0,1,1,0,49,0,0,5,7,4,0,-0.92,0.3,16.2,1
1,1,2,9773,1,1,140.0,126.4,1,38,38,5,7,1,0,0,1,1,1,18,0,0,6,8,6,0,-1.7,3.7,12.7,0
1,39,1,9003,1,1,160.0,140.0,1,1,37,191,193,0,0,0,1,1,0,27,0,0,6,6,0,0,2.02,0.6,11.1,0
1,1,1,9147,1,1,122.0,120.3,1,1,19,9,9,1,0,0,1,1,1,19,0,0,5,8,5,0,3.51,1.4,8.9,1
1,39,1,9070,1,1,140.0,118.0,1,37,37,9,10,0,0,1,1,1,1,45,0,0,6,6,6,0,-0.92,0.3,16.2,1
1,15,1,9670,1,1,160.0,149.5,1,37,12,9,9,1,0,0,0,1,0,19,0,0,6,6,6,0,0.79,-0.3,13.9,0
1,44,1,9003,1,39,130.0,130.0,1,1,3,9,6,0,0,0,1,1,1,21,0,0,6,15,6,0,0.79,-0.3,13.9,0
1,1,1,9670,1,1,141.0,126.3,1,1,1,5,9,0,0,0,1,1,1,18,0,0,6,8,6,0,0.79,-0.3,13.9,0
1,17,3,9147,1,1,127.0,116.2,1,37,37,5,7,0,0,0,1,1,0,18,0,0,5,10,0,1,-3.12,-0.8,9.4,1
1,17,1,9254,1,1,126.0,126.0,1,37,37,5,1,0,0,0,0,1,0,29,0,0,6,12,0,0,-3.12,-0.8,9.4,1
1,1,1,9670,1,1,131.0,122.3,1,1,1,4,9,0,0,0,1,1,0,19,0,0,5,6,5,0,-3.12,-0.8,9.4,0
1,1,1,9147,1,1,130.0,119.5,1,19,19,9,7,1,0,0,1,1,1,18,0,0,5,7,4,0,1.79,0.5,12.4,0
1,44,1,9070,1,39,130.0,131.8,1,1,1,9,9,0,0,0,1,1,1,22,0,2,7,7,7,0,1.79,0.5,12.4,0
1,17,6,9500,1,1,140.0,130.7,1,1,1,4,3,1,0,0,1,1,1,18,0,0,7,7,7,0,2.02,0.6,11.1,1
1,44,1,9130,1,39,140.0,140.0,1,1,19,4,7,0,0,0,1,1,0,20,0,2,6,12,5,0,0.79,-0.3,13.9,0
1,1,1,171,1,1,140.0,129.5,1,19,19,1,1,1,0,0,1,1,0,20,0,0,0,0,0,0,1.74,1.4,10.8,1
4,39,1,9670,1,19,133.1,130.0,1,37,37,9,7,0,0,1,1,1,1,29,0,0,6,16,1,0,2.02,0.6,11.1,1
1,39,1,9670,1,1,120.0,114.0,1,11,11,90,4,1,0,0,1,1,0,29,0,0,5,10,3,0,0.32,2.6,7.6,1
1,43,1,9773,1,1,121.0,121.0,1,1,1,4,5,1,0,0,1,1,0,23,0,0,6,15,1,0,-3.12,-0.8,9.4,0
1,17,1,171,1,1,123.0,116.4,1,3,12,2,9,1,0,1,1,1,0,19,0,0,0,0,0,0,1.74,1.4,10.8,1
1,1,1,9119,1,1,136.0,121.7,1,38,38,9,9,1,0,0,1,1,0,18,0,0,5,10,0,0,0.32,2.6,7.6,1
2,42,1,9254,1,1,136.0,130.0,1,2,2,134,112,1,0,0,1,1,0,22,0,2,6,13,4,0,0.32,2.6,7.6,1
1,43,1,9991,0,1,120.0,120.0,1,37,37,9,9,1,0,1,1,1,0,34,0,6,10,10,7,0,1.74,1.4,10.8,1
1,43,1,9991,0,4,160.0,125.0,1,3,3,2,1,0,0,0,1,1,0,26,0,0,5,7,5,0,0.79,-0.3,13.9,0
1,17,1,171,1,1,125.0,134.1,1,37,37,7,9,1,0,0,1,1,0,24,0,12,17,19,13,0,2.02,0.6,11.1,1
1,1,1,9670,1,1,146.0,149.5,1,1,1,9,8,1,0,0,1,1,1,17,0,0,6,8,6,0,2.02,0.6,11.1,0
1,43,4,9670,1,1,117.0,113.2,1,3,3,4,4,0,0,0,1,1,0,21,0,0,5,11,2,0,-3.12,-0.8,9.4,0
2,39,1,9991,0,1,150.0,146.0,1,1,4,4,2,0,0,0,1,1,0,34,0,0,5,5,5,0,-1.7,3.7,12.7,0
1,44,1,9003,1,39,140.0,140.0,1,19,38,6,7,1,0,0,1,1,0,19,0,0,6,8,6,0,1.79,0.5,12.4,0
2,39,1,9003,1,1,111.0,162.4,1,1,3,4,2,0,0,1,0,1,0,49,0,4,12,16,5,0,3.51,1.4,8.9,1
1,43,1,9500,1,1,120.0,136.6,1,2,4,4,5,0,0,0,1,1,0,23,0,0,7,14,5,0,0.79,-0.3,13.9,1
1,18,3,9119,1,1,111.0,111.0,1,1,19,9,8,1,0,0,1,1,0,18,0,0,5,10,4,0,1.79,0.5,12.4,1
1,1,1,9500,1,1,118.0,115.7,1,12,1,4,10,0,0,0,1,1,0,20,0,0,7,9,5,0,0.79,-0.3,13.9,0
1,1,3,9670,1,1,106.0,105.7,1,3,1,2,3,1,0,0,1,1,0,19,0,0,6,6,6,0,3.51,1.4,8.9,0
1,42,1,9003,1,39,120.0,128.2,1,3,1,2,6,1,0,0,1,1,0,24,0,4,9,13,8,0,-0.92,0.3,16.2,0
1,1,1,9147,1,1,151.0,137.0,1,1,38,4,7,1,0,0,1,1,0,18,0,0,5,5,5,0,3.51,1.4,8.9,0
2,39,1,9254,1,19,133.1,120.0,1,34,34,0,0,0,0,1,0,1,0,45,0,0,6,12,0,0,-3.12,-0.8,9.4,1
1,39,1,9991,0,1,120.0,120.5,1,34,34,0,0,1,0,0,1,1,0,30,0,0,5,5,2,0,0.32,2.6,7.6,1
1,51,1,9991,0,39,120.0,118.1,1,1,4,4,10,0,0,0,1,1,0,28,0,13,15,17,13,0,3.51,1.4,8.9,1
1,39,1,9991,0,1,110.0,139.0,1,37,37,9,9,0,0,0,1,1,0,40,0,0,5,0,0,0,-1.7,3.7,12.7,1
1,39,2,9147,1,19,133.1,116.3,1,38,19,4,10,0,0,0,0,1,0,32,0,0,5,5,0,0,1.74,1.4,10.8,1
1,17,5,9254,1,1,118.0,120.5,1,19,37,5,5,1,0,0,1,1,0,19,0,0,6,12,4,0,0.32,2.6,7.6,1
1,1,1,9070,1,1,139.0,134.9,1,1,19,3,9,1,0,0,1,1,0,20,0,0,6,7,6,0,-0.92,0.3,16.2,0
1,17,1,9119,1,1,130.0,123.0,1,1,3,4,2,0,0,0,1,1,0,18,0,0,5,10,1,0,-3.12,-0.8,9.4,1
1,17,1,9670,1,1,132.0,122.9,1,38,37,9,9,0,0,0,0,1,0,20,0,0,6,6,6,0,1.74,1.4,10.8,1
1,39,1,9991,0,1,100.0,140.0,1,37,38,9,4,0,0,0,1,1,0,39,0,0,5,7,4,0,-4.06,2.8,15.5,0
1,17,1,9085,1,1,120.0,122.5,1,19,38,4,8,0,0,0,0,1,0,19,0,0,6,11,5,0,2.02,0.6,11.1,0
1,39,1,9991,0,12,133.1,121.5,1,37,37,9,9,0,0,0,1,1,0,38,0,0,5,11,2,0,0.32,2.6,7.6,0
1,17,3,9500,1,1,156.0,132.3,1,19,37,4,9,1,0,0,1,1,1,18,0,0,7,7,6,0,0.32,2.6,7.6,0
1,17,4,9500,1,1,143.0,131.5,1,19,38,9,6,1,0,0,1,1,1,18,0,0,7,8,7,0,0.79,-0.3,13.9,0
2,43,1,9130,1,9,133.1,128.2,1,34,34,0,0,0,0,0,1,1,0,28,0,0,5,9,0,0,0.32,2.6,7.6,1
1,39,1,9670,1,1,140.0,148.0,1,37,37,9,9,1,0,0,0,1,0,31,0,0,6,14,0,0,-1.7,3.7,12.7,1
1,1,1,9500,1,1,127.0,121.5,1,2,19,3,9,0,0,0,1,1,0,23,0,0,7,7,6,0,0.32,2.6,7.6,0
1,1,1,9500,1,1,135.0,135.4,1,38,19,194,193,1,0,0,1,1,0,21,0,0,7,9,6,0,2.02,0.6,11.1,0
1,39,1,9238,1,19,133.1,139.0,1,37,37,9,9,0,0,1,0,1,0,33,0,0,6,8,0,0,-0.92,0.3,16.2,1
1,43,1,9147,1,1,120.0,113.4,1,37,37,5,3,0,0,0,1,1,0,22,0,0,5,9,3,0,-1.7,3.7,12.7,1
1,44,1,9119,1,39,150.0,150.0,1,19,37,9,9,1,0,1,1,1,0,20,0,0,5,6,5,0,1.79,0.5,12.4,1
1,17,1,9670,1,1,123.0,122.0,1,37,38,3,3,0,0,1,1,1,0,19,0,0,6,7,6,0,3.51,1.4,8.9,0
1,44,1,9085,1,39,150.0,150.0,1,38,38,4,1,1,0,0,1,1,0,20,0,1,6,11,6,0,-0.92,0.3,16.2,0
1,39,1,9254,1,12,133.1,119.3,1,37,37,5,7,1,0,0,1,1,0,25,0,0,6,7,6,0,-3.12,-0.8,9.4,0
1,39,1,9003,1,1,130.0,140.0,1,1,1,9,4,0,0,0,0,1,0,25,0,0,6,0,0,0,0.79,-0.3,13.9,1
1,1,4,9070,1,1,140.0,125.0,1,4,19,2,10,1,0,0,1,1,0,19,0,0,6,7,6,0,-3.12,-0.8,9.4,0
1,1,1,9670,1,1,141.0,140.7,1,2,1,2,4,1,0,0,1,1,0,20,0,0,5,5,5,0,0.32,2.6,7.6,0
2,39,1,9500,1,19,133.1,100.0,1,19,19,4,4,0,0,0,1,1,0,33,0,0,7,7,5,0,-0.92,0.3,16.2,0
1,17,5,9773,1,1,146.0,146.7,1,1,37,5,5,1,0,0,1,1,0,19,0,0,6,7,6,0,0.32,2.6,7.6,0
1,39,1,9130,1,19,133.1,96.0,1,34,34,99,99,0,0,0,1,1,0,31,0,0,5,5,0,0,0.32,2.6,7.6,1
1,44,1,9119,1,39,160.0,160.0,1,3,38,2,3,0,0,1,0,1,0,24,0,2,6,6,2,0,3.51,1.4,8.9,1
1,44,1,9119,1,39,130.0,130.0,1,19,3,3,4,0,0,1,0,1,0,23,0,0,5,5,0,0,-4.06,2.8,15.5,1
2,39,1,9991,0,1,160.0,130.0,1,1,3,1,2,0,0,0,0,1,1,26,0,0,5,12,3,0,-3.12,-0.8,9.4,1
2,43,1,9070,1,2,140.0,140.0,1,37,37,6,6,1,0,0,1,1,0,38,0,14,18,18,18,0,-0.92,0.3,16.2,0
1,1,6,9119,1,1,126.0,116.6,1,19,19,7,3,1,0,0,1,1,1,20,0,0,5,6,5,0,3.51,1.4,8.9,0
1,17,5,9119,1,1,118.0,120.5,1,1,19,9,9,1,0,0,1,1,0,20,0,0,5,10,3,0,1.79,0.5,12.4,0
1,39,1,9085,1,19,133.1,103.0,1,3,1,2,5,0,0,0,1,1,0,25,0,0,6,0,0,0,1.74,1.4,10.8,1
1,17,2,9070,1,1,121.0,111.9,1,1,19,144,144,1,0,0,1,1,0,19,0,0,6,9,5,0,3.51,1.4,8.9,0
1,17,1,9119,1,1,148.0,148.7,1,1,38,4,5,0,0,0,1,1,0,18,0,0,5,6,5,0,3.51,1.4,8.9,0
1,43,1,9991,0,12,133.1,120.0,1,12,12,9,9,0,0,0,1,1,0,28,0,7,13,13,7,0,1.74,1.4,10.8,1
1,1,2,9119,1,1,140.0,125.7,1,19,19,9,9,1,0,0,1,1,0,18,0,0,5,5,0,0,-3.12,-0.8,9.4,0
1,1,1,9254,1,1,132.0,120.1,1,1,38,9,9,1,0,0,1,1,1,20,0,0,6,7,6,0,3.51,1.4,8.9,0
1,1,1,9130,1,1,140.0,127.8,1,4,3,3,3,0,0,0,1,1,0,18,0,0,6,7,6,0,2.02,0.6,11.1,0
1,17,3,9147,1,1,112.0,106.4,1,1,1,3,3,1,0,0,1,1,0,19,0,0,5,7,5,0,1.79,0.5,12.4,0
1,42,1,9500,1,1,100.0,100.0,1,19,19,9,9,0,0,1,1,1,0,24,0,0,8,16,2,1,-1.7,3.7,12.7,1
1,17,4,9085,1,1,126.0,123.9,1,1,3,5,5,1,0,0,1,1,0,21,0,0,6,0,0,0,1.74,1.4,10.8,1
1,1,1,9670,1,1,150.0,139.5,1,3,37,4,7,0,0,0,1,1,1,20,0,0,6,7,6,0,-1.7,3.7,12.7,0
1,44,1,9003,1,39,150.0,150.0,1,19,1,9,8,1,0,0,1,1,0,21,0,0,6,12,5,0,0.79,-0.3,13.9,0
2,1,1,9556,1,1,144.0,139.8,1,19,19,193,144,0,0,1,1,1,0,24,0,0,7,7,7,0,1.74,1.4,10.8,0
1,39,1,9991,0,1,133.1,154.4,1,38,37,9,9,0,0,0,1,1,0,27,0,0,5,0,0,0,1.74,1.4,10.8,1
1,17,6,9147,1,1,120.0,115.5,1,37,38,9,9,1,0,1,0,1,0,19,0,0,5,8,4,0,3.51,1.4,8.9,0
1,39,1,8014,0,1,133.1,119.0,1,3,19,4,7,0,0,0,1,1,0,39,0,3,9,10,9,0,3.51,1.4,8.9,0
1,39,1,33,1,1,133.1,96.1,1,19,37,9,9,0,0,0,1,1,0,25,0,0,7,13,2,0,1.79,0.5,12.4,1
1,7,1,171,1,3,130.0,130.0,1,1,2,9,2,0,0,0,0,1,0,18,0,0,0,0,0,0,-3.12,-0.8,9.4,1
1,43,1,9070,1,1,133.0,128.8,1,1,2,9,2,0,0,0,1,1,0,19,0,6,12,12,12,0,1.74,1.4,10.8,0
1,18,1,9773,1,1,124.0,126.8,1,38,37,9,8,0,0,0,1,1,1,21,0,0,6,8,5,0,0.79,-0.3,13.9,0
1,7,1,9991,0,40,130.0,130.0,1,1,3,4,2,0,0,0,1,1,0,27,0,0,5,0,0,0,3.51,1.4,8.9,1
1,1,3,9147,1,1,124.0,116.7,1,1,1,5,3,1,0,0,1,1,0,19,0,0,5,6,0,0,0.32,2.6,7.6,0
1,17,3,9500,1,1,132.0,125.5,1,3,1,2,7,1,0,0,1,1,0,18,0,0,8,8,7,0,1.74,1.4,10.8,0
1,7,1,9670,1,3,110.0,110.0,1,27,37,3,3,1,0,0,1,1,0,27,0,7,12,12,9,0,-3.12,-0.8,9.4,1
1,1,3,9773,1,1,127.0,133.7,1,19,38,8,3,1,0,1,1,1,0,18,0,0,6,6,6,0,-1.7,3.7,12.7,1
1,1,1,9130,1,1,130.0,117.6,1,2,3,9,1,0,0,0,1,1,0,19,0,0,5,14,2,2,-3.12,-0.8,9.4,0
1,44,1,9003,1,39,140.0,140.0,1,19,38,9,10,0,0,0,1,1,0,19,0,0,6,15,3,0,0.79,-0.3,13.9,1
1,44,1,9003,1,39,150.0,150.0,1,19,1,1,1,0,0,0,1,1,0,22,0,0,6,12,3,0,-4.06,2.8,15.5,0
1,16,2,9238,1,1,133.0,133.7,1,19,38,4,5,1,0,0,1,0,0,18,0,0,6,6,6,0,1.74,1.4,10.8,0
1,16,4,9773,1,1,109.0,137.0,1,37,37,9,3,1,0,0,1,0,1,18,0,0,6,7,6,0,1.74,1.4,10.8,0
1,43,1,9147,1,1,133.1,128.2,1,4,19,2,1,0,0,0,1,0,0,23,0,7,11,18,11,1,-3.12,-0.8,9.4,1
1,18,4,171,1,1,133.0,129.2,1,1,4,9,5,1,0,1,0,1,0,20,0,0,0,0,0,0,-3.12,-0.8,9.4,1
1,17,3,9773,1,1,134.0,129.5,1,2,1,3,3,1,0,0,1,1,0,18,0,0,6,7,6,0,-0.92,0.3,16.2,0
1,1,4,9773,1,1,125.0,129.6,1,19,19,9,7,1,0,0,1,1,0,18,0,0,6,6,6,0,1.79,0.5,12.4,0
1,17,3,9119,1,1,135.0,121.7,1,1,19,141,193,1,0,0,1,1,0,18,0,0,5,7,5,0,3.51,1.4,8.9,0
1,17,2,9773,1,1,132.0,141.8,1,19,1,9,9,1,0,0,1,1,0,20,0,0,6,6,6,0,-1.7,3.7,12.7,0
1,1,3,9773,1,1,135.0,129.8,1,3,1,2,4,1,0,0,1,1,0,20,0,0,6,6,5,0,-4.06,2.8,15.5,0
1,44,1,9070,1,39,100.0,106.0,1,1,1,4,4,0,0,0,1,1,0,21,0,2,7,7,5,0,1.79,0.5,12.4,1
1,43,1,171,1,1,144.0,121.6,1,19,19,9,4,0,0,0,1,1,0,22,0,0,0,0,0,0,0.79,-0.3,13.9,0
1,17,1,9119,1,1,125.0,121.5,1,19,1,5,4,1,0,0,1,1,0,20,0,0,5,7,5,0,2.02,0.6,11.1,1
1,1,1,171,1,1,133.1,117.0,1,1,37,9,9,0,0,1,1,1,0,19,0,0,0,0,0,0,-4.06,2.8,15.5,0
1,44,1,9119,1,39,130.0,130.0,1,38,19,9,5,1,0,0,1,1,0,19,0,0,5,9,2,0,1.79,0.5,12.4,0
1,17,1,9670,1,1,117.0,117.7,1,1,1,4,4,1,0,0,1,1,0,20,0,0,6,9,6,0,3.51,1.4,8.9,0
1,44,1,9085,1,39,140.0,140.0,1,19,37,5,7,1,0,0,1,1,0,19,0,2,6,10,4,0,1.79,0.5,12.4,1
1,1,1,9119,1,1,132.0,133.1,1,1,12,3,3,1,0,0,1,1,0,19,0,0,5,7,3,0,2.02,0.6,11.1,1
1,15,1,9119,1,1,133.1,100.0,41,2,2,2,2,0,0,1,1,1,0,24,1,2,8,8,7,0,3.51,1.4,8.9,0
1,17,1,9670,1,1,132.0,119.1,1,19,1,5,4,0,0,1,1,1,0,18,0,0,6,6,3,0,1.74,1.4,10.8,1
1,1,1,9119,1,1,148.0,129.8,1,19,19,9,8,0,0,0,0,1,1,18,0,0,5,6,5,0,3.51,1.4,8.9,0
1,1,1,9238,1,1,133.0,131.3,1,19,38,9,7,1,0,1,1,0,0,18,0,0,6,7,5,0,3.51,1.4,8.9,1
1,17,5,9773,1,1,143.0,136.7,1,1,1,7,7,1,0,0,1,0,0,18,0,0,6,6,6,0,3.51,1.4,8.9,0
1,17,1,9238,1,1,143.0,126.2,1,19,37,9,9,1,0,0,1,0,1,21,0,0,6,7,6,0,1.79,0.5,12.4,0
1,15,1,9085,1,1,133.1,109.6,41,37,37,9,9,0,0,0,1,0,0,18,1,0,6,13,4,0,2.02,0.6,11.1,1
1,1,1,9500,1,1,141.0,131.9,1,1,19,3,3,1,0,0,1,0,1,18,0,0,7,7,7,0,2.02,0.6,11.1,0
1,1,2,9238,1,1,140.0,140.7,1,19,37,9,9,1,0,0,1,0,1,18,0,0,6,6,6,0,1.74,1.4,10.8,0
1,18,6,8014,0,1,134.0,120.7,1,3,19,2,4,1,0,0,1,0,0,23,0,0,6,8,4,0,0.79,-0.3,13.9,1
1,1,2,9147,1,1,118.0,113.8,1,3,19,2,4,1,0,0,1,0,0,21,0,0,5,9,3,0,3.51,1.4,8.9,0
1,1,1,9238,1,1,135.0,121.0,1,19,38,7,5,0,0,0,1,0,0,20,0,0,6,13,1,0,-3.12,-0.8,9.4,0
1,17,1,8014,0,1,119.0,112.4,1,34,34,0,0,1,0,0,1,0,0,26,0,4,7,15,7,0,0.32,2.6,7.6,1
1,1,6,9773,1,1,145.0,131.0,1,1,19,4,4,1,0,0,1,0,1,18,0,0,6,6,6,0,0.32,2.6,7.6,0
1,1,1,171,1,1,143.0,142.7,1,3,37,9,9,1,0,0,1,0,0,18,0,0,0,0,0,0,-0.92,0.3,16.2,1
1,1,1,9670,1,1,123.0,125.5,1,19,19,9,8,0,0,0,0,0,1,19,0,0,6,6,6,0,3.51,1.4,8.9,0
1,1,3,9500,1,1,108.0,107.8,1,19,1,9,3,1,0,0,1,0,1,20,0,0,7,10,6,0,0.79,-0.3,13.9,0
1,1,3,9773,1,1,117.0,110.4,1,38,19,7,7,1,0,1,0,0,0,19,0,0,6,7,6,0,-0.92,0.3,16.2,1
1,44,1,9238,1,39,140.0,136.1,1,37,19,191,102,1,0,1,1,0,0,21,0,3,6,8,3,0,1.79,0.5,12.4,0
1,39,1,9254,1,1,170.0,138.3,1,37,37,4,6,0,0,0,1,0,0,33,0,5,10,14,9,0,1.74,1.4,10.8,0
1,1,2,9085,1,1,157.0,142.3,1,3,38,4,6,0,0,0,1,0,0,18,0,0,5,7,4,0,0.32,2.6,7.6,0
1,42,1,9500,1,6,141.0,145.0,1,37,1,9,4,0,0,0,1,0,0,21,0,12,21,33,18,12,0.32,2.6,7.6,0
1,1,1,9773,1,1,125.0,125.7,1,3,19,2,3,1,0,0,1,0,0,19,0,0,6,6,6,0,3.51,1.4,8.9,0
4,39,1,9853,1,19,133.1,108.0,1,38,19,9,9,0,0,1,0,0,0,33,0,0,7,7,7,0,3.51,1.4,8.9,0
2,1,4,9500,1,1,143.0,128.7,1,38,38,5,5,1,0,0,1,0,0,18,0,0,7,10,7,0,-4.06,2.8,15.5,0
1,1,1,9670,1,1,142.0,128.0,1,1,19,4,4,0,0,0,1,0,1,18,0,0,6,8,6,0,2.02,0.6,11.1,0
1,1,3,9773,1,1,150.0,146.5,1,19,38,4,4,1,0,0,1,0,1,20,0,0,6,6,6,0,2.02,0.6,11.1,0
1,1,2,9254,1,1,112.0,106.1,1,37,37,6,6,1,0,0,0,0,0,20,0,0,6,0,0,0,2.02,0.6,11.1,1
1,17,2,8014,0,1,133.1,118.0,1,19,1,1,1,0,0,0,1,0,1,20,0,0,6,6,6,0,1.74,1.4,10.8,0
1,17,1,9085,1,1,125.0,117.0,1,1,37,4,9,1,0,0,1,0,1,19,0,0,5,6,4,0,1.74,1.4,10.8,0
1,1,3,9238,1,1,121.0,115.4,1,38,37,8,8,1,0,0,1,0,1,19,0,0,6,7,6,0,0.79,-0.3,13.9,0
1,17,3,9238,1,1,133.1,117.0,1,41,1,2,3,1,0,0,1,0,0,21,0,0,6,8,6,0,2.02,0.6,11.1,0
1,39,1,9085,1,1,133.1,144.9,1,3,3,4,2,1,0,0,1,0,0,26,0,0,6,11,3,0,1.79,0.5,12.4,0
1,17,1,9238,1,1,135.0,127.0,1,37,37,8,6,0,0,0,1,0,0,21,0,0,6,0,0,0,-0.92,0.3,16.2,1
1,1,4,9500,1,1,132.0,118.0,1,19,38,5,5,1,0,0,1,0,0,18,0,0,8,8,7,0,-1.7,3.7,12.7,0
5,39,1,9853,1,19,133.1,118.0,1,37,37,9,8,0,0,0,1,0,0,27,0,0,7,14,6,0,1.79,0.5,12.4,1
1,43,1,9070,1,1,135.0,126.4,1,1,38,3,9,1,0,0,1,0,1,20,0,5,12,12,12,0,-4.06,2.8,15.5,0
1,43,1,9670,1,39,110.0,110.0,1,19,3,7,10,0,0,0,1,0,0,21,0,0,6,8,5,0,-0.92,0.3,16.2,0
1,17,1,9556,1,1,133.0,124.4,1,38,37,9,9,1,0,0,1,0,1,18,0,0,7,7,7,0,-4.06,2.8,15.5,0
1,44,1,9085,1,39,140.0,140.0,1,1,19,9,9,1,0,0,1,0,0,20,0,1,6,13,6,0,-0.92,0.3,16.2,0
1,1,1,9773,1,1,135.0,129.4,1,1,19,4,10,1,0,0,1,0,0,18,0,0,6,6,6,0,2.02,0.6,11.1,0
1,44,1,9238,1,39,140.0,141.7,1,1,1,3,5,0,0,0,1,0,1,20,0,3,6,6,6,0,0.79,-0.3,13.9,0
1,1,2,9085,1,1,144.0,132.1,1,1,19,4,10,1,0,0,1,0,1,19,0,0,5,10,3,1,-1.7,3.7,12.7,0
1,1,5,9500,1,1,122.0,116.8,1,37,3,9,2,1,0,0,1,0,0,20,0,0,7,8,6,0,0.79,-0.3,13.9,0
1,1,1,9991,0,1,143.0,135.0,1,19,37,5,8,0,0,0,1,0,1,20,0,0,5,5,5,0,1.74,1.4,10.8,0
1,44,1,9085,1,39,150.0,150.0,1,38,1,5,5,0,0,0,1,0,0,20,0,0,5,10,2,1,-1.7,3.7,12.7,0
1,1,3,9238,1,1,124.0,116.0,1,19,1,7,10,1,0,1,1,0,0,19,0,0,6,7,0,0,0.79,-0.3,13.9,1
1,1,1,9773,1,1,156.0,155.0,1,3,3,123,122,0,0,0,1,0,0,18,0,0,6,7,6,0,3.51,1.4,8.9,0
1,1,1,9085,1,1,142.0,127.0,1,38,38,9,10,1,0,0,1,0,0,18,0,0,5,7,3,0,1.74,1.4,10.8,0
1,17,1,9500,1,1,142.0,130.8,1,38,37,9,8,1,0,0,1,0,1,19,0,0,7,10,6,0,0.79,-0.3,13.9,0
1,1,6,9500,1,1,126.0,121.8,1,12,37,5,9,1,0,0,1,0,0,19,0,0,7,8,6,0,1.79,0.5,12.4,1
1,39,1,9003,1,19,133.1,140.0,1,37,37,9,4,0,0,0,1,1,0,43,0,0,6,8,6,0,-0.92,0.3,16.2,0
2,42,1,9070,1,1,170.0,148.5,1,37,25,0,4,0,0,0,1,1,0,47,0,8,10,14,8,0,-3.12,-0.8,9.4,1
1,42,1,9147,1,1,130.0,109.8,1,34,34,99,99,1,0,0,0,1,0,23,0,0,3,3,0,0,0.32,2.6,7.6,1
1,1,1,9238,1,1,133.0,119.7,41,19,19,9,9,1,0,1,1,0,1,19,1,0,6,8,6,0,3.51,1.4,8.9,0
1,42,1,9500,1,1,122.0,122.0,1,3,3,2,2,1,0,0,1,0,0,20,0,0,8,11,6,0,-1.7,3.7,12.7,0
1,1,1,171,1,1,138.0,147.5,1,1,3,4,4,1,0,0,1,0,1,19,0,6,12,12,12,0,3.51,1.4,8.9,0
1,17,1,9085,1,1,163.0,150.8,14,37,37,9,9,1,0,0,1,0,0,19,1,0,6,13,6,0,-4.06,2.8,15.5,0
1,44,1,9085,1,39,150.0,150.0,1,19,37,4,7,1,0,0,1,0,0,19,0,2,6,8,6,0,0.79,-0.3,13.9,0
1,39,1,8014,0,19,133.1,131.5,1,19,19,144,141,0,0,1,1,0,1,39,0,0,6,9,6,0,2.02,0.6,11.1,0
1,1,1,9070,1,1,144.0,127.2,1,1,1,3,5,1,0,0,1,0,1,20,0,0,6,6,6,0,1.74,1.4,10.8,0
1,17,1,9070,1,1,118.0,111.0,1,38,19,9,3,1,0,0,1,0,0,21,0,0,6,6,6,0,0.32,2.6,7.6,0
1,43,5,9238,1,1,101.0,119.9,24,37,19,9,7,1,0,1,0,0,0,22,1,5,11,16,9,0,-3.12,-0.8,9.4,0
1,1,2,9773,1,1,133.0,133.7,1,19,38,5,0,1,0,0,1,0,0,19,0,0,6,11,1,0,0.32,2.6,7.6,1
1,17,1,9670,1,1,133.1,140.0,1,1,19,141,114,1,0,0,1,0,0,22,0,0,6,6,6,0,0.79,-0.3,13.9,0
1,5,2,9853,1,1,124.0,113.9,1,19,19,3,3,1,0,0,1,0,1,19,0,0,6,8,6,0,-1.7,3.7,12.7,0
1,1,1,171,1,1,127.0,120.7,1,37,38,9,9,1,0,1,1,1,0,18,0,0,0,0,0,0,0.32,2.6,7.6,1
5,39,1,9147,1,1,133.1,119.8,1,19,19,9,9,0,0,0,1,1,0,26,0,0,5,9,5,0,2.02,0.6,11.1,0
1,39,1,9991,0,1,110.0,121.8,1,37,37,9,9,0,0,0,0,1,0,36,0,0,5,5,0,0,-1.7,3.7,12.7,1
1,18,1,171,1,1,110.0,117.7,1,19,2,5,5,1,0,1,1,1,1,20,0,0,0,0,0,0,1.79,0.5,12.4,0
2,39,1,9147,1,1,160.0,110.0,1,37,37,9,7,0,0,0,1,1,0,30,0,0,5,8,2,0,-4.06,2.8,15.5,1
1,43,1,9003,1,1,120.0,134.4,1,1,1,4,10,0,0,0,1,1,0,24,0,0,6,7,6,0,-4.06,2.8,15.5,1
1,1,1,9147,1,1,133.1,125.3,1,34,34,0,0,0,0,0,1,1,0,26,0,11,15,15,11,0,0.32,2.6,7.6,1
1,1,1,9147,1,1,132.0,119.1,1,19,38,9,7,0,0,0,0,1,0,19,0,0,5,16,1,0,0.79,-0.3,13.9,1
5,39,1,9238,1,1,130.0,146.0,1,19,38,9,10,0,0,0,1,1,0,34,0,0,6,8,5,0,1.79,0.5,12.4,0
1,43,1,9130,1,1,130.0,130.0,1,1,1,1,1,1,0,0,1,1,0,33,0,0,5,12,1,2,-3.12,-0.8,9.4,0
1,17,6,9147,1,1,129.0,122.0,1,19,1,9,4,1,0,0,1,1,0,19,0,0,5,8,5,1,-3.12,-0.8,9.4,0
1,17,5,9119,1,1,130.0,118.1,1,19,1,4,5,1,0,1,0,1,0,26,0,0,5,11,1,0,3.51,1.4,8.9,1
1,39,1,9670,1,1,140.0,105.2,1,38,37,7,7,0,0,0,1,1,0,29,0,0,6,7,1,0,-0.92,0.3,16.2,1
1,17,5,9119,1,1,131.0,123.3,1,19,37,9,7,1,0,0,1,1,1,19,0,0,5,9,5,0,3.51,1.4,8.9,1
1,17,1,171,1,1,129.0,124.8,1,1,1,9,9,1,0,0,1,1,0,18,0,0,0,0,0,0,-1.7,3.7,12.7,1
1,39,1,9991,0,19,133.1,149.4,1,19,37,9,9,0,0,0,0,1,0,29,0,0,5,11,2,0,2.02,0.6,11.1,1
1,43,1,9254,1,1,112.0,108.5,1,37,37,9,9,0,0,0,1,1,0,21,0,0,6,6,6,0,-3.12,-0.8,9.4,0
1,17,1,9254,1,1,119.0,125.0,1,1,1,4,10,0,0,0,1,1,0,19,0,0,6,7,5,0,1.74,1.4,10.8,0
1,1,1,9500,1,1,133.1,101.0,1,38,38,5,10,0,0,0,1,1,0,20,0,0,7,14,5,0,-4.06,2.8,15.5,0
1,1,1,9085,1,1,123.0,112.9,1,3,1,2,5,0,0,0,1,1,0,18,0,0,5,5,0,0,0.32,2.6,7.6,1
1,17,3,9070,1,1,131.0,120.2,1,38,37,5,5,1,0,0,1,1,0,18,0,0,6,6,6,0,-4.06,2.8,15.5,0
1,1,1,9147,1,1,120.0,111.6,1,34,34,99,99,0,0,1,1,1,1,21,0,0,5,5,5,0,1.74,1.4,10.8,0
1,1,1,9147,1,1,125.0,134.1,1,1,1,4,2,1,0,0,1,1,0,20,0,0,5,0,0,0,3.51,1.4,8.9,1
1,39,1,9119,1,1,133.1,101.6,1,37,37,9,9,0,0,0,1,1,1,30,0,0,5,11,0,0,-1.7,3.7,12.7,1
1,18,2,9670,1,1,121.0,111.9,1,37,38,4,1,1,0,0,1,1,0,19,0,0,6,6,6,0,0.79,-0.3,13.9,0
1,51,1,9147,1,1,148.0,118.4,1,1,19,9,6,1,0,0,1,1,0,30,0,0,5,7,5,0,3.51,1.4,8.9,1
1,1,1,9147,1,1,139.0,127.1,1,38,1,5,5,1,0,0,1,1,1,22,0,0,5,8,5,0,-1.7,3.7,12.7,0
1,17,3,171,1,1,125.0,120.5,1,37,37,5,10,1,0,0,1,1,0,22,0,0,0,0,0,0,1.79,0.5,12.4,0
1,17,4,9070,1,1,128.0,136.1,1,1,1,9,10,1,0,1,0,1,0,19,0,0,6,6,6,0,2.02,0.6,11.1,1
1,17,2,9670,1,1,132.0,124.0,1,1,19,5,3,1,0,0,1,1,0,21,0,0,5,7,3,0,0.32,2.6,7.6,1
1,17,4,9085,1,1,137.0,141.6,1,38,38,151,151,0,0,0,1,1,0,21,0,0,5,7,4,0,0.32,2.6,7.6,0
1,44,1,171,1,39,160.0,160.0,1,19,38,9,9,1,0,1,1,1,1,21,0,0,0,0,0,0,-4.06,2.8,15.5,1
1,39,1,9147,1,1,120.0,110.0,1,1,19,4,7,0,0,0,1,1,0,27,0,0,5,13,3,0,-4.06,2.8,15.5,1
1,43,1,33,1,1,134.0,100.0,1,37,37,1,1,1,0,0,1,1,0,32,0,0,7,7,0,0,0.79,-0.3,13.9,1
1,39,1,9670,1,12,133.1,120.0,1,37,1,9,3,0,0,1,0,1,0,40,0,0,6,13,0,0,-4.06,2.8,15.5,1
1,1,2,9147,1,1,116.0,124.8,1,37,1,5,3,1,0,0,1,1,0,20,0,0,5,9,2,0,0.32,2.6,7.6,0
1,44,1,9130,1,39,140.0,140.0,1,4,4,2,10,1,0,0,1,1,0,20,0,1,5,8,2,0,-1.7,3.7,12.7,1
1,1,3,171,1,1,140.0,124.3,1,37,37,9,9,1,0,0,1,1,0,18,0,0,0,0,0,0,0.32,2.6,7.6,0
1,43,1,9147,1,1,122.0,118.9,1,1,38,1,7,0,0,0,1,1,0,21,0,0,5,11,2,0,-1.7,3.7,12.7,1
1,17,1,9670,1,1,141.0,130.2,1,19,37,5,8,0,0,0,1,1,0,18,0,0,6,6,6,0,-1.7,3.7,12.7,1
1,44,1,9003,1,1,120.0,120.0,1,1,3,144,123,0,0,0,1,1,0,19,0,0,6,17,1,0,-0.92,0.3,16.2,0
5,7,1,9070,1,3,140.0,140.0,1,37,37,7,7,0,0,0,0,1,0,30,0,0,6,6,1,0,-4.06,2.8,15.5,1
1,39,1,9003,1,12,133.1,130.0,1,19,1,9,1,0,0,0,1,1,0,29,0,0,6,17,0,2,-4.06,2.8,15.5,1
1,17,2,9119,1,1,137.0,130.4,1,1,1,4,4,1,0,1,1,1,0,18,0,0,5,10,1,0,0.32,2.6,7.6,1
1,1,2,9670,1,1,122.0,116.1,1,1,1,9,9,1,0,0,1,1,1,18,0,0,5,6,4,0,-3.12,-0.8,9.4,1
1,44,1,9003,1,39,130.0,130.0,1,1,1,3,10,0,0,0,1,1,0,22,0,4,10,21,5,1,-4.06,2.8,15.5,1
1,43,2,9991,0,1,140.0,124.3,1,37,37,5,5,1,0,0,0,1,0,27,0,0,5,5,0,0,-1.7,3.7,12.7,1
1,17,6,9670,1,1,125.0,125.0,1,38,1,9,7,1,0,0,1,1,0,20,0,0,6,8,4,0,1.74,1.4,10.8,0
1,51,1,8014,0,2,110.0,110.0,1,19,38,9,10,0,0,0,1,1,0,42,0,8,12,12,11,0,2.02,0.6,11.1,0
1,1,1,9003,1,1,133.1,115.0,1,38,38,4,8,0,0,1,1,1,0,21,0,8,12,13,12,0,-4.06,2.8,15.5,0
1,43,1,9500,1,1,132.0,129.6,1,1,38,7,7,0,1,0,1,1,0,23,0,0,7,10,6,0,-0.92,0.3,16.2,0
1,51,1,9070,1,1,122.0,128.8,1,38,38,9,9,1,0,0,1,1,0,21,0,4,12,13,5,0,3.51,1.4,8.9,1
1,1,3,171,1,1,155.0,144.2,1,4,3,1,1,1,0,0,1,1,0,19,0,0,0,0,0,0,-1.7,3.7,12.7,0
2,39,1,9238,1,1,120.0,134.0,1,37,37,7,7,0,0,0,1,1,1,40,0,0,6,7,6,0,3.51,1.4,8.9,1
1,43,1,9147,1,1,129.0,112.0,1,19,1,9,5,0,0,0,1,1,0,22,0,5,9,9,5,0,-1.7,3.7,12.7,1
1,1,2,9500,1,1,144.0,128.8,1,38,37,9,9,1,0,0,1,1,0,19,0,0,7,7,6,0,0.32,2.6,7.6,0
1,39,1,9119,1,1,130.0,134.0,1,19,37,9,9,0,0,0,1,1,1,24,0,0,5,8,5,0,-1.7,3.7,12.7,0
1,1,1,9254,1,1,133.1,125.0,1,3,1,2,4,0,0,0,1,1,0,21,0,0,6,10,5,0,-1.7,3.7,12.7,0
1,17,4,9119,1,1,133.0,123.2,1,3,1,9,3,1,0,0,1,1,0,18,0,0,5,5,5,0,3.51,1.4,8.9,0
1,17,3,9119,1,1,131.0,118.4,1,37,37,9,7,0,0,0,1,1,0,18,0,0,5,10,0,0,0.32,2.6,7.6,1
1,51,1,9670,1,1,133.1,116.2,1,3,1,3,10,0,0,0,1,1,0,24,0,0,6,11,5,0,2.02,0.6,11.1,1
1,39,1,9119,1,1,133.1,123.0,1,37,19,9,3,0,0,0,1,1,1,28,0,0,5,16,3,0,-3.12,-0.8,9.4,0
1,17,1,9670,1,1,118.0,113.5,1,19,38,7,9,1,0,0,1,0,1,19,0,0,6,9,5,0,1.79,0.5,12.4,0
1,51,1,9085,1,40,120.0,125.0,1,3,3,4,2,0,0,0,1,0,0,28,0,0,6,8,6,0,2.02,0.6,11.1,0
1,17,3,9853,1,1,133.1,134.8,1,12,1,4,0,1,0,0,1,0,0,18,0,0,6,12,0,0,0.32,2.6,7.6,1
1,1,1,171,1,1,145.0,149.9,1,3,1,4,3,1,0,0,0,0,0,19,0,0,0,0,0,0,-0.92,0.3,16.2,0
1,1,1,9500,1,1,125.0,119.8,1,1,1,4,4,1,0,0,1,0,1,19,0,0,8,8,8,0,-3.12,-0.8,9.4,0
1,43,1,9130,1,1,125.0,125.0,1,39,3,3,2,1,0,0,1,0,0,21,0,0,5,6,0,5,1.74,1.4,10.8,0
1,1,3,9500,1,1,148.0,135.1,1,1,19,4,5,1,0,1,1,0,0,18,0,0,7,0,0,0,0.79,-0.3,13.9,1
1,1,4,9070,1,1,139.0,138.3,1,3,19,1,5,1,0,0,1,0,0,19,0,0,6,6,6,0,-3.12,-0.8,9.4,0
1,17,2,9500,1,1,130.0,122.5,1,38,38,7,7,1,0,0,1,0,0,19,0,0,8,8,7,0,1.74,1.4,10.8,0
1,1,1,9070,1,1,148.0,148.0,1,3,1,2,10,1,0,0,1,0,0,20,0,7,12,12,10,0,-4.06,2.8,15.5,0
1,1,2,9773,1,1,130.0,126.2,1,1,1,9,4,1,0,0,1,0,0,18,0,0,6,6,6,0,-1.7,3.7,12.7,0
1,43,4,9500,1,6,134.0,129.8,1,37,37,9,9,1,0,0,1,0,0,20,0,0,7,7,6,0,0.32,2.6,7.6,0
1,39,1,9085,1,19,133.1,104.0,1,19,37,7,90,0,0,0,1,0,0,26,0,0,5,11,1,1,1.74,1.4,10.8,1
1,18,4,9500,1,1,137.0,126.7,1,3,1,3,4,1,0,0,1,0,0,18,0,0,7,8,7,0,0.79,-0.3,13.9,1
1,39,1,8014,0,1,130.0,120.0,1,37,37,9,9,0,0,0,1,0,0,58,0,0,6,14,5,0,-3.12,-0.8,9.4,0
1,1,2,9500,1,1,137.0,124.6,1,1,3,4,3,0,0,0,1,0,0,18,0,0,7,10,7,0,-4.06,2.8,15.5,0
1,44,1,9085,1,1,130.0,130.0,1,1,1,4,3,1,0,0,1,0,0,20,0,0,6,13,5,0,1.79,0.5,12.4,0
1,17,1,9991,0,1,140.0,127.3,1,38,37,6,7,0,0,0,1,0,0,20,0,0,5,0,0,0,2.02,0.6,11.1,1
1,2,1,9147,1,1,150.0,122.0,1,37,37,9,9,1,0,0,1,0,0,29,0,13,15,19,13,0,-3.12,-0.8,9.4,0
1,7,1,9238,1,3,130.0,125.1,1,1,1,4,10,0,0,1,0,0,0,27,0,0,6,8,0,0,-0.92,0.3,16.2,1
1,1,1,9085,1,1,133.1,110.0,1,19,38,5,7,1,0,0,1,0,1,21,0,0,6,8,6,0,2.02,0.6,11.1,0
1,1,1,9238,1,1,134.0,129.8,1,1,19,4,9,0,0,0,1,0,1,20,0,0,6,6,6,0,-4.06,2.8,15.5,0
1,17,1,9238,1,1,125.0,114.9,1,19,38,3,7,0,0,0,1,0,1,19,0,0,6,13,6,0,2.02,0.6,11.1,0
1,1,1,9500,1,1,141.0,125.6,1,37,38,6,6,1,0,0,1,0,1,22,0,0,7,9,6,0,2.02,0.6,11.1,0
1,18,3,9070,1,1,138.0,125.1,1,38,37,9,7,1,0,0,1,0,1,19,0,0,6,6,6,0,-4.06,2.8,15.5,0
1,17,1,9773,1,1,116.0,115.7,1,37,1,9,8,1,0,1,0,0,0,19,0,0,6,6,3,0,1.79,0.5,12.4,1
1,1,3,9853,1,1,122.0,112.6,1,3,3,2,2,1,0,0,1,0,0,23,0,0,6,8,5,0,0.32,2.6,7.6,0
1,1,3,9773,1,1,131.0,127.2,1,1,1,4,4,1,0,0,1,0,1,18,0,0,6,6,6,0,1.79,0.5,12.4,1
1,44,1,9130,1,39,140.0,140.0,1,1,19,4,8,0,0,0,1,0,0,19,0,0,6,0,0,0,-1.7,3.7,12.7,1
1,44,1,9003,1,39,140.0,140.0,1,1,1,4,3,1,0,0,1,0,0,20,0,0,6,10,5,0,1.79,0.5,12.4,0
1,1,4,9238,1,1,127.0,120.4,1,1,38,9,7,1,0,0,1,0,1,19,0,0,6,6,6,0,2.02,0.6,11.1,0
1,39,1,9085,1,19,133.1,100.0,1,37,37,9,9,1,0,1,0,0,1,26,0,0,6,7,0,0,0.79,-0.3,13.9,1
1,1,1,9238,1,1,117.0,113.5,1,1,19,4,7,1,0,0,1,0,1,18,0,0,6,6,6,0,2.02,0.6,11.1,0
1,1,1,9085,1,1,150.0,132.1,1,37,37,4,9,1,0,1,1,0,0,29,0,4,5,11,4,2,-1.7,3.7,12.7,1
1,44,1,9003,1,39,160.0,160.0,1,3,1,2,6,1,0,0,0,0,0,20,0,0,6,10,6,0,-0.92,0.3,16.2,0
1,1,1,9070,1,1,128.0,126.3,1,19,2,7,3,1,0,0,1,0,0,19,0,0,6,6,6,0,-4.06,2.8,15.5,0
1,44,1,9085,1,39,160.0,160.0,1,1,1,4,4,1,0,0,1,0,0,23,0,1,6,12,4,0,1.79,0.5,12.4,0
1,43,1,9556,1,1,126.0,100.0,1,2,3,3,2,0,0,0,1,0,0,25,0,2,7,10,3,0,1.74,1.4,10.8,0
1,18,1,9500,1,1,135.0,125.8,1,3,3,1,1,1,0,0,1,0,0,18,0,0,8,8,7,0,1.74,1.4,10.8,0
1,1,3,9070,1,1,139.0,142.2,1,1,38,4,7,1,0,0,1,0,1,19,0,0,6,6,6,0,-3.12,-0.8,9.4,0
1,17,2,9853,1,1,125.0,119.4,1,1,19,5,5,1,0,0,1,0,0,18,0,0,7,10,7,0,1.79,0.5,12.4,0
1,1,2,9500,1,1,106.0,106.4,1,1,19,4,4,1,0,0,1,0,1,19,0,0,7,9,5,0,1.79,0.5,12.4,0
1,7,1,8014,0,40,120.0,120.0,1,37,19,9,3,0,0,0,1,0,0,36,0,6,10,15,4,0,3.51,1.4,8.9,1
1,44,1,9003,1,39,150.0,150.0,1,1,38,4,9,0,0,0,1,1,1,20,0,0,6,18,3,0,-4.06,2.8,15.5,0
1,17,2,171,1,1,130.0,148.6,41,1,1,2,3,1,0,0,1,1,0,20,1,0,0,0,0,0,2.02,0.6,11.1,1
1,1,1,9238,1,1,116.0,108.7,1,38,38,9,8,1,0,0,1,1,0,18,0,0,6,9,5,0,2.02,0.6,11.1,1
1,44,1,9003,1,39,130.0,130.0,1,3,1,4,6,0,0,0,1,1,0,19,0,0,6,8,5,0,1.79,0.5,12.4,0
1,17,1,9238,1,1,140.0,124.6,1,1,44,4,2,1,0,1,0,1,0,20,0,3,9,9,3,0,3.51,1.4,8.9,1
1,1,2,9500,1,1,134.0,131.0,1,19,19,4,7,1,0,0,1,1,0,18,0,0,7,9,7,0,-4.06,2.8,15.5,0
1,44,1,9130,1,39,130.0,130.0,1,3,1,3,6,1,0,1,1,1,0,20,0,2,6,9,4,0,1.79,0.5,12.4,1
1,18,1,9119,1,1,122.0,116.1,1,19,1,90,3,1,0,1,0,1,0,24,0,0,5,8,0,0,-3.12,-0.8,9.4,1
1,17,1,9773,1,1,128.0,125.6,1,19,38,5,7,1,0,0,1,1,0,19,0,0,6,6,0,0,3.51,1.4,8.9,1
1,17,1,9119,1,1,130.0,121.3,1,19,19,7,9,1,0,0,1,1,0,18,0,0,5,9,1,0,0.32,2.6,7.6,1
1,1,3,9119,1,1,113.0,107.4,1,4,38,2,7,1,0,0,1,1,0,18,0,0,5,8,5,0,3.51,1.4,8.9,0
1,1,1,9254,1,1,126.0,116.9,1,1,19,4,4,0,0,0,1,1,0,18,0,0,6,8,6,0,3.51,1.4,8.9,0
1,43,2,9670,1,1,135.0,123.5,1,3,19,1,7,1,0,0,1,1,0,22,0,0,6,12,0,0,-0.92,0.3,16.2,1
1,1,1,9670,1,1,141.0,130.5,1,19,38,9,9,0,0,0,1,1,0,19,0,0,6,8,6,0,2.02,0.6,11.1,0
2,39,1,9085,1,12,133.1,140.0,1,1,39,5,3,1,0,1,0,0,0,32,0,0,6,7,0,0,0.79,-0.3,13.9,1
1,17,1,9853,1,1,133.1,117.1,1,34,19,0,3,1,0,0,1,0,1,21,0,0,6,12,0,0,0.32,2.6,7.6,1
1,18,1,9500,1,1,144.0,127.5,1,37,37,6,6,1,0,0,1,0,1,19,0,0,8,8,7,0,-1.7,3.7,12.7,0
4,43,1,8014,0,1,140.0,126.0,1,38,37,9,9,0,0,0,1,0,1,39,0,3,9,9,9,0,-1.7,3.7,12.7,0
1,43,1,8014,0,10,100.0,113.0,1,34,34,0,0,1,0,0,1,0,0,30,0,3,9,11,9,0,0.32,2.6,7.6,0
1,1,1,9147,1,1,135.0,130.1,1,1,19,5,5,1,0,0,1,0,0,18,0,0,5,10,4,1,-3.12,-0.8,9.4,1
2,43,1,9991,0,1,130.0,110.0,1,37,37,9,9,1,0,0,1,0,0,38,0,4,10,14,4,0,0.32,2.6,7.6,1
1,1,3,9070,1,1,147.0,135.8,1,34,37,5,7,1,0,0,1,0,0,20,0,0,6,6,6,0,-3.12,-0.8,9.4,0
1,39,1,8014,0,19,149.0,126.3,1,34,34,0,0,0,0,0,1,0,0,55,0,0,6,6,6,0,0.32,2.6,7.6,0
4,27,1,9070,1,2,130.0,130.0,1,34,34,0,0,0,0,0,1,0,0,53,0,15,18,18,17,0,0.32,2.6,7.6,1
2,39,1,8014,0,1,120.0,104.0,1,34,34,0,0,0,0,0,1,0,0,54,0,0,6,8,4,0,0.32,2.6,7.6,1
1,43,1,9500,1,1,125.0,123.6,1,37,37,9,7,1,0,0,1,0,1,18,0,0,7,8,5,0,0.32,2.6,7.6,0
1,39,1,8014,0,1,133.1,121.0,1,37,37,9,8,0,0,1,0,0,0,44,0,2,8,12,4,2,3.51,1.4,8.9,1
1,43,1,9238,1,1,149.0,130.5,1,37,37,9,6,1,0,0,1,0,0,28,0,8,11,11,9,0,1.74,1.4,10.8,0
1,7,1,8014,0,43,180.0,180.0,1,19,19,9,4,0,0,0,1,0,0,37,0,12,14,14,14,0,3.51,1.4,8.9,0
1,43,1,9238,1,1,110.0,112.5,1,14,14,90,90,1,0,0,1,0,0,20,0,8,10,14,9,0,0.32,2.6,7.6,0
1,1,3,9500,1,1,131.0,126.1,1,19,3,3,2,1,0,0,1,0,0,18,0,0,7,8,7,0,-4.06,2.8,15.5,0
1,1,1,9238,1,1,117.0,111.8,1,19,19,9,9,1,0,0,1,1,0,19,0,0,6,9,4,0,3.51,1.4,8.9,1
1,17,1,9003,1,1,120.0,131.4,1,38,37,5,9,1,0,0,1,1,1,23,0,17,18,19,18,0,-4.06,2.8,15.5,0
1,17,1,9238,1,1,160.0,144.3,1,19,37,6,6,0,0,0,1,1,0,22,0,0,6,0,0,0,0.79,-0.3,13.9,1
1,39,1,9254,1,1,100.0,115.0,1,3,19,3,5,0,0,0,0,1,0,24,0,0,6,0,0,0,2.02,0.6,11.1,1
1,44,1,9003,1,39,140.0,120.0,1,4,4,4,2,1,0,0,1,1,0,22,0,0,6,13,5,0,1.79,0.5,12.4,0
1,39,1,9003,1,1,160.0,168.6,1,1,38,5,6,0,0,0,1,1,0,26,0,0,6,9,0,0,0.79,-0.3,13.9,1
1,17,6,9773,1,1,141.0,127.7,1,37,37,5,5,1,0,0,1,1,0,18,0,0,6,6,6,0,-3.12,-0.8,9.4,0
1,44,1,9130,1,39,130.0,150.0,1,38,19,9,9,0,0,0,1,1,0,24,0,2,6,8,4,0,2.02,0.6,11.1,1
1,1,1,9119,1,1,142.0,129.8,1,1,38,4,3,1,0,0,1,1,0,18,0,0,5,5,0,0,1.74,1.4,10.8,0
1,1,1,171,1,1,130.0,135.6,1,1,38,7,8,1,0,0,1,1,0,26,0,0,0,0,0,0,2.02,0.6,11.1,1
1,39,1,9254,1,19,133.1,100.0,1,37,37,9,4,0,0,0,1,1,0,27,0,0,6,11,3,0,-0.92,0.3,16.2,1
1,44,1,9003,1,39,140.0,140.0,1,37,37,9,6,1,0,0,1,1,1,20,0,0,6,10,5,0,1.79,0.5,12.4,0
1,1,1,9119,1,1,129.0,124.1,1,12,1,4,10,1,0,0,1,1,0,19,0,0,5,10,0,0,0.32,2.6,7.6,1
1,1,1,9085,1,1,148.0,131.6,1,38,38,4,9,0,0,0,1,1,1,18,0,0,6,8,6,0,2.02,0.6,11.1,1
1,1,3,9500,1,1,143.0,129.0,1,1,1,4,4,1,0,0,1,1,0,18,0,0,8,8,7,0,1.74,1.4,10.8,0
1,17,1,9670,1,1,128.0,135.7,1,37,37,9,9,1,0,0,1,1,0,19,0,0,6,7,5,0,1.74,1.4,10.8,0
1,43,1,9070,1,1,100.0,108.0,1,37,37,9,9,1,0,0,1,1,0,34,0,7,12,12,7,0,0.32,2.6,7.6,0
1,1,1,9238,1,1,116.0,110.8,1,38,19,8,10,1,0,0,1,1,0,19,0,0,6,0,0,0,-0.92,0.3,16.2,1
1,1,1,9773,1,1,128.0,124.5,1,1,19,4,4,0,0,0,1,1,1,19,0,0,6,10,4,0,-3.12,-0.8,9.4,0
2,39,1,9003,1,1,120.0,100.0,1,2,2,1,4,0,0,0,1,1,0,30,0,3,12,12,3,0,-4.06,2.8,15.5,1
1,43,1,9773,1,1,121.0,123.8,1,1,3,9,3,0,0,0,0,1,0,22,0,0,4,4,0,4,1.74,1.4,10.8,1
1,17,1,9147,1,1,137.0,131.4,1,3,38,1,9,0,0,0,0,1,0,19,0,0,5,13,4,0,-4.06,2.8,15.5,1
1,1,1,9147,1,1,115.0,118.5,1,38,1,9,8,0,0,0,1,1,0,21,0,0,5,9,1,0,0.32,2.6,7.6,1
1,1,2,171,1,1,129.0,122.0,1,37,37,9,9,1,0,0,0,1,0,22,0,0,0,0,0,0,0.32,2.6,7.6,1
1,1,1,9254,1,1,125.0,122.9,1,37,37,9,9,0,0,0,1,1,1,19,0,0,6,7,6,0,1.74,1.4,10.8,0
1,1,1,9238,1,1,125.0,118.7,1,19,38,7,7,0,0,0,1,1,0,20,0,0,6,12,4,0,-4.06,2.8,15.5,0
1,39,1,9003,1,19,133.1,100.0,1,3,1,2,8,1,0,0,1,1,0,35,0,0,6,13,3,0,0.79,-0.3,13.9,1
1,16,2,9147,1,1,131.0,135.9,1,37,37,9,9,1,0,0,1,1,0,20,0,0,5,8,1,0,0.32,2.6,7.6,1
1,1,1,9130,1,1,133.1,138.4,1,6,11,4,5,0,0,0,1,1,0,21,0,0,5,8,3,0,0.32,2.6,7.6,0
1,39,1,9085,1,12,133.1,128.2,1,34,34,99,99,0,0,1,0,1,0,27,0,0,5,5,0,0,0.32,2.6,7.6,1
1,43,1,9773,1,1,114.0,107.4,1,37,38,9,5,1,0,0,0,1,0,26,0,0,6,12,3,0,-3.12,-0.8,9.4,1
1,17,1,9773,1,1,127.0,129.8,1,1,33,3,3,0,0,0,0,1,0,20,0,0,6,10,0,0,1.74,1.4,10.8,1
1,39,1,9003,1,1,130.0,100.0,1,37,37,6,6,0,0,1,0,1,0,28,0,4,10,19,8,0,-4.06,2.8,15.5,1
1,1,3,9773,1,1,121.0,113.0,1,19,38,9,7,1,0,0,1,1,0,19,0,0,6,6,6,0,2.02,0.6,11.1,0
1,43,1,9991,0,1,120.0,107.0,1,37,19,9,9,0,0,0,0,1,0,47,0,0,5,5,0,0,-1.7,3.7,12.7,1
4,39,1,9773,1,12,120.0,130.0,1,37,37,4,9,0,0,0,0,1,0,55,0,0,6,8,5,0,1.74,1.4,10.8,1
1,43,1,9003,1,1,120.0,120.0,1,37,37,5,9,1,0,0,1,1,0,39,0,0,6,8,0,0,-0.92,0.3,16.2,1
2,1,1,9003,1,1,120.0,120.5,1,37,37,9,9,1,0,1,1,1,0,35,0,14,17,17,14,1,-4.06,2.8,15.5,1
1,39,1,9238,1,1,133.1,120.5,1,37,29,0,4,0,0,0,0,1,0,32,0,0,6,10,2,0,0.32,2.6,7.6,1
1,1,4,9773,1,1,124.0,137.0,1,3,12,2,9,1,0,0,1,1,0,20,0,0,6,6,6,0,3.51,1.4,8.9,0
1,39,1,9254,1,1,150.0,115.0,1,37,37,9,9,0,0,0,1,1,0,36,0,0,6,8,6,0,-1.7,3.7,12.7,0
1,39,1,9991,0,19,133.1,142.7,1,38,19,9,10,0,0,1,1,1,1,34,0,0,5,11,5,0,-0.92,0.3,16.2,0
1,1,1,9670,1,1,116.0,116.7,1,38,19,0,2,1,0,0,1,1,0,21,0,0,5,8,0,0,-3.12,-0.8,9.4,1
1,43,1,9991,0,1,133.1,136.1,1,37,19,3,10,0,0,0,1,1,1,42,0,0,5,14,1,0,0.79,-0.3,13.9,1
1,39,1,9003,1,19,133.1,134.3,1,37,19,9,7,0,0,0,1,1,0,25,0,0,6,15,1,0,1.79,0.5,12.4,1
1,18,1,9773,1,1,167.0,153.0,1,38,38,6,7,1,0,0,1,1,1,18,0,0,6,6,1,0,3.51,1.4,8.9,1
1,1,1,9773,1,1,140.0,132.0,1,19,38,9,9,0,0,0,1,1,1,18,0,0,6,6,5,0,-1.7,3.7,12.7,0
1,1,2,9238,1,1,124.0,129.6,1,38,19,9,7,1,0,0,1,1,0,19,0,0,6,10,6,0,0.32,2.6,7.6,0
1,43,1,9085,1,1,110.0,105.0,1,3,19,4,6,0,0,1,0,1,0,34,0,2,6,13,3,0,0.79,-0.3,13.9,1
1,17,2,9773,1,1,150.0,130.8,1,1,1,4,5,0,0,0,1,1,0,20,0,0,6,15,2,0,1.74,1.4,10.8,1
1,1,1,9500,1,1,123.0,119.7,1,37,37,7,7,0,0,0,1,1,0,20,0,0,7,8,0,1,0.79,-0.3,13.9,1
1,17,1,9500,1,1,152.0,132.5,1,19,19,4,9,0,0,0,1,1,0,21,0,0,8,8,7,0,1.74,1.4,10.8,0
1,44,1,9003,1,39,130.0,130.0,1,1,19,3,10,1,0,0,1,1,0,19,0,0,6,9,6,0,1.79,0.5,12.4,0
1,39,1,9085,1,1,133.1,120.0,1,1,1,4,4,0,0,1,0,1,0,31,0,0,5,13,4,1,-3.12,-0.8,9.4,1
1,17,1,9670,1,1,133.1,150.0,1,1,37,4,5,0,0,0,1,1,0,21,0,0,6,8,6,0,2.02,0.6,11.1,0
1,1,1,9147,1,1,124.0,115.6,1,38,38,9,9,0,0,0,1,1,1,20,0,0,5,8,5,0,0.79,-0.3,13.9,0
1,43,2,9500,1,6,119.1,119.1,1,1,19,4,10,0,0,0,1,1,0,22,0,0,7,7,6,0,0.32,2.6,7.6,0
1,1,2,9070,1,1,128.0,123.5,1,19,19,3,3,1,1,0,0,1,0,19,0,0,6,9,4,0,-3.12,-0.8,9.4,1
1,39,1,9130,1,1,133.1,120.0,1,1,1,90,1,1,0,1,0,1,0,41,0,0,5,5,0,1,-1.7,3.7,12.7,1
1,43,1,9500,1,19,133.1,110.0,1,34,34,0,0,1,0,0,1,1,0,27,0,0,7,7,0,6,0.32,2.6,7.6,1
1,17,1,9500,1,1,145.0,131.4,1,1,1,4,10,0,0,0,1,0,0,19,0,0,7,7,7,0,0.79,-0.3,13.9,1
1,18,2,9500,1,1,141.0,126.8,24,1,1,4,3,1,0,0,1,0,1,20,1,0,8,8,8,0,-3.12,-0.8,9.4,0
1,43,4,9500,1,6,118.9,118.9,1,38,37,5,9,1,0,0,1,0,1,19,0,0,7,7,6,0,0.32,2.6,7.6,0
2,39,1,9991,0,1,160.0,160.0,1,37,37,9,9,0,0,0,1,0,0,35,0,0,5,5,5,0,-4.06,2.8,15.5,0
1,17,5,9773,1,1,111.0,115.9,1,19,12,7,3,1,0,0,1,0,0,22,0,0,6,7,6,0,0.79,-0.3,13.9,0
1,1,2,9254,1,1,111.0,109.3,1,1,19,5,7,1,0,0,1,0,1,20,0,0,6,6,6,0,2.02,0.6,11.1,0
1,1,1,9670,1,1,123.0,113.9,1,37,38,9,9,1,0,1,0,0,0,18,0,0,6,7,4,0,1.74,1.4,10.8,1
1,1,1,9238,1,1,133.0,121.8,1,37,37,9,9,1,0,0,1,0,1,18,0,0,6,7,5,0,1.79,0.5,12.4,0
1,7,1,9500,1,3,140.0,140.0,1,1,37,9,5,0,0,0,1,0,0,30,0,0,8,8,7,0,1.74,1.4,10.8,0
1,18,1,9238,1,1,122.0,114.7,1,38,38,9,7,0,0,1,1,0,1,18,0,0,6,9,6,0,2.02,0.6,11.1,0
1,1,1,9254,1,1,128.0,120.0,1,19,19,7,8,1,0,0,1,0,1,20,0,0,6,6,6,0,1.79,0.5,12.4,0
1,1,1,9238,1,1,108.0,107.3,1,19,38,9,9,0,1,0,1,0,1,19,0,0,6,12,4,0,1.79,0.5,12.4,0
1,17,1,9085,1,1,139.0,136.2,1,38,38,5,3,0,0,0,1,0,0,19,0,0,5,7,5,1,0.32,2.6,7.6,0
1,1,2,9556,1,1,130.0,119.5,1,1,38,3,8,1,0,0,1,0,1,21,0,0,7,7,7,0,-4.06,2.8,15.5,0
1,18,1,9853,1,1,133.1,106.0,1,1,19,141,182,1,0,1,1,0,0,21,0,0,7,7,7,0,3.51,1.4,8.9,0
1,1,4,9670,1,1,130.0,124.1,1,1,1,9,9,1,0,0,1,0,0,18,0,0,6,6,6,0,3.51,1.4,8.9,0
1,1,3,9147,1,1,143.0,133.2,1,1,1,5,7,1,0,0,1,0,1,18,0,0,5,11,4,0,-1.7,3.7,12.7,0
4,39,1,9085,1,1,110.0,110.0,1,37,37,90,90,0,0,0,0,0,0,35,0,0,5,14,1,2,-3.12,-0.8,9.4,1
1,1,6,9500,1,1,120.0,114.8,41,1,1,9,6,1,0,0,1,0,0,21,1,0,7,11,4,0,2.02,0.6,11.1,0
1,1,1,9500,1,1,140.0,130.0,1,38,37,9,7,1,0,0,1,1,1,18,0,0,7,7,6,0,0.32,2.6,7.6,0
1,17,5,9070,1,1,125.0,122.6,1,19,1,5,5,1,0,0,1,1,0,22,0,0,6,6,1,0,-3.12,-0.8,9.4,0
1,17,1,9500,1,1,134.0,133.5,1,38,1,9,6,1,0,0,1,1,1,20,0,0,7,8,7,0,-4.06,2.8,15.5,0
2,39,1,9254,1,1,130.0,120.0,1,37,37,4,7,1,0,0,1,0,0,34,0,0,6,7,5,0,-3.12,-0.8,9.4,0
2,7,1,9147,1,3,120.0,120.0,1,37,37,9,9,0,0,0,1,0,0,33,0,3,8,9,5,2,1.74,1.4,10.8,0
1,1,3,9500,1,1,142.0,137.3,1,37,38,9,9,1,0,0,1,0,1,22,0,0,7,7,6,0,0.32,2.6,7.6,0
1,17,3,9254,1,1,127.0,123.5,1,37,37,9,6,1,0,0,1,0,1,20,0,0,6,11,4,0,0.32,2.6,7.6,0
2,39,1,9147,1,1,140.0,131.8,1,37,37,6,10,0,0,0,1,0,0,35,0,0,5,6,4,0,1.74,1.4,10.8,0
2,39,1,9147,1,1,140.0,130.0,1,38,37,4,7,1,0,0,0,0,0,39,0,0,5,12,3,2,-3.12,-0.8,9.4,1
1,18,6,9500,1,1,142.0,128.0,1,38,37,9,5,1,0,0,0,0,0,19,0,0,7,14,0,0,2.02,0.6,11.1,1
4,39,1,9254,1,1,120.0,95.0,1,37,37,9,8,0,0,0,1,0,1,36,0,0,6,10,6,0,1.74,1.4,10.8,0
1,1,2,9500,1,1,124.0,116.0,1,37,37,9,9,1,0,0,1,0,1,21,0,0,8,8,7,0,-1.7,3.7,12.7,0
1,1,1,9238,1,1,157.0,136.7,1,3,38,1,5,1,0,0,1,0,0,22,0,0,6,11,4,1,-3.12,-0.8,9.4,0
2,39,1,9238,1,1,126.6,107.5,1,38,38,9,7,0,0,1,1,0,1,42,0,0,6,8,6,0,2.02,0.6,11.1,0
1,39,1,9119,1,1,110.0,108.4,1,37,37,90,90,1,0,0,1,0,0,34,0,0,5,5,0,0,1.74,1.4,10.8,1
1,17,1,9773,1,1,144.0,130.7,1,19,19,4,4,1,0,0,1,0,0,20,0,0,6,9,6,0,0.32,2.6,7.6,0
2,44,1,8014,0,39,160.0,155.9,1,37,19,9,10,0,0,0,1,0,0,33,0,3,6,7,6,0,0.79,-0.3,13.9,0
1,1,4,9254,1,1,105.0,106.1,1,1,19,9,6,1,0,0,1,0,0,20,0,0,6,8,5,0,0.79,-0.3,13.9,0
1,1,2,9670,1,1,130.0,128.6,1,26,30,0,5,1,0,1,1,0,0,19,0,0,5,8,4,0,0.32,2.6,7.6,0
2,43,1,9991,0,3,140.0,140.0,1,37,19,9,4,0,0,1,1,0,0,34,0,4,10,25,5,0,-0.92,0.3,16.2,1
1,1,1,9147,1,1,138.0,145.0,1,37,37,9,6,1,0,0,1,0,0,18,0,0,5,6,5,0,0.32,2.6,7.6,0
1,17,1,8014,0,1,120.0,113.0,1,38,37,6,6,0,0,0,1,0,1,24,0,0,6,11,4,0,1.74,1.4,10.8,0
1,1,1,9853,1,1,135.0,137.1,1,19,12,9,7,1,0,0,1,0,0,18,0,0,6,6,6,0,0.32,2.6,7.6,0
1,1,1,9670,1,1,119.0,119.7,1,37,37,10,6,1,0,0,1,0,0,20,0,0,5,6,3,0,0.32,2.6,7.6,0
1,17,1,9500,1,1,121.0,120.5,1,1,1,4,3,1,0,0,1,0,0,21,0,0,8,8,7,0,1.74,1.4,10.8,0
1,1,5,9238,1,1,126.0,125.7,1,38,1,9,5,1,0,0,1,0,1,19,0,0,6,8,6,0,-3.12,-0.8,9.4,0
1,17,4,9500,1,1,132.0,125.5,1,38,19,5,7,0,0,0,1,0,1,19,0,0,7,8,6,0,-4.06,2.8,15.5,0
1,1,1,9238,1,1,128.0,124.5,1,19,19,5,5,1,0,0,1,0,1,18,0,0,6,10,4,0,1.79,0.5,12.4,0
4,39,1,8014,0,1,160.0,126.0,1,37,37,5,5,0,0,0,1,0,1,38,0,4,9,13,8,0,0.79,-0.3,13.9,0
1,1,1,171,1,1,125.0,136.2,1,19,19,5,4,1,0,1,1,1,0,21,0,6,12,12,11,0,3.51,1.4,8.9,0
1,43,1,9147,1,1,127.0,124.2,25,1,5,9,10,1,0,0,1,1,0,23,1,0,5,6,1,0,-4.06,2.8,15.5,0
1,17,5,9500,1,1,147.0,138.5,1,19,1,4,3,1,0,0,1,0,0,19,0,0,8,8,8,0,-3.12,-0.8,9.4,0
1,1,2,9773,1,1,130.0,122.3,1,38,37,5,3,1,0,1,0,0,0,18,0,0,6,8,6,0,0.79,-0.3,13.9,1
1,1,6,171,1,1,134.0,126.0,1,19,37,5,5,1,0,0,1,0,1,18,0,0,0,0,0,0,-3.12,-0.8,9.4,0
1,39,1,9003,1,1,140.0,135.4,1,19,19,9,6,1,0,0,1,0,0,24,0,0,6,10,5,0,1.79,0.5,12.4,0
1,1,1,9773,1,1,151.0,146.5,2,1,1,5,9,0,0,0,1,0,1,18,1,0,6,6,6,0,-1.7,3.7,12.7,0
1,1,1,9130,1,1,132.0,121.9,1,3,1,4,9,1,0,0,1,0,0,18,0,0,6,8,6,0,0.79,-0.3,13.9,0
1,7,1,9991,0,40,130.0,130.0,1,19,19,7,3,0,0,0,1,0,0,26,0,5,10,13,8,0,2.02,0.6,11.1,0
1,1,1,9147,1,1,126.0,115.2,1,19,19,9,9,0,0,1,1,0,0,19,0,0,5,13,1,0,1.79,0.5,12.4,0
1,18,3,9670,1,1,119.0,115.2,1,38,38,9,9,1,0,0,1,0,1,19,0,0,6,10,0,0,-1.7,3.7,12.7,1
1,1,1,9254,1,1,123.0,125.1,1,38,37,5,5,0,0,0,1,0,0,19,0,0,6,12,4,0,-0.92,0.3,16.2,0
1,1,1,9130,1,1,106.0,108.0,1,37,37,9,9,1,0,1,1,0,0,20,0,0,5,10,2,2,-3.12,-0.8,9.4,1
1,1,3,9254,1,1,121.0,125.9,1,19,19,9,9,1,0,0,1,0,0,22,0,0,6,10,4,0,-3.12,-0.8,9.4,0
1,1,2,9500,1,1,138.0,128.0,1,19,1,5,5,1,0,0,1,0,0,19,0,0,7,7,7,0,2.02,0.6,11.1,0
1,1,5,9500,1,1,118.0,113.5,1,3,1,5,10,1,0,0,1,0,0,20,0,0,7,7,7,0,1.79,0.5,12.4,0
2,39,1,9147,1,1,120.0,124.6,1,37,37,5,5,0,0,0,1,0,0,36,0,0,5,8,3,0,1.74,1.4,10.8,0
1,39,1,9853,1,19,133.1,116.0,1,19,4,9,4,1,0,0,1,0,0,29,0,0,7,14,0,0,2.02,0.6,11.1,1
1,17,3,9238,1,1,141.0,124.9,1,3,3,2,2,1,0,0,1,0,0,19,0,0,6,10,6,0,-1.7,3.7,12.7,0
5,39,1,9147,1,1,180.0,140.5,1,1,1,4,8,0,0,1,0,0,0,24,0,0,5,0,0,0,0.79,-0.3,13.9,1
5,39,1,9003,1,1,180.0,179.6,1,1,1,4,8,0,0,1,0,0,0,27,0,0,6,6,0,0,3.51,1.4,8.9,1
1,17,1,9773,1,1,115.0,116.1,1,37,37,9,8,1,0,0,1,0,1,18,0,0,6,7,6,0,0.79,-0.3,13.9,0
1,17,2,171,1,1,142.0,139.4,1,3,1,2,6,1,0,0,1,0,1,18,0,0,0,0,0,0,-4.06,2.8,15.5,0
1,17,4,9556,1,1,135.0,129.0,1,38,37,3,7,1,0,0,1,0,0,21,0,0,7,0,0,0,-1.7,3.7,12.7,1
2,39,1,9670,1,1,150.0,135.6,1,37,19,9,4,0,0,0,1,0,1,43,0,0,6,8,5,0,1.79,0.5,12.4,0
1,43,1,9147,1,1,153.0,147.8,1,1,19,9,10,0,0,0,1,0,1,18,0,0,5,9,5,0,-0.92,0.3,16.2,0
1,18,1,9085,1,1,153.0,138.0,1,37,37,9,9,1,0,0,1,0,1,21,0,0,6,7,6,0,3.51,1.4,8.9,1
1,7,1,9147,1,3,150.0,150.0,1,6,27,1,7,0,0,0,1,0,0,26,0,0,5,5,0,0,-3.12,-0.8,9.4,1
1,1,6,9500,1,1,144.0,130.8,1,1,19,9,4,1,0,0,1,0,1,19,0,0,8,8,7,0,-1.7,3.7,12.7,0
1,1,1,9085,1,1,130.0,122.6,1,37,11,90,90,0,0,0,1,0,0,18,0,0,5,5,5,0,0.32,2.6,7.6,0
1,1,1,9773,1,1,125.0,119.1,1,3,2,2,1,1,0,0,1,0,0,22,0,0,6,13,2,0,-3.12,-0.8,9.4,1
1,39,1,9500,1,19,133.1,111.8,1,1,19,4,10,1,0,0,1,0,0,27,0,0,7,0,0,0,2.02,0.6,11.1,1
1,1,3,9147,1,1,133.0,125.0,1,38,19,9,10,1,0,0,1,0,0,18,0,0,5,6,5,1,-3.12,-0.8,9.4,0
1,17,1,9085,1,1,140.0,129.9,1,37,38,7,9,0,0,0,1,0,0,19,0,0,5,11,4,2,-3.12,-0.8,9.4,0
1,17,4,9500,1,1,133.0,131.1,1,19,19,3,10,1,0,0,1,0,0,18,0,0,7,7,7,0,0.79,-0.3,13.9,0
1,1,1,9085,1,1,154.0,141.4,1,38,37,4,4,0,0,0,1,0,1,19,0,0,6,8,6,0,2.02,0.6,11.1,0
1,39,1,9085,1,1,133.1,120.0,1,37,37,9,9,0,0,0,0,0,0,32,0,0,6,0,0,0,2.02,0.6,11.1,1
1,42,1,9500,1,1,168.0,133.4,1,37,1,9,4,1,0,0,1,0,0,23,0,20,26,27,26,0,-4.06,2.8,15.5,0
1,17,3,9500,1,1,132.0,127.3,1,37,37,4,3,1,0,0,1,0,0,20,0,0,7,7,6,0,0.32,2.6,7.6,0
1,1,1,171,1,1,133.1,131.8,1,19,38,5,5,1,0,1,1,0,0,20,0,6,12,12,12,0,3.51,1.4,8.9,0
1,17,1,9238,1,1,120.0,114.8,1,19,19,4,5,1,0,1,0,0,0,19,0,0,6,10,5,0,-0.92,0.3,16.2,1
1,1,3,9500,1,1,150.0,132.8,1,19,19,5,5,1,0,0,1,0,1,18,0,0,8,8,8,0,-3.12,-0.8,9.4,0
1,44,1,9003,1,39,140.0,140.0,1,19,19,9,4,0,0,0,1,0,0,21,0,0,6,12,3,2,-4.06,2.8,15.5,1
1,1,1,9500,1,1,103.0,108.3,1,1,19,9,9,0,0,0,1,0,1,20,0,0,7,14,0,0,2.02,0.6,11.1,0
1,44,1,9085,1,39,150.0,150.0,1,3,19,2,4,1,0,0,1,0,0,22,0,1,6,9,6,0,1.79,0.5,12.4,0
1,44,1,9991,0,39,160.0,160.0,1,37,37,9,9,0,0,0,1,0,0,26,0,0,5,5,5,0,-1.7,3.7,12.7,0
1,1,1,9070,1,1,131.0,131.7,1,37,37,3,3,1,0,0,1,0,0,20,0,0,6,6,6,0,-1.7,3.7,12.7,0
1,1,1,9500,1,1,114.0,112.6,1,19,38,5,3,1,0,0,1,0,0,19,0,0,7,10,6,0,-0.92,0.3,16.2,0
1,39,1,9991,0,1,120.0,111.1,1,37,37,9,9,0,0,0,1,0,0,31,0,0,5,8,4,0,0.32,2.6,7.6,0
1,43,3,9500,1,1,140.0,127.5,1,1,19,9,7,1,0,1,1,0,1,20,0,0,7,9,7,0,-4.06,2.8,15.5,0
1,43,1,9085,1,1,130.0,120.2,1,19,38,7,7,1,0,0,1,0,0,20,0,0,5,9,4,0,1.74,1.4,10.8,0
1,17,4,9500,1,1,121.0,118.9,1,37,37,5,5,1,0,0,1,0,0,21,0,0,7,7,7,0,-0.92,0.3,16.2,0
1,1,4,9500,1,1,130.0,119.9,1,19,19,9,7,1,0,0,1,0,0,18,0,0,7,7,7,0,1.79,0.5,12.4,0
1,17,2,9500,1,1,141.0,127.3,1,37,1,9,4,1,0,0,1,0,1,19,0,0,7,7,6,0,0.32,2.6,7.6,0
1,1,1,9853,1,1,131.0,127.9,1,19,19,3,7,1,0,0,1,0,1,18,0,0,7,7,7,0,0.79,-0.3,13.9,0
4,39,1,9773,1,38,133.1,133.0,1,19,19,7,9,0,0,0,1,0,0,40,0,0,6,8,5,0,-0.92,0.3,16.2,0
1,17,6,9238,1,1,117.0,114.6,1,1,38,4,7,0,0,0,1,0,1,18,0,0,6,7,6,0,0.79,-0.3,13.9,0
1,1,2,9085,1,1,151.0,144.5,1,40,4,2,2,1,0,0,1,0,0,18,0,0,6,7,6,0,3.51,1.4,8.9,0
1,17,1,9500,1,1,131.0,125.4,1,1,19,4,3,1,0,0,1,0,0,19,0,0,7,13,5,0,-4.06,2.8,15.5,0
1,17,1,9238,1,1,145.0,145.0,1,38,38,9,7,0,0,0,1,0,1,19,0,0,6,7,6,0,1.79,0.5,12.4,0
1,39,1,9003,1,1,135.0,138.1,1,38,38,9,6,0,0,1,0,0,0,28,0,0,6,6,0,0,3.51,1.4,8.9,1
1,17,1,9070,1,1,119.0,124.6,1,37,38,9,8,1,0,0,1,0,0,20,0,0,6,6,6,0,0.32,2.6,7.6,0
1,1,2,9773,1,1,122.0,130.8,1,37,37,9,9,1,0,0,1,0,0,18,0,0,6,14,4,0,-3.12,-0.8,9.4,0
1,1,2,9500,1,1,155.0,140.5,1,1,1,4,3,1,0,0,1,0,0,18,0,0,7,7,6,0,0.32,2.6,7.6,0
1,1,1,9085,1,1,123.0,124.1,1,19,37,9,9,1,0,0,1,0,1,20,0,0,5,13,5,2,-3.12,-0.8,9.4,0
1,43,1,9238,1,1,130.0,118.4,1,38,19,9,4,0,0,1,1,0,0,28,0,15,16,16,13,0,-0.92,0.3,16.2,0
1,15,1,9853,1,1,133.1,128.2,41,43,1,153,135,0,0,0,1,0,0,23,1,11,16,17,16,0,3.51,1.4,8.9,0
1,1,1,9853,1,1,114.0,109.5,1,19,37,5,5,1,0,0,1,0,0,19,0,0,7,10,4,0,-0.92,0.3,16.2,1
1,17,1,9238,1,1,137.0,131.1,1,38,19,152,171,1,0,0,1,0,1,18,0,0,6,8,6,0,3.51,1.4,8.9,0
1,1,3,9773,1,1,161.0,137.9,22,37,37,9,9,0,0,1,0,0,1,20,1,0,6,6,6,0,1.74,1.4,10.8,0
1,1,1,171,1,1,133.1,128.2,1,3,1,2,4,1,0,0,1,0,0,20,0,5,12,13,12,0,2.02,0.6,11.1,0
2,39,1,9991,0,1,133.1,126.5,1,37,37,9,9,0,0,0,1,0,0,27,0,0,5,5,2,0,0.32,2.6,7.6,1
1,1,1,9853,1,1,128.0,120.0,1,1,1,9,9,1,0,0,1,0,0,18,0,0,6,11,3,0,-1.7,3.7,12.7,1
4,39,2,9556,1,19,133.1,123.0,1,19,19,4,6,0,0,0,1,0,1,37,0,0,7,10,7,0,1.74,1.4,10.8,0
4,7,1,9500,1,40,130.0,130.0,1,19,19,4,6,0,0,0,0,0,0,42,0,2,7,10,5,0,1.79,0.5,12.4,1
1,17,6,9500,1,1,147.0,141.1,1,1,38,4,8,1,0,0,1,0,0,20,0,0,7,9,6,0,0.79,-0.3,13.9,1
2,39,1,9119,1,1,140.0,140.0,1,34,34,9,9,0,0,0,0,1,0,34,0,0,5,5,0,0,-4.06,2.8,15.5,1
1,42,1,9119,1,1,140.0,133.6,1,3,3,3,2,1,0,0,1,1,0,22,0,0,5,0,0,0,1.74,1.4,10.8,1
2,39,2,9254,1,19,133.1,123.5,1,19,19,9,5,0,0,0,1,1,0,39,0,0,6,6,6,0,1.79,0.5,12.4,0
1,1,1,9500,1,1,141.0,136.3,1,37,37,9,9,1,0,0,1,1,1,18,0,0,7,7,6,0,0.32,2.6,7.6,0
1,1,2,9070,1,1,128.0,123.5,1,37,37,9,9,1,0,0,1,1,1,21,0,0,6,6,6,0,3.51,1.4,8.9,0
2,39,1,9085,1,1,150.0,112.0,1,37,37,90,10,0,0,0,1,1,0,34,0,0,6,0,0,0,1.74,1.4,10.8,1
1,44,1,9003,1,39,160.0,160.0,1,37,37,9,9,0,0,0,1,1,1,22,0,0,6,8,6,0,-0.92,0.3,16.2,0
1,39,1,9003,1,1,133.1,110.0,1,1,37,4,7,0,0,0,1,1,0,31,0,0,6,15,3,0,-0.92,0.3,16.2,1
1,18,3,9853,1,1,128.0,116.8,1,38,37,5,9,1,0,0,0,1,0,19,0,0,6,10,4,0,1.74,1.4,10.8,1
1,17,5,9254,1,1,114.0,109.5,1,38,1,5,9,0,0,0,1,1,0,19,0,0,5,5,0,0,1.74,1.4,10.8,1
1,39,1,9556,1,19,133.1,100.0,1,37,37,9,10,0,0,0,1,1,0,31,0,0,7,7,0,0,-4.06,2.8,15.5,1
1,5,1,9147,1,1,126.0,117.3,1,19,38,5,6,1,0,0,1,0,0,19,0,0,5,15,3,0,0.79,-0.3,13.9,0
2,39,2,9670,1,1,133.1,130.0,41,37,19,9,9,0,0,0,1,0,0,30,1,0,6,0,0,0,-3.12,-0.8,9.4,1
1,51,1,9500,1,1,129.0,137.8,1,37,38,3,3,1,0,0,1,0,1,20,0,2,7,7,7,0,2.02,0.6,11.1,0
1,17,1,9500,1,1,140.0,136.5,1,19,38,7,7,1,0,0,1,0,1,18,0,0,7,7,7,0,1.79,0.5,12.4,0
4,39,1,9991,0,1,133.1,138.7,1,37,37,5,5,0,0,0,1,0,0,31,0,0,5,7,3,0,1.74,1.4,10.8,1
1,17,1,9254,1,1,134.0,124.9,1,19,1,9,4,1,0,0,1,0,0,19,0,0,6,11,3,0,0.32,2.6,7.6,1
4,39,1,8014,0,1,133.1,140.0,1,37,37,9,7,0,0,0,1,0,1,43,0,0,6,6,0,0,3.51,1.4,8.9,1
1,17,2,9254,1,1,132.0,122.6,1,38,38,9,8,1,0,0,1,0,1,20,0,0,6,6,6,0,0.79,-0.3,13.9,0
1,1,2,9500,1,1,131.0,129.5,1,1,1,5,9,1,0,0,1,0,1,19,0,0,8,8,8,0,-3.12,-0.8,9.4,0
1,1,1,9670,1,1,133.1,155.0,1,3,1,1,7,0,0,0,1,0,0,22,0,0,5,6,3,0,-3.12,-0.8,9.4,1
1,1,1,8014,0,1,133.1,100.0,1,3,1,1,7,0,0,0,1,0,0,26,0,2,8,11,7,0,-0.92,0.3,16.2,0
1,18,1,9147,1,1,160.0,137.6,1,19,19,5,8,1,0,0,1,0,1,19,0,0,5,6,5,0,1.74,1.4,10.8,0
1,7,1,9500,1,3,120.0,120.0,1,19,3,4,2,1,0,0,1,0,0,29,0,0,8,8,6,1,-1.7,3.7,12.7,1
1,15,1,9556,1,1,114.0,114.0,26,3,19,122,144,0,0,0,1,0,0,20,1,0,7,14,0,6,3.51,1.4,8.9,0
4,1,1,9991,0,1,140.0,139.0,1,37,37,9,7,0,0,0,1,0,1,38,0,0,5,8,5,0,-3.12,-0.8,9.4,0
1,39,1,9003,1,1,100.0,110.0,1,37,37,9,5,0,0,0,1,0,0,41,0,8,12,17,12,0,-4.06,2.8,15.5,0
1,1,6,9500,1,1,139.0,128.5,1,19,38,4,9,1,0,0,1,0,0,19,0,0,8,10,6,0,-1.7,3.7,12.7,1
1,1,1,9070,1,1,136.0,132.2,1,1,38,4,5,0,0,1,1,0,0,19,0,0,6,6,6,0,1.74,1.4,10.8,0
4,7,1,9500,1,3,130.0,130.0,1,3,19,2,3,0,0,0,1,0,0,43,0,0,7,7,3,1,-0.92,0.3,16.2,1
1,17,1,9130,1,1,145.0,129.3,1,38,37,9,7,1,0,0,1,0,0,19,0,0,5,5,5,0,1.74,1.4,10.8,0
1,1,1,171,1,1,133.1,128.2,1,19,38,9,8,1,0,0,1,1,1,19,0,6,12,12,12,0,3.51,1.4,8.9,0
1,1,6,9500,1,1,146.0,130.3,1,2,19,3,9,1,0,0,1,1,0,18,0,0,8,8,8,0,-3.12,-0.8,9.4,0
1,1,1,171,1,1,159.0,162.5,1,3,3,2,2,1,0,0,1,1,0,19,0,0,0,0,0,0,-0.92,0.3,16.2,1
2,39,1,8014,0,19,133.1,130.0,1,34,34,0,0,0,0,0,1,1,0,38,0,0,6,0,0,0,-3.12,-0.8,9.4,1
2,7,1,9130,1,2,110.0,110.0,1,19,19,4,8,1,0,0,1,1,0,37,0,0,6,9,0,0,-0.92,0.3,16.2,1
1,39,1,9670,1,1,120.0,142.3,1,1,19,4,10,1,0,0,1,0,1,26,0,0,6,6,6,0,1.74,1.4,10.8,0
1,17,1,9238,1,1,130.0,122.0,1,37,37,9,9,1,0,0,1,0,1,21,0,0,6,8,1,0,-1.7,3.7,12.7,0
1,1,3,9085,1,1,158.0,153.6,1,1,19,9,9,1,0,0,1,0,1,18,0,0,6,7,6,0,3.51,1.4,8.9,0
1,1,1,9853,1,1,122.0,112.9,1,3,19,2,3,0,0,0,1,0,0,18,0,0,7,9,7,0,-0.92,0.3,16.2,0
1,1,1,9085,1,1,140.0,124.1,1,3,1,2,4,0,0,0,1,0,0,18,0,0,5,12,5,2,-3.12,-0.8,9.4,0
1,17,1,9238,1,1,136.0,129.7,1,38,1,9,4,0,0,0,1,0,0,19,0,0,6,6,6,0,-4.06,2.8,15.5,0
1,1,1,9773,1,1,111.0,110.0,1,19,19,9,9,1,0,0,1,0,0,18,0,0,6,6,5,0,2.02,0.6,11.1,0
1,17,2,9500,1,1,145.0,136.3,1,2,38,3,8,1,0,0,1,0,0,18,0,0,8,12,7,0,-1.7,3.7,12.7,0
1,17,1,9238,1,1,133.1,146.0,1,38,38,191,193,0,0,1,1,0,1,19,0,0,6,6,6,0,3.51,1.4,8.9,0
1,1,1,9500,1,1,140.0,129.9,1,19,38,7,8,0,0,0,1,0,0,19,0,0,7,0,0,0,-0.92,0.3,16.2,1
1,1,1,9254,1,1,140.0,140.9,1,19,1,9,8,1,0,0,1,0,1,18,0,0,6,7,6,0,-1.7,3.7,12.7,0
2,1,1,9500,1,1,156.0,135.5,1,1,1,9,10,0,0,0,1,0,0,18,0,0,8,8,7,0,-1.7,3.7,12.7,0
1,1,1,9500,1,1,132.0,122.0,1,38,37,9,7,1,0,0,1,0,1,20,0,0,8,8,7,0,1.74,1.4,10.8,0
1,53,1,9556,1,42,140.0,140.0,1,1,19,4,5,0,0,0,1,0,1,22,0,1,7,10,6,0,3.51,1.4,8.9,0
1,1,1,9130,1,1,164.0,163.0,1,34,1,0,0,0,0,0,1,0,0,18,0,0,6,0,0,0,0.32,2.6,7.6,1
1,17,4,9254,1,1,113.0,107.4,1,38,19,7,7,1,0,0,1,0,1,19,0,0,6,6,6,0,1.79,0.5,12.4,0
1,1,1,9254,1,1,122.0,114.3,1,37,37,9,9,1,0,0,0,0,1,20,0,0,6,12,4,0,0.32,2.6,7.6,1
1,43,1,9070,1,1,150.0,140.8,1,2,3,3,2,0,0,0,1,0,0,19,0,1,6,6,5,0,1.74,1.4,10.8,0
1,1,2,9773,1,1,135.0,126.3,1,37,37,5,5,1,1,0,1,0,1,20,0,0,6,6,6,0,3.51,1.4,8.9,0
1,39,1,9085,1,1,133.1,110.0,1,3,19,2,9,0,0,0,1,0,0,28,0,0,6,15,4,0,2.02,0.6,11.1,1
1,1,2,9085,1,1,122.0,126.2,1,1,1,193,101,0,0,0,1,0,0,19,0,0,6,8,6,0,1.79,0.5,12.4,0
1,42,1,9003,1,39,140.0,140.0,1,19,1,5,5,0,0,0,1,0,0,22,0,0,6,10,6,0,-4.06,2.8,15.5,0
1,1,1,9085,1,1,138.0,123.0,1,1,3,9,1,1,0,0,1,0,0,19,0,1,6,14,6,0,-4.06,2.8,15.5,0
1,1,3,9773,1,1,130.0,157.0,1,19,19,5,5,1,0,0,0,0,0,18,0,0,6,0,0,0,0.79,-0.3,13.9,1
1,5,1,9130,1,1,157.0,149.7,1,5,43,2,2,1,0,0,1,0,0,18,0,0,6,6,6,0,3.51,1.4,8.9,0
1,43,1,9130,1,1,140.0,140.0,1,2,1,2,3,1,0,0,1,0,0,22,0,0,5,11,4,0,-1.7,3.7,12.7,0
1,53,1,9085,1,42,170.0,170.0,1,1,19,4,7,0,0,0,1,0,0,20,0,7,11,13,11,0,3.51,1.4,8.9,0
1,39,1,9991,0,1,150.0,130.2,1,1,37,9,7,0,0,0,1,0,1,24,0,0,5,7,5,0,-0.92,0.3,16.2,0
1,17,1,171,1,1,146.0,135.5,1,1,38,9,9,1,0,1,1,0,0,22,0,12,17,19,12,0,2.02,0.6,11.1,0
1,43,1,8014,0,1,120.0,118.3,1,38,19,5,4,0,0,0,1,0,0,20,0,2,6,6,6,0,-1.7,3.7,12.7,0
1,1,1,9556,1,1,118.0,116.3,1,19,38,9,9,1,0,0,1,0,1,20,0,0,7,10,7,0,-1.7,3.7,12.7,0
2,7,1,8014,0,3,120.0,120.0,1,38,1,9,9,0,0,0,0,0,0,35,0,0,6,0,0,0,1.74,1.4,10.8,1
1,1,1,9670,1,1,154.0,154.7,1,1,1,5,7,0,0,0,1,0,1,18,0,0,5,6,5,0,-3.12,-0.8,9.4,0
1,17,2,9238,1,1,139.0,132.7,1,2,3,3,3,1,0,0,1,0,0,19,0,0,6,7,6,0,-3.12,-0.8,9.4,0
1,18,1,9500,1,1,136.0,130.8,1,3,3,3,3,0,0,0,1,0,0,18,0,0,7,7,7,0,-0.92,0.3,16.2,0
1,1,2,9254,1,1,130.0,122.7,1,1,38,4,9,1,0,0,1,0,0,18,0,0,6,10,4,0,0.32,2.6,7.6,1
2,39,1,9238,1,19,133.1,130.0,1,1,2,4,6,0,0,0,1,0,0,31,0,0,6,6,6,0,-3.12,-0.8,9.4,0
1,17,1,9238,1,1,133.0,123.6,1,19,19,5,7,0,0,0,1,0,1,19,0,0,6,7,6,0,-4.06,2.8,15.5,0
1,18,1,9500,1,1,143.0,116.5,1,38,37,4,9,1,0,0,1,0,1,20,0,0,7,10,7,0,-4.06,2.8,15.5,0
1,17,3,9085,1,1,117.0,111.1,1,19,38,5,7,0,0,0,1,0,0,21,0,0,6,0,0,0,-4.06,2.8,15.5,1
1,1,3,9500,1,1,145.0,136.3,1,19,38,9,7,1,0,0,1,0,1,18,0,0,8,8,7,0,-1.7,3.7,12.7,0
1,1,5,9070,1,1,134.0,129.8,1,34,1,5,7,1,0,0,1,0,0,18,0,0,6,7,2,0,-3.12,-0.8,9.4,1
2,39,1,9991,0,1,170.0,134.7,1,38,19,4,8,0,0,0,1,0,0,33,0,0,5,5,5,0,1.74,1.4,10.8,0
1,1,2,9670,1,1,143.0,131.8,1,37,37,9,7,1,0,0,1,0,1,18,0,0,6,8,6,0,1.79,0.5,12.4,0
1,1,1,171,1,1,140.0,126.8,1,37,37,7,9,1,0,0,0,0,1,18,0,0,0,0,0,0,-1.7,3.7,12.7,1
1,1,1,9085,1,1,131.0,130.7,1,37,37,9,6,0,0,1,1,0,0,21,0,0,5,9,2,0,1.74,1.4,10.8,0
1,17,3,9254,1,1,115.0,109.8,1,37,19,5,5,1,0,0,1,0,0,19,0,0,6,8,4,0,1.74,1.4,10.8,0
1,7,1,9991,0,3,130.0,133.9,1,3,19,2,3,0,0,0,1,0,0,28,0,0,5,7,5,0,-0.92,0.3,16.2,0
2,39,1,9147,1,1,130.0,109.9,1,1,19,9,9,0,0,0,0,0,0,29,0,0,4,4,0,0,-1.7,3.7,12.7,1
1,44,1,9130,1,39,160.0,160.0,1,1,37,3,3,1,0,1,0,0,0,36,0,2,6,9,6,0,1.79,0.5,12.4,1
1,39,1,8014,0,19,133.1,106.5,1,37,37,9,7,0,0,0,1,0,1,32,0,0,6,7,6,0,-1.7,3.7,12.7,0
1,39,1,9500,1,1,130.0,120.0,1,38,37,5,7,1,0,0,1,0,1,25,0,0,8,11,7,3,-3.12,-0.8,9.4,0
2,43,1,9991,0,1,140.0,107.8,1,37,37,3,10,0,0,0,1,0,0,33,0,8,10,15,8,0,0.32,2.6,7.6,0
2,43,1,8014,0,14,133.1,100.0,1,34,34,0,0,0,0,0,0,0,0,34,0,3,7,13,3,0,-3.12,-0.8,9.4,1
2,39,1,8014,0,1,150.0,112.5,1,34,34,0,0,0,0,0,1,0,0,33,0,0,6,10,5,0,0.32,2.6,7.6,0
1,43,1,9991,0,1,140.0,135.5,1,37,38,9,8,0,0,1,0,0,0,29,0,0,5,15,2,0,-0.92,0.3,16.2,1
1,1,1,9500,1,1,145.0,145.0,1,1,1,4,10,0,0,0,1,0,0,18,0,0,7,7,6,0,1.79,0.5,12.4,1
1,1,1,9773,1,1,126.0,119.0,1,37,38,7,7,0,0,0,1,0,1,18,0,0,6,6,6,0,-4.06,2.8,15.5,0
2,7,1,9238,1,3,130.0,130.0,1,37,19,4,5,0,0,0,1,0,0,38,0,0,6,17,4,0,-0.92,0.3,16.2,0
1,1,4,9500,1,1,135.0,126.3,1,38,37,9,8,1,0,0,1,0,1,19,0,0,7,7,6,0,0.32,2.6,7.6,0
4,39,1,8014,0,19,133.1,113.5,1,37,37,9,9,0,0,0,1,0,1,39,0,0,6,6,6,0,2.02,0.6,11.1,0
1,43,1,9991,0,3,120.0,120.0,1,37,37,9,9,0,0,0,1,0,0,37,0,7,14,21,12,0,-1.7,3.7,12.7,0
1,17,2,9556,1,1,120.0,111.3,1,37,37,5,5,1,0,0,1,0,0,32,0,0,7,7,0,0,-0.92,0.3,16.2,1
1,18,1,9238,1,1,147.0,130.2,1,38,34,4,0,0,0,0,1,0,0,18,0,0,1,1,0,1,1.74,1.4,10.8,1
1,43,1,9556,1,1,149.0,140.2,1,1,1,4,8,1,1,0,1,0,0,20,0,1,7,9,7,0,-1.7,3.7,12.7,0
1,1,5,9070,1,1,124.0,113.9,1,37,37,9,9,1,0,0,1,0,0,20,0,0,6,6,6,0,0.32,2.6,7.6,0
1,17,1,9085,1,1,133.1,99.0,1,37,37,9,9,1,0,0,1,0,1,23,0,0,6,6,6,0,3.51,1.4,8.9,0
1,1,2,9147,1,1,125.0,124.0,1,1,19,4,9,1,0,0,1,0,0,19,0,0,5,5,5,0,1.74,1.4,10.8,0
1,1,1,9238,1,1,141.0,138.9,1,37,38,9,10,0,0,0,1,0,0,18,0,0,6,9,6,0,0.79,-0.3,13.9,0
1,1,1,9147,1,1,131.0,130.0,1,38,19,9,9,1,0,0,1,1,0,19,0,0,5,5,5,0,1.74,1.4,10.8,0
1,17,4,9773,1,1,118.0,120.8,1,1,38,5,7,1,0,0,1,0,0,20,0,0,6,9,4,0,1.79,0.5,12.4,0
1,1,6,9500,1,1,129.0,127.8,1,37,19,9,7,1,0,0,1,0,0,19,0,0,8,10,6,1,-3.12,-0.8,9.4,1
1,17,3,9500,1,1,136.0,126.0,1,37,38,4,5,1,0,0,1,0,0,19,0,0,8,8,7,0,1.74,1.4,10.8,0
1,1,2,9238,1,1,134.0,126.0,1,1,19,4,5,0,0,0,1,0,0,18,0,0,6,10,4,0,1.74,1.4,10.8,0
1,1,1,9500,1,1,153.0,138.5,1,38,19,9,5,1,0,0,1,0,1,20,0,0,8,8,7,0,1.74,1.4,10.8,0
1,1,3,9500,1,1,119.0,119.4,1,19,37,9,9,1,0,0,1,0,0,20,0,0,7,7,7,0,1.79,0.5,12.4,0
4,39,1,9500,1,1,140.0,101.5,1,38,37,7,7,1,0,0,1,0,0,24,0,0,8,11,7,0,1.74,1.4,10.8,0
4,39,2,9556,1,1,133.1,101.5,1,38,37,7,7,1,0,0,1,0,0,24,0,0,7,0,0,0,1.74,1.4,10.8,1
1,17,2,9773,1,1,130.0,126.2,1,2,1,2,7,1,0,0,1,0,0,20,0,0,6,6,6,0,1.79,0.5,12.4,0
1,1,3,9070,1,1,128.0,129.8,1,19,19,3,3,1,0,0,1,0,0,20,0,0,6,6,6,0,-3.12,-0.8,9.4,0
1,1,1,9085,1,1,145.0,138.4,1,38,37,3,9,1,0,0,0,0,0,18,0,0,6,7,6,0,3.51,1.4,8.9,0
1,1,1,9500,1,1,146.0,129.3,1,1,37,9,9,0,0,0,1,0,0,18,0,0,8,8,7,0,-1.7,3.7,12.7,0
1,1,1,9085,1,1,119.0,113.1,1,2,1,4,3,1,0,0,1,0,0,21,0,0,5,6,5,0,1.74,1.4,10.8,0
1,17,1,9853,1,1,160.0,144.3,1,1,38,4,10,1,0,0,1,0,0,18,0,0,6,10,4,0,-3.12,-0.8,9.4,0
1,17,5,9500,1,1,144.0,141.0,1,19,1,5,3,1,0,0,1,0,1,19,0,0,8,8,7,0,-1.7,3.7,12.7,0
1,7,1,9085,1,40,130.0,130.0,1,1,1,4,4,1,0,0,1,0,0,22,0,0,6,7,6,0,2.02,0.6,11.1,0
1,17,3,9238,1,1,122.0,117.5,1,19,19,7,7,1,0,0,1,0,0,19,0,0,6,7,5,0,3.51,1.4,8.9,0
1,1,3,9500,1,1,153.0,131.8,6,37,37,9,9,1,0,0,1,0,0,18,1,0,7,7,6,0,0.32,2.6,7.6,0
1,1,1,9085,1,1,147.0,133.7,1,37,19,9,5,1,0,0,1,0,1,19,0,0,5,10,2,0,1.74,1.4,10.8,0
1,43,1,9500,1,1,121.0,115.4,1,38,19,5,5,1,0,0,1,0,1,24,0,0,8,8,7,0,-1.7,3.7,12.7,0
1,1,3,9085,1,1,134.0,129.1,1,38,19,9,5,0,0,0,1,0,0,19,0,0,5,7,3,0,0.32,2.6,7.6,0
1,1,1,8014,0,1,133.0,135.5,1,38,38,5,2,0,0,0,1,0,0,34,0,0,6,7,6,0,1.74,1.4,10.8,0
1,17,5,9085,1,1,118.0,112.4,1,38,38,9,9,1,0,0,1,0,0,19,0,0,12,22,6,0,-4.06,2.8,15.5,0
1,1,1,9500,1,1,137.0,130.8,1,37,37,7,9,1,0,0,1,0,1,18,0,0,7,7,6,0,0.32,2.6,7.6,0
1,1,5,9500,1,1,143.0,131.6,1,37,37,9,5,1,0,0,1,0,1,19,0,0,7,10,7,0,-4.06,2.8,15.5,0
1,39,1,9500,1,1,123.0,140.8,1,19,1,1,1,0,0,0,1,0,0,25,0,0,8,8,7,0,1.74,1.4,10.8,0
1,44,1,9085,1,39,140.0,140.0,1,3,38,2,9,1,0,0,1,0,0,21,0,7,12,18,8,0,1.79,0.5,12.4,0
1,1,1,9254,1,1,118.0,114.2,1,37,37,7,7,0,0,0,1,0,0,18,0,0,6,10,5,0,-0.92,0.3,16.2,0
1,1,1,9238,1,1,142.0,127.3,1,34,38,4,7,0,0,0,1,0,1,18,0,0,6,12,4,0,-3.12,-0.8,9.4,0
1,1,1,8014,0,1,115.0,115.0,1,38,38,9,7,1,0,0,1,0,0,28,0,0,6,8,5,0,-3.12,-0.8,9.4,0
5,43,1,9500,1,1,131.0,118.8,1,1,38,5,5,0,0,0,1,0,1,18,0,0,8,8,7,0,-1.7,3.7,12.7,0
2,39,1,9254,1,1,130.0,125.0,1,37,37,9,9,0,0,0,1,0,0,41,0,0,6,8,6,0,3.51,1.4,8.9,0
1,17,2,9853,1,1,133.1,111.5,1,37,37,5,0,0,0,0,1,0,0,18,0,0,6,11,3,0,0.32,2.6,7.6,1
1,17,1,9238,1,1,134.0,124.2,1,38,19,7,7,0,0,0,1,0,1,21,0,0,6,11,4,0,-4.06,2.8,15.5,0
4,7,1,9238,1,40,130.0,130.0,1,34,34,99,99,0,0,1,1,0,0,41,0,0,6,0,0,0,2.02,0.6,11.1,1
1,7,1,9070,1,3,133.1,120.0,1,3,5,2,2,1,0,0,1,0,0,32,0,0,3,3,2,0,0.32,2.6,7.6,1
1,43,1,8014,0,12,114.0,110.0,1,34,34,0,99,0,0,0,1,0,0,29,0,0,6,10,6,0,0.32,2.6,7.6,0
1,39,1,9556,1,1,130.0,113.3,1,19,38,9,8,0,0,0,1,0,0,24,0,0,7,15,5,0,1.79,0.5,12.4,0
1,43,1,9556,1,1,128.0,123.5,1,38,38,7,8,1,0,0,1,0,0,22,0,0,7,14,6,1,-1.7,3.7,12.7,0
1,1,1,9238,1,1,133.1,101.0,1,19,1,1,3,0,0,0,1,0,0,21,0,0,6,0,0,0,-4.06,2.8,15.5,1
2,39,1,9500,1,19,133.1,120.9,1,37,38,9,10,1,0,0,1,0,0,39,0,0,7,12,4,0,2.02,0.6,11.1,1
4,39,1,9085,1,1,140.0,154.6,1,37,37,9,9,0,0,0,0,0,1,44,0,0,6,12,4,0,3.51,1.4,8.9,0
1,1,1,9147,1,1,117.0,120.2,1,37,37,9,9,1,0,0,1,0,0,20,0,0,5,9,2,0,0.32,2.6,7.6,0
1,43,3,9500,1,1,139.0,146.5,1,38,37,9,8,0,0,0,1,0,0,21,0,11,14,26,12,1,0.32,2.6,7.6,0
1,1,1,9773,1,1,159.0,160.1,1,34,26,0,6,1,0,0,1,0,0,18,0,0,6,6,6,0,0.32,2.6,7.6,0
1,39,1,9003,1,1,140.0,150.0,1,37,37,5,5,0,0,1,1,0,0,34,0,0,6,10,5,0,-0.92,0.3,16.2,0
1,1,3,9085,1,1,140.0,135.8,1,10,19,90,90,1,0,0,1,0,0,18,0,0,5,6,5,0,0.32,2.6,7.6,0
1,1,1,171,1,1,135.0,143.8,1,19,4,9,2,1,0,1,1,0,0,19,0,0,0,0,0,0,-1.7,3.7,12.7,0
1,1,1,9853,1,1,121.0,116.8,1,37,19,6,7,1,0,0,1,0,0,18,0,0,6,11,3,0,-3.12,-0.8,9.4,1
1,1,5,9085,1,1,124.0,113.9,1,3,19,2,3,1,0,0,1,0,0,19,0,0,6,12,5,0,-0.92,0.3,16.2,0
1,1,3,9500,1,1,131.0,118.0,1,37,37,9,9,1,0,0,1,0,1,18,0,0,8,8,7,0,-1.7,3.7,12.7,0
1,1,5,9130,1,1,160.0,150.2,1,3,1,2,9,1,0,0,1,0,0,19,0,0,5,13,1,0,-1.7,3.7,12.7,1
1,1,2,9500,1,1,120.0,115.1,1,3,37,4,7,1,0,0,1,0,1,19,0,0,7,8,6,0,1.79,0.5,12.4,0
1,1,1,9670,1,1,140.0,131.3,1,19,19,5,9,1,0,0,1,0,1,18,0,0,6,6,6,0,1.74,1.4,10.8,0
1,44,1,9991,0,39,120.0,120.0,1,37,37,7,7,1,0,0,1,0,1,23,0,2,6,8,5,0,-3.12,-0.8,9.4,0
1,17,2,9254,1,1,118.0,110.3,22,19,37,9,9,1,0,0,0,0,0,18,1,0,6,7,5,0,2.02,0.6,11.1,0
4,43,1,9853,1,1,133.1,100.0,100,19,22,90,90,0,0,0,1,0,0,33,1,0,6,6,6,0,0.32,2.6,7.6,1
1,17,2,9238,1,1,111.0,110.7,1,19,38,9,9,1,0,0,1,0,0,19,0,0,6,9,6,0,3.51,1.4,8.9,0
1,43,3,171,1,1,140.0,143.4,1,37,38,7,7,1,0,0,1,0,0,21,0,0,0,0,0,0,-3.12,-0.8,9.4,1
1,1,6,9500,1,1,125.0,115.9,1,19,19,9,9,0,0,0,1,0,0,18,0,0,7,7,7,0,1.79,0.5,12.4,0
1,18,1,9991,0,1,133.1,145.0,1,38,38,5,5,0,0,0,1,0,1,21,0,0,5,6,4,0,1.74,1.4,10.8,0
1,17,2,9070,1,1,136.0,140.9,1,19,38,4,7,1,0,0,1,0,0,19,0,0,6,6,6,0,-3.12,-0.8,9.4,0
1,1,2,9773,1,1,115.0,108.4,1,34,38,0,5,1,0,0,1,0,0,20,0,0,6,10,4,0,0.32,2.6,7.6,0
1,1,1,9773,1,1,116.0,114.3,1,37,37,0,5,1,0,0,1,0,0,20,0,0,4,8,0,0,0.32,2.6,7.6,1
1,18,5,9853,1,1,110.0,110.0,1,19,37,7,7,1,0,0,1,0,0,20,0,0,6,10,4,0,1.74,1.4,10.8,0
1,1,1,9238,1,1,135.0,121.7,1,38,38,4,7,1,0,0,1,0,1,18,0,0,6,14,0,0,0.32,2.6,7.6,0
1,43,2,9147,1,1,131.0,123.7,1,19,37,5,9,1,0,0,1,0,0,18,0,0,5,10,1,0,0.32,2.6,7.6,0
1,1,2,9500,1,1,124.0,116.5,1,37,37,7,7,1,0,0,1,0,1,20,0,0,7,9,7,0,2.02,0.6,11.1,0
1,1,1,9238,1,1,163.0,155.0,1,37,37,5,6,0,0,0,1,0,1,21,0,0,6,6,6,0,-3.12,-0.8,9.4,0
1,43,1,9500,1,1,137.0,129.3,1,38,19,9,5,1,0,0,1,0,0,19,0,0,8,12,7,0,-1.7,3.7,12.7,0
1,1,3,9254,1,1,128.0,121.7,1,19,1,7,9,1,0,0,1,0,1,18,0,0,6,6,6,0,1.79,0.5,12.4,0
1,39,1,9085,1,1,133.1,148.2,1,37,37,9,9,1,0,1,1,0,0,27,0,0,6,11,6,0,1.79,0.5,12.4,0
1,1,2,9500,1,1,133.1,125.5,1,19,38,7,9,1,0,0,1,0,1,21,0,0,7,9,7,0,-4.06,2.8,15.5,0
1,17,4,9500,1,1,148.0,131.9,1,3,19,4,7,1,0,0,1,0,1,18,0,0,7,8,7,0,-4.06,2.8,15.5,0
1,17,1,9853,1,1,127.0,121.8,1,38,37,5,7,1,0,1,1,0,0,18,0,0,6,12,4,0,1.74,1.4,10.8,0
1,43,1,9853,1,1,110.0,107.7,1,37,37,9,9,0,0,1,0,0,0,28,0,0,6,0,0,0,1.74,1.4,10.8,1
1,39,1,9556,1,1,133.1,115.5,1,44,40,2,2,0,0,0,1,0,0,36,0,0,7,13,5,0,2.02,0.6,11.1,1
1,1,1,9085,1,1,145.0,139.8,1,38,38,9,10,1,0,0,1,0,0,20,0,0,5,6,5,1,-1.7,3.7,12.7,0
1,1,1,9238,1,1,136.0,133.2,1,38,38,0,7,1,0,0,1,0,0,19,0,0,6,8,5,0,0.32,2.6,7.6,0
1,1,1,9991,0,1,131.0,118.4,1,19,37,9,9,1,0,0,1,0,0,20,0,0,5,10,0,0,0.32,2.6,7.6,0
1,17,2,9085,1,1,138.0,123.3,1,37,37,9,7,1,0,0,1,0,0,19,0,0,5,15,3,3,-3.12,-0.8,9.4,0
2,39,1,8014,0,1,150.0,134.5,1,37,38,3,7,0,0,0,1,0,0,28,0,0,6,8,5,0,-0.92,0.3,16.2,0
1,1,1,9670,1,1,112.0,110.6,1,37,1,7,0,0,0,0,1,0,0,20,0,0,5,7,4,0,0.32,2.6,7.6,0
1,42,1,9254,1,1,154.0,154.0,1,38,37,1,1,1,0,0,1,0,0,28,0,8,14,22,12,0,-3.12,-0.8,9.4,0
1,43,1,9991,0,39,160.0,160.0,1,37,37,9,9,0,0,0,1,0,0,24,0,3,10,16,3,0,-3.12,-0.8,9.4,1
1,44,1,9085,1,39,140.0,140.0,1,1,39,3,9,1,0,0,1,0,0,20,0,1,6,9,6,0,0.79,-0.3,13.9,0
1,17,2,9853,1,1,150.0,132.5,1,37,37,5,6,1,0,0,1,0,0,22,0,0,6,9,4,0,1.74,1.4,10.8,0
1,17,2,9254,1,1,141.0,127.7,1,1,4,4,4,0,0,0,1,0,1,18,0,0,6,7,6,0,-0.92,0.3,16.2,0
1,1,5,9147,1,1,122.0,117.5,1,38,38,9,9,1,0,1,0,0,0,22,0,0,5,12,2,0,-1.7,3.7,12.7,1
1,1,5,9254,1,1,120.0,127.0,1,37,37,9,7,1,0,0,1,0,1,18,0,0,6,10,6,0,-3.12,-0.8,9.4,0
1,1,1,9500,1,1,139.0,125.5,1,19,37,5,5,0,0,0,1,0,1,21,0,0,8,8,7,0,-1.7,3.7,12.7,0
1,17,6,9773,1,1,138.0,140.5,1,1,1,4,2,1,0,0,1,0,0,19,0,0,6,7,6,0,0.32,2.6,7.6,0
1,5,1,9853,1,1,119.0,118.3,1,1,38,5,8,1,0,0,1,0,0,22,0,0,6,11,3,0,-3.12,-0.8,9.4,0
1,1,1,9500,1,1,129.0,120.8,1,38,38,5,5,1,0,0,1,0,1,20,0,0,8,8,7,0,1.74,1.4,10.8,0
1,1,1,9147,1,1,133.1,95.0,1,37,37,191,154,0,0,0,1,0,0,20,0,0,5,10,4,0,2.02,0.6,11.1,0
1,17,1,8014,0,1,125.0,122.2,1,37,37,5,6,1,0,1,1,0,0,19,0,0,6,6,6,0,1.74,1.4,10.8,0
1,17,1,171,1,1,125.0,143.9,1,1,1,7,3,1,0,0,1,0,0,20,0,0,0,0,0,0,-4.06,2.8,15.5,0
1,1,2,9070,1,1,137.0,127.2,1,19,38,9,9,1,0,0,1,0,1,20,0,1,6,9,5,1,0.79,-0.3,13.9,0
1,1,1,9238,1,1,123.0,120.2,1,34,38,0,7,1,0,0,1,0,0,20,0,0,6,9,5,0,0.32,2.6,7.6,1
1,1,3,9500,1,1,154.0,134.8,1,1,37,4,9,1,0,0,1,0,0,19,0,0,7,7,6,0,0.32,2.6,7.6,0
1,1,1,9254,1,1,144.0,142.6,1,19,19,9,9,1,0,0,1,0,1,18,0,0,6,7,6,0,-4.06,2.8,15.5,0
1,1,1,9500,1,1,153.0,147.9,1,38,37,7,8,0,0,0,1,0,1,18,0,0,7,7,7,0,1.79,0.5,12.4,0
1,1,1,171,1,1,152.0,160.4,1,1,38,4,9,1,0,0,0,0,0,19,0,0,0,0,0,0,0.32,2.6,7.6,1
1,1,1,9147,1,1,150.0,134.6,103,37,37,9,9,0,0,0,1,1,0,20,1,0,5,5,5,0,-3.12,-0.8,9.4,0
1,1,1,9254,1,1,129.0,121.0,1,19,1,3,7,0,0,0,1,0,1,22,0,0,6,9,6,0,-0.92,0.3,16.2,0
1,1,1,9238,1,1,150.0,142.7,1,19,37,5,4,1,0,0,1,0,1,18,0,0,6,6,6,0,-3.12,-0.8,9.4,0
1,17,2,9773,1,1,125.0,115.6,1,1,1,4,8,1,0,0,1,0,0,19,0,0,6,6,6,0,1.79,0.5,12.4,0
1,1,1,9238,1,1,133.1,130.0,1,19,37,9,9,0,0,0,0,0,1,20,0,0,6,10,5,0,1.74,1.4,10.8,0
1,1,2,9500,1,1,140.0,124.3,1,38,37,5,6,1,0,0,1,0,1,19,0,0,7,9,7,0,0.79,-0.3,13.9,0
1,1,1,171,1,1,140.0,137.9,1,19,37,5,6,1,0,1,0,0,0,18,0,0,0,0,0,0,3.51,1.4,8.9,1
1,1,6,9773,1,1,133.1,100.0,1,1,37,3,3,1,0,1,0,0,0,20,0,0,4,4,0,0,1.79,0.5,12.4,1
1,1,2,9773,1,1,132.0,128.2,1,1,2,9,3,1,0,0,1,0,1,19,0,0,6,7,6,0,-3.12,-0.8,9.4,0
1,17,3,9773,1,1,135.0,135.0,1,1,19,5,7,0,0,0,1,0,0,18,0,0,6,6,6,0,1.79,0.5,12.4,0
1,16,4,9238,1,1,135.0,121.0,1,37,37,9,9,1,0,0,1,0,0,18,0,0,6,8,5,0,1.74,1.4,10.8,0
1,1,1,9670,1,1,133.1,147.0,1,34,38,0,4,0,0,0,1,0,0,22,0,0,5,6,2,0,-3.12,-0.8,9.4,1
1,1,1,9238,1,1,168.0,149.5,1,37,37,9,9,0,0,0,1,0,0,18,0,0,6,10,6,0,1.79,0.5,12.4,0
1,1,1,9238,1,1,143.0,144.4,1,19,1,9,9,1,0,0,1,0,0,20,0,0,6,7,6,0,1.74,1.4,10.8,0
1,17,2,9254,1,1,116.0,116.0,1,19,38,5,5,1,0,0,1,0,0,19,0,0,6,7,6,0,3.51,1.4,8.9,0
1,43,1,9500,1,1,134.0,120.7,1,38,19,5,8,0,0,0,1,0,1,19,0,0,7,9,6,0,-0.92,0.3,16.2,0
1,44,1,9238,1,39,140.0,141.8,1,38,19,5,0,0,0,0,1,0,0,21,0,3,6,7,6,0,1.79,0.5,12.4,0
1,17,2,8014,0,1,133.0,119.7,1,19,1,5,5,1,0,0,1,0,1,19,0,0,6,10,4,0,-3.12,-0.8,9.4,1
1,1,6,9238,1,1,125.0,118.4,1,38,1,7,4,1,0,0,1,0,1,19,0,0,6,6,6,0,2.02,0.6,11.1,0
2,39,1,8014,0,1,133.1,134.5,1,37,37,5,4,0,0,0,1,0,0,45,0,0,6,8,5,0,-4.06,2.8,15.5,0
2,39,1,9085,1,1,133.1,128.2,1,36,36,99,5,0,0,0,0,0,1,28,0,0,5,14,1,3,-3.12,-0.8,9.4,1
2,43,1,9500,1,1,137.0,115.0,1,3,3,2,2,0,0,0,1,0,0,28,0,0,7,8,7,0,0.79,-0.3,13.9,0
1,39,1,9991,0,1,140.0,130.0,1,38,19,9,5,0,0,1,1,0,0,25,0,0,5,10,4,0,-1.7,3.7,12.7,0
1,43,1,9670,1,1,134.0,120.7,1,1,38,4,4,0,0,1,0,0,0,19,0,0,6,13,3,0,-4.06,2.8,15.5,1
1,1,5,9500,1,1,139.0,130.5,1,38,38,9,5,1,0,0,1,0,0,19,0,0,8,8,7,0,1.74,1.4,10.8,0
1,1,2,9147,1,1,113.0,107.4,1,38,38,9,5,1,0,0,1,1,0,20,0,0,5,12,3,0,1.79,0.5,12.4,0
1,1,3,9238,1,1,133.1,100.0,1,1,1,9,9,1,0,0,1,1,0,22,0,0,6,6,4,0,3.51,1.4,8.9,0
1,43,1,9773,1,1,132.0,125.0,1,38,19,9,9,1,0,0,1,1,1,20,0,0,6,6,6,0,1.79,0.5,12.4,0
1,1,4,9500,1,1,127.0,121.5,1,19,37,7,7,1,0,0,1,1,0,20,0,0,7,7,6,0,0.32,2.6,7.6,0
1,1,1,9085,1,1,123.0,127.2,1,38,19,4,90,0,0,1,0,1,0,20,0,0,5,7,3,0,0.32,2.6,7.6,1
1,39,1,9085,1,40,130.0,160.0,1,3,2,3,2,1,0,0,1,0,0,27,0,0,6,7,6,0,0.79,-0.3,13.9,0
1,51,1,9085,1,1,125.0,120.0,1,1,1,9,4,0,0,0,1,0,0,22,0,0,6,8,6,0,2.02,0.6,11.1,0
1,1,3,9500,1,1,140.0,141.5,1,37,37,9,9,1,0,1,0,0,0,19,0,0,8,8,7,0,1.74,1.4,10.8,1
1,17,1,9238,1,1,111.0,111.4,1,19,38,3,3,1,0,0,0,0,0,19,0,0,6,13,4,0,-1.7,3.7,12.7,1
1,1,1,9070,1,1,132.0,136.6,1,4,39,2,2,1,0,0,1,0,0,18,0,1,6,10,6,1,0.79,-0.3,13.9,0
1,1,1,171,1,1,150.0,154.6,1,3,3,2,5,1,0,0,1,0,0,19,0,6,12,13,12,0,3.51,1.4,8.9,1
1,18,4,9853,1,1,118.0,111.4,1,19,37,9,6,1,0,1,0,0,0,20,0,0,7,9,0,0,2.02,0.6,11.1,1
2,43,1,9991,0,1,150.0,120.1,1,38,19,3,3,0,0,0,0,0,0,39,0,11,15,15,12,0,1.74,1.4,10.8,1
2,39,2,8014,0,19,100.0,100.0,1,37,37,4,7,0,0,1,1,0,0,37,0,0,6,9,6,0,0.32,2.6,7.6,0
2,39,1,9500,1,3,130.0,140.0,1,1,1,4,6,0,0,1,0,0,0,30,0,3,7,11,3,0,0.79,-0.3,13.9,1
2,43,1,9991,0,3,130.0,130.0,1,37,37,9,9,0,0,0,1,0,0,41,0,5,10,11,10,0,-1.7,3.7,12.7,0
4,39,1,9500,1,19,133.1,100.0,1,37,37,5,7,0,0,0,0,0,0,40,0,0,8,11,5,4,-3.12,-0.8,9.4,1
1,1,1,9147,1,1,112.0,106.1,1,9,22,4,3,0,0,0,1,0,0,20,0,0,5,13,2,1,-3.12,-0.8,9.4,1
2,1,1,9991,0,1,144.0,151.4,1,19,19,9,9,0,0,0,1,0,0,28,0,0,5,5,5,0,0.32,2.6,7.6,0
1,18,2,9853,1,1,120.0,113.7,1,19,37,9,4,1,0,1,0,0,0,19,0,0,7,11,5,0,1.79,0.5,12.4,1
1,1,1,9670,1,1,121.0,116.5,1,37,37,5,9,1,0,0,1,0,0,23,0,0,5,7,3,0,0.32,2.6,7.6,1
1,7,1,8014,0,4,120.0,120.0,1,2,3,2,2,0,0,0,1,0,0,18,0,10,16,24,13,0,-4.06,2.8,15.5,1
1,39,1,9500,1,1,100.0,122.0,1,1,19,4,8,0,0,0,1,0,0,24,0,0,8,8,7,0,1.74,1.4,10.8,0
1,17,5,9670,1,1,115.0,117.1,1,1,19,5,5,0,0,0,1,0,0,21,0,0,5,7,3,0,0.32,2.6,7.6,0
1,1,2,9500,1,1,123.0,120.8,1,19,19,7,7,1,0,0,1,0,0,19,0,0,8,11,7,0,1.74,1.4,10.8,0
1,1,1,9773,1,1,134.0,141.4,1,37,19,9,10,1,0,0,1,0,0,19,0,0,6,12,3,0,-3.12,-0.8,9.4,1
1,39,1,9003,1,1,123.0,110.0,1,37,37,9,9,0,0,1,0,0,0,48,0,0,6,6,0,0,2.02,0.6,11.1,1
2,43,1,9991,0,2,120.0,120.0,1,37,37,9,9,0,0,0,0,0,0,38,0,9,12,12,9,2,-3.12,-0.8,9.4,1
1,17,1,9147,1,1,131.0,120.2,1,1,37,3,7,0,0,0,1,0,0,19,0,0,5,10,5,0,-1.7,3.7,12.7,0
2,39,1,9991,0,12,133.1,138.4,1,37,1,9,4,0,0,0,1,1,0,30,0,0,5,7,3,0,0.32,2.6,7.6,1
1,44,1,9003,1,39,150.0,150.0,1,37,19,9,9,0,0,0,1,1,1,24,0,0,6,9,6,0,0.79,-0.3,13.9,0
1,17,5,9773,1,1,134.0,121.8,1,1,19,9,5,1,0,0,1,1,0,19,0,0,6,6,6,0,-0.92,0.3,16.2,0
1,44,1,171,1,39,140.0,140.0,1,1,1,9,9,0,0,0,1,1,0,21,0,0,0,0,0,0,-4.06,2.8,15.5,0
1,1,1,9254,1,1,117.0,116.3,1,1,1,5,5,1,0,0,1,1,1,21,0,0,6,6,6,0,1.74,1.4,10.8,0
1,1,2,9991,0,1,143.0,131.5,1,5,1,4,4,0,0,0,1,1,0,19,0,0,5,11,4,0,-4.06,2.8,15.5,1
1,17,2,9070,1,1,142.0,141.0,1,3,1,2,4,1,0,0,1,1,0,18,0,0,6,6,6,0,1.74,1.4,10.8,0
1,17,1,9070,1,1,132.0,138.0,1,37,38,9,7,0,0,0,1,1,1,18,0,0,6,6,6,0,1.79,0.5,12.4,0
1,17,4,9119,1,1,138.0,127.5,1,1,3,1,4,1,0,0,1,1,0,19,0,0,5,6,5,0,3.51,1.4,8.9,1
1,1,1,9500,1,1,131.0,127.0,1,1,19,9,9,0,0,0,1,1,1,19,0,0,8,8,7,0,-1.7,3.7,12.7,0
1,17,2,9085,1,1,123.0,118.9,1,3,19,2,9,0,0,0,1,1,0,18,0,0,5,5,3,0,0.32,2.6,7.6,0
1,1,1,9254,1,1,131.0,134.5,1,37,19,9,9,1,0,0,1,1,0,25,0,0,6,8,6,0,0.32,2.6,7.6,0
1,17,1,9119,1,1,141.0,133.0,1,37,1,9,2,1,0,0,1,1,0,18,0,0,5,10,4,0,0.32,2.6,7.6,0
5,39,1,9147,1,1,133.1,114.0,1,1,19,4,7,0,0,0,0,1,0,29,0,0,5,5,1,0,3.51,1.4,8.9,1
1,17,1,9119,1,1,116.0,116.7,1,19,37,90,5,1,0,0,1,1,0,21,0,0,5,10,1,0,0.32,2.6,7.6,1
1,1,3,9773,1,1,123.0,125.1,1,1,1,4,7,1,0,1,1,1,1,18,0,0,6,6,6,0,2.02,0.6,11.1,0
1,17,1,9254,1,1,133.0,137.2,1,19,1,9,9,0,0,0,1,1,1,20,0,0,6,6,0,0,1.74,1.4,10.8,1
1,39,1,9991,0,1,133.1,111.4,1,19,37,9,7,0,0,0,1,1,0,27,0,0,5,7,1,0,0.79,-0.3,13.9,1
1,1,1,9085,1,1,133.1,105.0,1,3,1,4,9,1,0,0,1,1,0,21,0,0,6,15,3,0,1.79,0.5,12.4,0
1,18,2,9147,1,1,140.0,124.3,1,37,37,5,9,1,0,0,1,1,0,20,0,0,5,7,4,0,1.74,1.4,10.8,1
1,39,1,9147,1,19,100.0,132.0,1,38,19,7,9,0,0,1,0,1,0,28,0,0,5,7,1,0,1.74,1.4,10.8,1
1,39,2,9556,1,1,130.0,110.0,1,37,19,9,8,0,0,0,1,1,1,24,0,0,7,13,6,0,-1.7,3.7,12.7,0
1,1,5,9147,1,1,134.0,134.7,1,3,2,2,2,0,0,0,1,1,0,22,0,1,5,10,4,0,0.32,2.6,7.6,0
1,1,1,9085,1,1,134.0,136.8,1,37,19,9,9,1,0,0,1,1,0,20,0,0,5,8,5,0,1.74,1.4,10.8,0
1,44,1,9085,1,39,160.0,160.0,1,1,1,4,4,0,0,0,1,1,0,21,0,1,5,15,3,2,-3.12,-0.8,9.4,0
1,44,1,9003,1,39,130.0,130.0,1,1,3,9,2,1,0,1,0,1,0,23,0,0,6,12,2,0,0.79,-0.3,13.9,1
1,1,1,9238,1,1,141.0,128.8,1,19,1,7,3,1,0,0,1,1,0,18,0,0,6,10,5,0,1.74,1.4,10.8,0
1,1,1,171,1,1,147.0,148.4,1,1,12,4,4,1,0,0,1,1,1,20,0,8,14,15,12,0,2.02,0.6,11.1,0
1,1,1,171,1,1,137.0,130.4,1,1,38,4,5,1,0,0,1,1,0,19,0,0,0,0,0,0,-4.06,2.8,15.5,0
2,39,1,9500,1,3,130.0,126.0,1,1,1,4,6,0,0,0,1,1,0,32,0,0,7,7,7,0,0.79,-0.3,13.9,0
1,1,6,9254,1,1,119.0,118.7,1,19,19,9,9,1,0,0,1,1,0,20,0,0,6,16,3,0,1.74,1.4,10.8,1
1,39,1,9003,1,1,130.0,120.0,1,38,37,7,7,0,0,0,1,1,0,32,0,12,18,25,18,0,-4.06,2.8,15.5,0
1,39,1,9003,1,1,130.0,120.0,1,38,19,9,6,1,0,0,1,1,0,28,0,7,13,19,8,0,-4.06,2.8,15.5,0
1,44,1,9070,1,39,120.0,116.3,1,1,38,5,5,1,1,0,1,1,1,21,0,2,7,7,4,0,1.79,0.5,12.4,0
1,1,1,9773,1,1,130.0,133.9,1,38,37,9,6,0,0,0,1,1,1,19,0,0,6,8,5,0,1.74,1.4,10.8,0
1,39,1,9991,0,39,150.0,150.3,1,19,19,9,9,0,0,0,1,1,0,24,0,0,5,7,3,0,1.74,1.4,10.8,1
1,17,1,9147,1,1,120.0,118.3,1,38,38,9,8,0,0,0,1,1,0,18,0,0,5,13,1,0,-1.7,3.7,12.7,1
1,44,1,9003,1,39,130.0,130.0,1,1,37,6,6,1,0,0,1,1,0,20,0,0,6,14,5,0,-0.92,0.3,16.2,0
1,43,1,171,1,39,140.0,140.0,1,38,37,9,7,0,0,0,0,1,0,25,0,0,0,0,0,0,-4.06,2.8,15.5,1
1,17,6,9147,1,1,130.0,110.4,1,37,37,9,9,1,0,0,1,1,0,25,0,13,15,15,13,0,0.32,2.6,7.6,1
1,17,4,9773,1,1,147.0,139.7,1,1,1,4,5,1,0,0,1,1,0,18,0,0,6,10,5,0,-3.12,-0.8,9.4,1
1,1,1,9147,1,1,148.0,138.3,1,19,1,7,5,1,0,0,1,1,0,19,0,0,5,6,4,0,1.79,0.5,12.4,1
1,1,5,9147,1,1,133.0,123.2,1,19,3,9,9,1,0,0,1,1,0,18,0,0,5,14,4,0,0.79,-0.3,13.9,1
1,42,1,9147,1,1,135.0,120.0,1,19,1,4,4,0,0,0,0,1,0,25,0,0,5,6,0,0,-4.06,2.8,15.5,1
1,39,1,171,1,1,116.0,127.0,1,34,34,0,0,1,0,0,1,1,0,38,0,0,0,0,0,0,0.32,2.6,7.6,1
1,44,1,171,1,39,110.0,114.2,1,1,1,1,7,0,0,0,1,1,0,19,0,0,0,0,0,0,1.79,0.5,12.4,1
1,1,4,9773,1,1,133.0,119.7,1,1,19,9,9,1,0,0,1,1,0,19,0,0,6,7,6,0,-0.92,0.3,16.2,0
1,44,1,9085,1,39,150.0,150.0,1,38,37,9,4,1,0,0,1,1,1,22,0,0,6,9,6,0,1.79,0.5,12.4,0
1,1,6,9119,1,1,135.0,123.5,1,2,1,3,5,1,0,0,1,1,0,18,0,0,5,10,0,0,0.32,2.6,7.6,0
1,7,1,9991,0,3,130.0,130.0,1,19,19,3,9,0,0,0,0,1,0,32,0,0,5,12,4,0,-0.92,0.3,16.2,1
1,43,1,9853,1,1,130.0,124.6,1,2,39,2,5,0,0,0,1,1,0,37,0,19,21,21,21,0,1.79,0.5,12.4,0
1,17,1,9119,1,1,132.0,119.4,1,37,37,9,6,1,0,0,1,1,0,21,0,0,5,8,0,0,0.32,2.6,7.6,1
1,1,1,9254,1,1,125.0,121.9,1,1,3,4,1,1,0,0,1,1,0,18,0,0,6,15,3,0,1.74,1.4,10.8,1
1,1,3,9070,1,1,118.0,110.0,1,43,3,123,123,1,0,1,1,1,0,19,0,0,6,6,6,0,3.51,1.4,8.9,0
1,17,1,9670,1,1,118.0,118.7,1,1,19,4,8,0,0,0,1,1,1,19,0,0,6,7,6,0,1.79,0.5,12.4,0
1,1,1,171,1,1,161.0,163.1,41,1,1,9,7,1,0,0,0,0,0,19,1,6,12,12,12,0,3.51,1.4,8.9,0
1,17,1,9773,1,1,136.0,121.7,1,19,38,9,9,1,0,0,1,1,1,19,0,0,6,9,5,0,-1.7,3.7,12.7,0
1,15,1,9147,1,1,135.0,135.0,26,1,1,9,7,0,0,1,1,1,0,21,1,0,5,9,3,0,3.51,1.4,8.9,0
4,39,1,9991,0,1,147.0,147.9,1,19,19,7,8,0,0,0,1,0,0,28,0,0,5,8,4,0,1.74,1.4,10.8,0
1,1,1,9773,1,1,124.0,118.1,17,1,1,3,5,1,0,1,0,0,0,19,1,0,6,8,5,0,-0.92,0.3,16.2,1
1,39,1,9991,0,19,133.1,105.3,1,37,37,9,6,0,0,1,1,0,0,28,0,0,5,14,2,0,1.79,0.5,12.4,1
1,1,1,9500,1,1,141.0,139.8,1,19,19,7,9,0,0,0,1,0,1,19,0,0,8,8,7,0,-1.7,3.7,12.7,0
2,7,1,8014,0,3,130.0,130.0,1,19,38,3,7,0,0,0,1,0,0,32,0,8,14,18,13,0,1.74,1.4,10.8,0
1,39,1,8014,0,39,110.0,127.5,1,19,37,9,8,0,0,1,0,0,0,26,0,0,6,13,4,0,-0.92,0.3,16.2,1
2,39,1,9147,1,12,133.1,120.0,1,37,37,9,9,0,0,0,1,0,0,25,0,0,5,0,0,0,-3.12,-0.8,9.4,1
2,43,2,9853,1,1,130.0,124.2,1,38,31,4,1,0,0,0,1,0,0,31,0,3,7,8,6,0,-3.12,-0.8,9.4,1
1,17,1,9238,1,1,120.0,113.4,1,37,1,9,5,1,0,0,1,0,1,20,0,0,6,10,5,0,-1.7,3.7,12.7,0
1,1,4,9238,1,1,133.1,118.0,1,1,37,8,9,1,0,0,1,0,0,19,0,0,6,0,0,0,-1.7,3.7,12.7,1
1,17,1,171,1,1,145.0,130.0,1,37,19,5,9,1,0,0,1,0,0,23,0,0,0,0,0,0,2.02,0.6,11.1,1
1,1,1,9238,1,1,131.0,135.9,1,37,1,9,9,1,0,0,1,0,0,18,0,0,6,8,5,0,-3.12,-0.8,9.4,0
1,1,2,9238,1,1,147.0,135.8,1,19,38,9,8,1,0,0,1,0,1,19,0,0,6,8,6,0,0.79,-0.3,13.9,1
1,1,1,9254,1,1,138.0,133.1,1,38,19,9,10,0,0,0,1,0,0,18,0,0,6,6,6,0,-4.06,2.8,15.5,0
1,1,1,9147,1,1,123.0,118.8,1,1,1,4,6,1,0,0,1,0,0,21,0,0,5,9,3,0,0.32,2.6,7.6,0
1,1,2,9773,1,1,129.0,117.1,1,37,37,9,7,1,0,0,1,0,0,20,0,0,6,12,1,0,-3.12,-0.8,9.4,0
1,1,1,9085,1,1,125.0,114.5,1,1,19,4,9,1,0,0,1,0,0,24,0,0,5,6,5,1,-1.7,3.7,12.7,0
1,1,1,9670,1,1,131.0,127.2,1,37,37,9,6,0,0,0,1,0,1,18,0,0,5,7,3,0,-3.12,-0.8,9.4,0
1,42,1,9500,1,1,100.0,130.0,1,3,37,2,6,1,0,0,1,0,0,25,0,0,14,14,12,1,0.32,2.6,7.6,0
1,17,1,9085,1,1,120.0,116.1,1,2,3,2,2,0,0,0,1,0,0,20,0,0,5,12,3,2,-3.12,-0.8,9.4,0
1,17,2,9500,1,1,145.0,130.5,1,19,37,5,9,1,0,0,1,0,0,18,0,0,8,8,7,0,1.74,1.4,10.8,0
1,39,1,9670,1,1,120.0,104.0,1,34,34,0,0,1,0,0,1,0,0,24,0,0,5,10,3,0,0.32,2.6,7.6,1
1,17,2,9500,1,1,140.0,128.5,1,1,1,5,10,1,0,0,1,0,0,18,0,0,7,9,5,0,1.79,0.5,12.4,0
1,17,5,9238,1,1,134.0,126.0,1,38,37,9,9,0,0,1,0,0,0,21,0,0,6,10,5,0,0.79,-0.3,13.9,1
1,1,1,9773,1,1,140.0,141.1,1,1,19,5,10,1,0,0,1,0,0,18,0,0,6,6,6,0,-3.12,-0.8,9.4,0
1,17,2,9254,1,1,107.0,102.8,1,12,19,5,5,1,0,0,1,0,0,20,0,0,6,16,1,0,1.74,1.4,10.8,1
1,17,5,9147,1,1,133.0,129.2,1,1,1,4,4,1,0,0,1,0,0,19,0,0,5,9,2,0,0.32,2.6,7.6,1
1,1,1,9500,1,1,127.0,119.3,1,3,1,2,9,1,0,0,1,0,0,20,0,0,7,7,7,0,2.02,0.6,11.1,0
1,1,5,9500,1,1,141.0,126.3,1,38,19,9,6,1,0,0,1,0,0,20,0,0,8,12,7,0,-1.7,3.7,12.7,0
1,44,1,9085,1,39,140.0,140.0,1,3,1,4,3,1,0,0,1,0,1,20,0,2,6,11,6,0,1.79,0.5,12.4,0
1,1,3,9070,1,1,150.0,131.5,1,1,1,4,8,1,0,0,1,0,0,20,0,0,6,6,6,0,0.32,2.6,7.6,0
1,1,6,9853,1,1,140.0,137.6,1,38,38,9,7,1,0,0,1,0,0,18,0,0,6,7,6,0,1.74,1.4,10.8,1
1,1,1,171,1,1,141.0,142.8,1,3,1,4,4,1,0,0,1,0,0,18,0,0,0,0,0,0,1.79,0.5,12.4,0
4,39,1,9991,0,1,150.0,146.2,1,37,38,9,9,0,0,0,1,0,0,30,0,0,5,11,3,0,1.79,0.5,12.4,0
1,1,2,9085,1,1,160.0,162.1,1,4,19,2,5,1,0,0,1,0,0,18,0,0,5,8,5,2,-3.12,-0.8,9.4,0
1,39,1,9085,1,19,133.1,140.0,1,37,37,4,8,0,0,0,1,0,0,35,0,0,6,11,3,0,2.02,0.6,11.1,1
1,39,1,8014,0,1,133.1,120.0,1,19,37,7,8,0,0,1,0,0,0,31,0,0,6,14,2,0,2.02,0.6,11.1,1
1,43,1,9254,1,1,134.0,133.3,1,37,37,9,9,1,0,1,1,0,0,19,0,0,6,13,2,0,0.32,2.6,7.6,1
1,1,4,9238,1,1,130.0,124.8,1,1,19,4,5,1,0,0,1,0,0,19,0,0,6,6,6,0,3.51,1.4,8.9,0
1,17,4,9500,1,1,140.0,133.3,1,19,37,4,8,1,0,0,1,0,0,19,0,0,7,7,6,0,0.32,2.6,7.6,0
1,17,1,9500,1,1,145.0,141.8,1,3,3,2,3,0,0,0,1,0,0,19,0,0,8,8,8,0,-3.12,-0.8,9.4,0
1,1,3,9085,1,1,133.0,128.2,1,1,38,9,90,0,0,0,1,0,0,21,0,0,5,7,5,0,0.32,2.6,7.6,0
1,17,3,9853,1,1,133.1,115.0,1,34,34,0,0,0,0,0,1,0,0,18,0,0,6,10,2,0,0.32,2.6,7.6,1
1,17,1,9238,1,1,132.0,123.6,1,37,37,9,9,1,0,0,1,0,0,18,0,0,6,9,4,0,0.32,2.6,7.6,0
1,1,2,171,1,1,117.0,120.2,1,38,38,4,9,1,0,0,1,1,0,19,0,0,0,0,0,0,0.32,2.6,7.6,0
1,1,1,9670,1,1,127.0,127.0,1,3,19,3,9,1,0,0,1,1,0,18,0,0,6,9,6,0,1.79,0.5,12.4,0
1,17,1,9085,1,1,134.0,120.4,1,19,19,1,1,1,0,0,1,1,0,18,0,0,6,10,6,0,-0.92,0.3,16.2,0
1,39,1,9991,0,1,120.0,120.0,1,37,37,9,9,1,0,0,0,1,0,25,0,0,5,5,0,0,-3.12,-0.8,9.4,1
1,1,1,9500,1,1,136.0,120.0,1,2,2,3,3,1,0,0,1,1,0,18,0,0,7,8,6,0,0.32,2.6,7.6,0
1,1,3,171,1,1,137.0,133.9,1,1,3,5,2,1,0,0,1,1,0,19,0,0,0,0,0,0,-1.7,3.7,12.7,0
1,1,6,9500,1,1,118.0,113.5,1,38,19,3,3,1,0,0,1,1,0,18,0,0,7,7,7,0,1.79,0.5,12.4,0
1,39,1,9003,1,1,130.0,126.1,1,12,12,9,9,0,0,0,1,1,0,24,0,0,6,7,0,0,1.79,0.5,12.4,1
1,1,1,9238,1,1,124.0,121.2,1,37,37,7,9,0,0,0,1,0,0,19,0,0,6,12,2,0,0.32,2.6,7.6,0
5,7,1,9500,1,40,150.0,150.0,1,37,37,4,9,0,0,0,1,0,0,29,0,1,8,11,7,0,-1.7,3.7,12.7,0
1,43,1,9991,0,1,161.0,100.0,1,37,37,9,9,1,0,0,1,0,0,27,0,0,5,5,0,0,0.32,2.6,7.6,1
1,17,6,9500,1,1,143.0,127.3,1,38,1,9,10,1,0,0,1,0,0,18,0,0,7,8,7,0,2.02,0.6,11.1,0
2,43,1,9991,0,1,130.0,103.8,1,37,37,9,9,0,0,0,1,0,0,28,0,14,15,15,14,0,-3.12,-0.8,9.4,1
2,39,1,9853,1,19,133.1,131.0,1,37,37,9,9,0,0,0,1,0,1,32,0,0,7,10,7,0,0.79,-0.3,13.9,0
1,39,1,9991,0,1,110.0,133.9,1,37,37,7,7,0,0,0,1,0,0,30,0,0,5,7,5,0,1.74,1.4,10.8,1
1,7,1,9500,1,2,140.0,140.0,1,38,37,7,8,0,0,0,1,0,0,29,0,0,8,14,4,1,-1.7,3.7,12.7,1
1,1,2,9238,1,1,145.0,121.4,1,1,19,4,8,0,0,0,1,0,0,20,0,0,6,13,0,0,-3.12,-0.8,9.4,0
1,1,1,9500,1,1,131.0,122.0,1,1,1,9,9,0,0,0,1,0,0,19,0,0,8,8,7,0,-1.7,3.7,12.7,0
1,39,2,8014,0,1,141.0,150.5,1,37,37,9,9,0,0,0,1,0,0,29,0,0,6,7,6,0,1.79,0.5,12.4,0
2,1,1,9238,1,1,145.0,139.4,1,37,34,9,7,0,0,0,0,0,0,27,0,0,6,12,2,0,-3.12,-0.8,9.4,1
1,1,1,9238,1,1,122.0,112.6,1,19,19,193,194,0,0,0,1,0,0,19,0,0,6,0,0,0,1.79,0.5,12.4,1
1,17,1,9670,1,1,118.0,115.2,1,37,38,8,7,1,0,0,1,0,1,21,0,0,5,7,3,0,0.32,2.6,7.6,1
2,1,1,9991,0,1,150.0,131.8,1,37,37,9,9,0,0,0,0,0,0,29,0,0,5,6,4,0,1.74,1.4,10.8,1
2,43,1,9147,1,2,120.0,122.8,1,37,37,9,9,0,0,1,0,0,0,42,0,13,13,13,13,0,-4.06,2.8,15.5,1
1,1,1,9238,1,1,167.0,156.2,1,19,19,9,7,0,0,0,1,0,1,18,0,0,6,6,6,0,-4.06,2.8,15.5,0
1,39,1,9085,1,1,150.0,132.0,1,38,38,9,9,1,0,0,1,0,0,24,0,0,5,6,5,0,1.74,1.4,10.8,0
2,7,1,9500,1,3,130.0,130.0,1,37,37,9,5,0,0,0,1,0,0,32,0,0,7,9,7,0,-4.06,2.8,15.5,0
1,1,1,9147,1,1,151.0,138.4,1,37,1,4,10,0,0,0,1,0,0,18,0,0,5,6,4,0,1.74,1.4,10.8,0
1,39,1,9991,0,1,120.0,146.2,1,38,38,5,7,0,0,0,1,0,0,27,0,0,5,10,3,0,2.02,0.6,11.1,0
1,1,4,9500,1,1,168.0,166.0,1,38,1,9,10,1,0,0,1,0,0,18,0,0,8,8,8,0,-3.12,-0.8,9.4,0
1,17,3,9773,1,1,153.0,133.1,1,34,34,99,99,1,0,1,1,0,1,19,0,0,6,8,6,0,-3.12,-0.8,9.4,1
1,1,2,9773,1,1,131.0,121.9,1,19,37,9,10,1,0,0,1,0,1,18,0,0,6,7,6,0,2.02,0.6,11.1,0
1,5,4,9853,1,1,116.0,110.4,1,3,38,3,8,1,0,0,1,0,0,21,0,0,6,9,5,0,-3.12,-0.8,9.4,0
1,39,1,9147,1,1,160.0,121.4,1,38,38,7,9,0,1,0,1,0,1,26,0,0,5,8,4,0,-0.92,0.3,16.2,0
1,1,1,9254,1,1,152.0,137.0,1,37,19,9,9,1,0,0,1,0,1,22,0,0,6,9,6,0,-3.12,-0.8,9.4,0
2,39,1,9991,0,1,133.1,140.0,1,37,37,6,3,0,0,1,1,1,0,37,0,0,5,10,4,0,-3.12,-0.8,9.4,1
1,7,1,9085,1,3,150.0,140.0,1,19,37,90,90,0,0,0,1,1,0,24,0,3,5,10,3,1,0.32,2.6,7.6,1
1,18,2,9853,1,1,168.0,126.8,1,1,19,3,9,1,0,0,1,1,0,18,0,0,6,7,5,0,1.74,1.4,10.8,0
1,17,3,9500,1,1,137.0,124.8,1,1,1,4,10,1,0,0,1,1,1,19,0,0,7,11,6,0,-4.06,2.8,15.5,0
2,39,1,9130,1,19,133.1,120.0,1,2,1,8,8,1,0,1,0,1,0,28,0,0,6,12,1,0,-0.92,0.3,16.2,1
1,1,4,9500,1,1,160.0,133.0,1,37,37,7,7,1,0,0,1,1,1,18,0,0,8,8,7,0,-1.7,3.7,12.7,0
1,1,1,9070,1,1,145.0,127.5,1,1,38,5,7,1,0,0,1,1,0,20,0,0,6,6,4,0,1.74,1.4,10.8,0
1,1,1,9773,1,1,138.0,131.7,1,1,19,4,4,1,0,0,1,1,0,18,0,0,6,6,6,0,-4.06,2.8,15.5,0
2,39,1,9773,1,1,100.0,133.0,1,37,37,9,9,0,0,0,1,1,0,47,0,0,6,8,5,0,-1.7,3.7,12.7,1
2,43,1,9991,0,1,140.0,122.7,1,37,37,4,1,0,0,0,1,1,0,38,0,0,5,5,5,0,0.79,-0.3,13.9,0
1,1,1,9070,1,1,124.0,121.2,1,37,19,9,4,0,0,0,1,1,1,20,0,1,6,7,6,0,1.74,1.4,10.8,0
1,44,1,9130,1,39,150.0,150.0,1,37,37,9,3,1,0,0,1,1,0,21,0,1,6,8,6,0,0.79,-0.3,13.9,1
1,43,1,9070,1,1,125.0,133.4,1,19,19,7,8,1,0,0,1,1,1,19,0,4,6,6,4,0,0.79,-0.3,13.9,0
1,43,1,33,1,1,143.0,121.2,1,37,1,9,10,1,0,0,1,1,0,25,0,5,10,13,5,0,1.79,0.5,12.4,0
1,1,1,9130,1,1,137.0,129.3,1,3,38,3,5,1,0,0,1,0,0,18,0,0,5,6,5,1,-3.12,-0.8,9.4,0
4,39,1,9500,1,19,133.1,117.8,1,37,37,6,6,0,0,1,0,0,0,46,0,0,7,14,3,0,2.02,0.6,11.1,1
1,43,2,9500,1,1,136.0,131.3,1,38,38,9,5,0,0,0,1,0,0,23,0,11,14,15,12,1,0.32,2.6,7.6,0
1,1,1,9070,1,1,132.0,133.8,1,1,1,9,9,1,0,0,1,0,1,20,0,0,6,6,6,0,-0.92,0.3,16.2,0
1,44,1,9070,1,39,120.0,120.0,1,3,38,3,9,0,0,0,1,1,0,20,0,2,7,7,6,0,-0.92,0.3,16.2,0
1,1,6,9773,1,1,125.0,122.2,1,1,1,5,4,0,0,0,1,1,0,19,0,0,6,7,5,0,-4.06,2.8,15.5,0
1,1,2,9773,1,1,120.0,119.0,105,1,1,9,9,1,0,1,0,0,0,18,1,0,6,6,6,0,2.02,0.6,11.1,1
1,1,1,9500,1,1,154.0,149.5,1,37,37,9,9,1,0,0,1,0,1,30,0,0,7,8,7,0,0.79,-0.3,13.9,1
1,1,1,9147,1,1,180.0,153.8,1,37,37,7,4,1,0,0,1,0,1,20,0,0,5,5,5,0,-3.12,-0.8,9.4,0
1,10,1,9773,1,1,152.0,152.0,22,38,37,5,9,1,0,0,1,0,0,22,1,0,6,8,6,0,-1.7,3.7,12.7,0
